timestamp,user_id,device_id,resource,action,file_size_mb
2026-08-01 10:26:53.355211,u05,u05-laptop,it/asset_inventory.xlsx,read,0.29
2026-08-01 10:33:40.651804,u05,u05-laptop,it/scripts/,read,1.74
2026-08-01 10:34:50.289905,u05,u05-laptop,it/tickets/,read,0.8
2026-08-01 10:38:08.424275,u15,u15-laptop,it/scripts/,download,3.34
2026-08-01 10:41:23.686283,u15,u15-laptop,it/scripts/,write,7.41
2026-08-01 10:49:04.892035,u15,u15-laptop,it/asset_inventory.xlsx,read,8.88
2026-08-01 11:01:44.135338,u15,u15-laptop,it/scripts/,write,3.18
2026-08-01 11:02:49.920310,u15,u15-laptop,it/scripts/,read,5.07
2026-08-01 11:05:02.085078,u15,u15-laptop,it/tickets/,read,4.71
2026-08-01 11:05:54.429707,u15,u15-laptop,it/scripts/,read,7.36
2026-08-01 11:06:34.987668,u05,u05-laptop,it/tickets/,write,0.99
2026-08-01 11:06:40.021789,u05,u05-laptop,it/tickets/,write,0.97
2026-08-01 11:07:01.209561,u15,u15-laptop,it/scripts/,read,5.39
2026-08-01 11:07:58.829390,u08,u08-laptop,hr/onboarding/,download,1.94
2026-08-01 11:09:06.568836,u15,u15-laptop,it/tickets/,read,1.6
2026-08-01 11:13:10.183079,u05,u05-laptop,it/asset_inventory.xlsx,download,2.2
2026-08-01 11:13:27.201175,u15,u15-laptop,it/asset_inventory.xlsx,download,2.0
2026-08-01 11:14:41.045000,u15,u15-laptop,it/tickets/,read,2.73
2026-08-01 11:15:24.576271,u15,u15-laptop,it/asset_inventory.xlsx,download,3.21
2026-08-01 11:17:56.451660,u05,u05-laptop,it/tickets/,read,0.97
2026-08-01 11:20:54.162408,u08,u08-laptop,hr/policies/,read,3.34
2026-08-01 11:23:29.061992,u15,u15-laptop,it/scripts/,read,4.4
2026-08-01 11:23:51.906582,u15,u15-laptop,it/scripts/,read,1.84
2026-08-01 11:25:08.407195,u08,u08-laptop,hr/leave_records.xlsx,read,3.84
2026-08-01 11:29:02.424850,u05,u05-laptop,it/scripts/,read,1.17
2026-08-01 11:30:26.057820,u05,u05-laptop,it/tickets/,read,0.7
2026-08-01 11:31:30.923248,u06,u06-laptop,finance/expense_reports/,download,2.12
2026-08-01 11:32:46.242500,u15,u15-laptop,it/asset_inventory.xlsx,write,2.56
2026-08-01 11:33:25.978492,u06,u06-laptop,finance/general_ledger.xlsx,read,5.08
2026-08-01 11:33:33.919376,u06,u06-laptop,finance/general_ledger.xlsx,write,2.99
2026-08-01 11:34:31.864576,u06,u06-laptop,finance/vendor_invoices/,read,5.69
2026-08-01 11:36:15.520880,u15,u15-laptop,it/asset_inventory.xlsx,read,1.53
2026-08-01 11:37:06.422086,u15,u15-laptop,it/asset_inventory.xlsx,read,5.55
2026-08-01 11:37:09.414802,u08,u08-laptop,hr/leave_records.xlsx,read,2.3
2026-08-01 11:39:14.579428,u08,u08-laptop,hr/leave_records.xlsx,read,5.46
2026-08-01 11:39:36.469275,u06,u06-laptop,finance/general_ledger.xlsx,write,7.85
2026-08-01 11:43:35.174132,u15,u15-laptop,it/tickets/,read,2.37
2026-08-01 11:48:24.552275,u06,u06-laptop,finance/general_ledger.xlsx,read,7.97
2026-08-01 11:52:37.985070,u08,u08-laptop,hr/leave_records.xlsx,read,2.33
2026-08-01 11:53:04.543461,u15,u15-laptop,it/asset_inventory.xlsx,read,1.97
2026-08-01 11:54:24.280811,u15,u15-laptop,it/tickets/,download,5.06
2026-08-01 11:58:02.748123,u15,u15-laptop,it/tickets/,write,1.88
2026-08-01 12:00:49.949680,u15,u15-laptop,it/scripts/,write,3.91
2026-08-01 12:02:21.215901,u06,u06-laptop,finance/budget_2026.xlsx,write,3.87
2026-08-01 12:02:43.071046,u15,u15-laptop,it/tickets/,read,4.63
2026-08-01 12:04:21.332112,u15,u15-laptop,it/tickets/,download,7.32
2026-08-01 12:24:36.876271,u08,u08-laptop,hr/employee_records.db,read,4.29
2026-08-01 12:27:26.477723,u08,u08-laptop,hr/onboarding/,read,2.31
2026-08-01 12:29:49.266339,u06,u06-laptop,finance/general_ledger.xlsx,read,0.65
2026-08-01 12:31:36.697755,u08,u08-laptop,hr/onboarding/,read,9.78
2026-08-01 12:37:30.206096,u08,u08-laptop,hr/leave_records.xlsx,read,2.86
2026-08-01 12:39:12.755248,u06,u06-laptop,finance/expense_reports/,write,3.87
2026-08-01 12:39:26.464451,u08,u08-laptop,hr/onboarding/,read,3.1
2026-08-01 12:41:41.256180,u06,u06-laptop,finance/expense_reports/,download,7.04
2026-08-01 12:45:03.073506,u08,u08-laptop,hr/onboarding/,download,3.68
2026-08-01 12:45:07.412846,u06,u06-laptop,finance/vendor_invoices/,download,3.05
2026-08-01 12:50:27.985449,u08,u08-laptop,hr/onboarding/,read,4.02
2026-08-01 12:56:13.439601,u08,u08-laptop,hr/policies/,read,1.95
2026-08-01 12:58:49.826444,u08,u08-laptop,hr/onboarding/,read,1.0
2026-08-01 13:01:06.638332,u05,u05-laptop,it/scripts/,read,2.21
2026-08-01 13:08:29.270150,u08,u08-laptop,hr/onboarding/,write,3.02
2026-08-01 13:15:25.856155,u05,u05-laptop,it/admin_credentials.vault,read,1.97
2026-08-01 13:17:00.859460,u05,u05-laptop,it/tickets/,read,1.51
2026-08-01 13:19:42.561441,u08,u08-laptop,hr/policies/,read,3.69
2026-08-01 13:25:08.423352,u08,u08-laptop,hr/policies/,read,2.57
2026-08-01 13:34:11.346432,u08,u08-laptop,hr/onboarding/,read,3.5
2026-08-01 13:37:15.051382,u05,u05-laptop,it/scripts/,read,1.01
2026-08-01 13:45:26.729562,u05,u05-laptop,it/tickets/,read,0.54
2026-08-01 13:48:56.255002,u05,u05-laptop,it/tickets/,write,0.62
2026-08-01 13:52:47.392311,u05,u05-laptop,it/asset_inventory.xlsx,read,0.7
2026-08-01 13:54:29.384819,u05,u05-laptop,it/tickets/,write,2.37
2026-08-01 13:56:20.936638,u05,u05-laptop,it/scripts/,download,0.82
2026-08-01 14:15:31.986352,u05,u05-laptop,it/asset_inventory.xlsx,read,2.37
2026-08-01 14:17:38.430094,u05,u05-laptop,it/asset_inventory.xlsx,read,0.76
2026-08-02 08:26:34.143277,u03,u03-laptop,hr/leave_records.xlsx,read,2.58
2026-08-02 08:29:52.942666,u03,u03-laptop,hr/policies/,read,1.61
2026-08-02 08:30:09.759944,u03,u03-laptop,hr/policies/,read,1.33
2026-08-02 08:41:47.291155,u03,u03-laptop,hr/onboarding/,read,1.55
2026-08-02 08:48:33.499378,u01,u01-mobile,finance/budget_2026.xlsx,read,0.95
2026-08-02 08:49:25.284716,u03,u03-laptop,hr/policies/,write,1.39
2026-08-02 08:50:36.963003,u03,u03-laptop,hr/policies/,read,2.21
2026-08-02 08:53:23.617017,u03,u03-laptop,hr/leave_records.xlsx,write,1.13
2026-08-02 09:03:15.449959,u01,u01-mobile,finance/vendor_invoices/,read,1.86
2026-08-02 09:06:11.903956,u06,u06-laptop,finance/expense_reports/,read,3.75
2026-08-02 09:06:40.617045,u06,u06-laptop,finance/expense_reports/,write,3.35
2026-08-02 09:14:17.085250,u06,u06-laptop,finance/budget_2026.xlsx,write,4.88
2026-08-02 09:14:57.547941,u01,u01-mobile,finance/budget_2026.xlsx,write,0.76
2026-08-02 09:17:04.097822,u03,u03-laptop,hr/policies/,read,3.78
2026-08-02 09:17:46.985074,u03,u03-laptop,hr/leave_records.xlsx,download,6.12
2026-08-02 09:18:17.932099,u06,u06-laptop,finance/expense_reports/,read,5.35
2026-08-02 09:22:12.867075,u01,u01-mobile,finance/general_ledger.xlsx,read,2.31
2026-08-02 09:23:03.779257,u06,u06-laptop,finance/vendor_invoices/,read,1.9
2026-08-02 09:23:28.140324,u01,u01-mobile,finance/budget_2026.xlsx,write,3.12
2026-08-02 09:23:30.246435,u06,u06-laptop,finance/expense_reports/,read,4.33
2026-08-02 09:34:31.453976,u01,u01-mobile,finance/expense_reports/,read,1.01
2026-08-02 09:35:51.636375,u06,u06-laptop,finance/budget_2026.xlsx,write,6.03
2026-08-02 09:39:15.250303,u01,u01-mobile,finance/general_ledger.xlsx,read,4.77
2026-08-02 09:39:24.826456,u03,u03-laptop,hr/policies/,read,1.91
2026-08-02 09:40:34.608725,u07,u07-laptop,eng/design_docs/,read,5.79
2026-08-02 09:41:20.390194,u06,u06-laptop,finance/expense_reports/,write,5.08
2026-08-02 09:42:17.705320,u07,u07-laptop,eng/repo/frontend/,read,9.93
2026-08-02 09:42:26.171492,u01,u01-mobile,finance/budget_2026.xlsx,read,2.5
2026-08-02 09:42:36.173789,u03,u03-laptop,hr/policies/,read,1.55
2026-08-02 09:43:11.419766,u01,u01-mobile,finance/general_ledger.xlsx,read,2.07
2026-08-02 09:43:43.880504,u14,u14-laptop,sales/decks/,write,0.83
2026-08-02 09:45:42.324467,u06,u06-laptop,finance/general_ledger.xlsx,read,2.76
2026-08-02 09:45:46.540370,u14,u14-laptop,sales/contracts/,read,1.23
2026-08-02 09:46:33.274765,u01,u01-mobile,finance/vendor_invoices/,read,1.74
2026-08-02 09:47:32.394942,u01,u01-mobile,finance/general_ledger.xlsx,write,0.87
2026-08-02 09:51:36.717755,u06,u06-laptop,finance/general_ledger.xlsx,read,2.74
2026-08-02 09:53:14.888399,u06,u06-laptop,finance/expense_reports/,download,6.71
2026-08-02 09:53:46.486627,u06,u06-laptop,finance/expense_reports/,read,2.06
2026-08-02 09:54:00.603014,u03,u03-laptop,hr/leave_records.xlsx,write,3.31
2026-08-02 09:56:22.606105,u07,u07-laptop,eng/ci_logs/,write,0.98
2026-08-02 09:56:53.628149,u14,u14-laptop,sales/contracts/,read,1.6
2026-08-02 09:57:09.426979,u06,u06-laptop,finance/budget_2026.xlsx,read,2.23
2026-08-02 09:58:44.683901,u07,u07-laptop,eng/repo/backend/,read,3.33
2026-08-02 10:01:47.635434,u06,u06-laptop,finance/budget_2026.xlsx,read,3.08
2026-08-02 10:02:05.011116,u06,u06-laptop,finance/general_ledger.xlsx,read,4.55
2026-08-02 10:03:31.622689,u14,u14-laptop,sales/contracts/,write,0.72
2026-08-02 10:07:21.542414,u14,u14-laptop,sales/contracts/,read,1.08
2026-08-02 10:08:15.367615,u14,u14-laptop,sales/contracts/,read,4.49
2026-08-02 10:09:18.246894,u13,u13-laptop,hr/leave_records.xlsx,read,0.96
2026-08-02 10:10:29.791017,u14,u14-laptop,sales/pipeline.xlsx,read,1.99
2026-08-02 10:10:30.388894,u13,u13-laptop,hr/onboarding/,read,1.57
2026-08-02 10:12:33.602542,u13,u13-laptop,hr/leave_records.xlsx,read,0.6
2026-08-02 10:13:17.495132,u14,u14-laptop,sales/pipeline.xlsx,read,0.68
2026-08-02 10:13:55.076554,u06,u06-laptop,finance/expense_reports/,read,2.19
2026-08-02 10:14:11.436046,u13,u13-laptop,hr/policies/,write,2.88
2026-08-02 10:15:11.811554,u13,u13-laptop,hr/leave_records.xlsx,read,2.72
2026-08-02 10:15:29.522134,u07,u07-laptop,eng/design_docs/,download,4.61
2026-08-02 10:15:51.355145,u02,u02-laptop,eng/ci_logs/,read,1.34
2026-08-02 10:15:53.883218,u07,u07-laptop,eng/ci_logs/,download,7.75
2026-08-02 10:16:04.347552,u06,u06-laptop,finance/general_ledger.xlsx,read,3.86
2026-08-02 10:16:50.183138,u02,u02-laptop,eng/design_docs/,read,1.54
2026-08-02 10:18:04.364879,u07,u07-laptop,eng/design_docs/,read,5.45
2026-08-02 10:18:57.867182,u02,u02-laptop,eng/repo/frontend/,write,2.14
2026-08-02 10:21:05.634926,u09,u09-mobile,sales/decks/,read,0.88
2026-08-02 10:21:30.225661,u06,u06-laptop,finance/general_ledger.xlsx,read,4.5
2026-08-02 10:21:34.297014,u09,u09-mobile,sales/pipeline.xlsx,read,2.35
2026-08-02 10:21:35.623559,u02,u02-laptop,eng/design_docs/,write,1.33
2026-08-02 10:22:29.054748,u14,u14-laptop,sales/decks/,read,0.64
2026-08-02 10:23:25.299987,u14,u14-laptop,sales/pipeline.xlsx,write,1.87
2026-08-02 10:23:27.485702,u09,u09-mobile,sales/decks/,download,0.66
2026-08-02 10:24:01.737391,u07,u07-laptop,eng/ci_logs/,read,2.86
2026-08-02 10:24:12.283841,u09,u09-mobile,sales/decks/,read,5.17
2026-08-02 10:24:31.608566,u09,u09-mobile,sales/pipeline.xlsx,read,0.62
2026-08-02 10:26:19.359483,u07,u07-laptop,eng/repo/backend/,read,2.85
2026-08-02 10:27:12.229318,u07,u07-laptop,eng/ci_logs/,read,7.36
2026-08-02 10:27:16.140083,u09,u09-mobile,sales/contracts/,read,0.69
2026-08-02 10:29:56.632034,u02,u02-laptop,eng/repo/backend/,read,8.24
2026-08-02 10:31:07.910168,u09,u09-mobile,sales/decks/,write,1.3
2026-08-02 10:32:54.438739,u13,u13-laptop,hr/leave_records.xlsx,read,2.24
2026-08-02 10:34:39.175970,u02,u02-laptop,eng/repo/backend/,write,1.78
2026-08-02 10:35:15.739104,u13,u13-laptop,hr/leave_records.xlsx,read,2.06
2026-08-02 10:35:40.428106,u09,u09-mobile,sales/contracts/,read,1.32
2026-08-02 10:36:01.379570,u09,u09-mobile,sales/decks/,read,1.2
2026-08-02 10:36:17.225601,u09,u09-mobile,sales/decks/,read,1.73
2026-08-02 10:36:53.597480,u09,u09-mobile,sales/decks/,read,2.64
2026-08-02 10:39:27.167656,u13,u13-laptop,hr/leave_records.xlsx,read,1.74
2026-08-02 10:39:52.993821,u02,u02-laptop,eng/repo/backend/,read,1.55
2026-08-02 10:40:31.666572,u13,u13-laptop,hr/leave_records.xlsx,read,5.43
2026-08-02 10:41:23.184073,u07,u07-laptop,eng/repo/frontend/,read,3.42
2026-08-02 10:41:33.051815,u14,u14-laptop,sales/pipeline.xlsx,read,0.88
2026-08-02 10:41:33.126693,u07,u07-laptop,eng/ci_logs/,read,5.52
2026-08-02 10:41:54.249599,u13,u13-laptop,hr/onboarding/,download,2.44
2026-08-02 10:43:20.381229,u09,u09-mobile,sales/decks/,download,1.77
2026-08-02 10:44:09.251723,u13,u13-laptop,hr/onboarding/,write,3.77
2026-08-02 10:45:16.614892,u07,u07-laptop,eng/ci_logs/,write,2.28
2026-08-02 10:45:56.460625,u02,u02-laptop,eng/repo/frontend/,read,2.12
2026-08-02 10:46:10.538981,u13,u13-laptop,hr/onboarding/,read,2.03
2026-08-02 10:46:52.839848,u13,u13-laptop,hr/onboarding/,read,3.38
2026-08-02 10:48:07.448472,u07,u07-laptop,eng/ci_logs/,read,4.8
2026-08-02 10:49:31.886884,u14,u14-laptop,sales/pipeline.xlsx,read,0.86
2026-08-02 10:50:26.436417,u09,u09-mobile,sales/decks/,read,1.61
2026-08-02 10:51:03.450648,u14,u14-laptop,sales/decks/,read,2.79
2026-08-02 10:52:11.133676,u14,u14-laptop,sales/contracts/,write,2.03
2026-08-02 10:54:03.479910,u09,u09-mobile,sales/decks/,read,3.71
2026-08-02 10:54:20.862055,u02,u02-laptop,eng/repo/backend/,read,0.67
2026-08-02 10:57:50.927539,u13,u13-laptop,hr/onboarding/,read,2.1
2026-08-02 11:02:14.115665,u13,u13-laptop,hr/leave_records.xlsx,read,3.46
2026-08-02 11:03:09.624461,u13,u13-laptop,hr/policies/,read,1.69
2026-08-02 11:09:43.158089,u09,u09-mobile,sales/contracts/,read,1.85
2026-08-02 11:09:49.926967,u02,u02-laptop,eng/repo/backend/,write,3.09
2026-08-02 11:10:11.834537,u09,u09-mobile,sales/decks/,read,3.88
2026-08-02 11:12:42.931726,u01,u01-mobile,finance/general_ledger.xlsx,write,2.15
2026-08-02 11:13:40.380631,u13,u13-laptop,hr/leave_records.xlsx,read,1.29
2026-08-02 11:14:27.188936,u02,u02-laptop,eng/design_docs/,read,3.1
2026-08-02 11:15:43.115183,u09,u09-mobile,sales/decks/,read,0.91
2026-08-02 11:16:31.064853,u09,u09-mobile,sales/pipeline.xlsx,write,4.37
2026-08-02 11:18:45.968971,u02,u02-laptop,eng/repo/backend/,read,0.78
2026-08-02 11:20:15.301984,u09,u09-mobile,sales/decks/,read,3.5
2026-08-02 11:20:46.212533,u09,u09-mobile,sales/pipeline.xlsx,read,1.58
2026-08-02 11:22:47.739479,u09,u09-mobile,sales/decks/,read,2.1
2026-08-02 11:25:28.553675,u13,u13-laptop,hr/onboarding/,read,6.42
2026-08-02 11:26:23.355784,u09,u09-mobile,sales/contracts/,download,2.5
2026-08-02 11:26:51.815643,u09,u09-mobile,sales/pipeline.xlsx,read,1.1
2026-08-02 11:27:52.611887,u02,u02-laptop,eng/repo/backend/,read,1.08
2026-08-02 11:29:24.067439,u09,u09-mobile,sales/decks/,read,3.62
2026-08-02 11:29:45.848290,u13,u13-laptop,hr/onboarding/,write,7.78
2026-08-02 11:30:29.323515,u02,u02-laptop,eng/design_docs/,write,1.29
2026-08-02 11:33:00.905637,u02,u02-laptop,eng/ci_logs/,write,3.95
2026-08-02 11:36:28.219349,u09,u09-mobile,sales/contracts/,read,0.78
2026-08-02 11:37:23.951109,u02,u02-laptop,eng/repo/backend/,download,2.16
2026-08-02 11:41:01.667525,u01,u01-mobile,finance/expense_reports/,read,2.08
2026-08-02 11:41:52.961532,u01,u01-mobile,finance/general_ledger.xlsx,write,1.36
2026-08-02 11:50:23.761078,u01,u01-mobile,finance/general_ledger.xlsx,read,2.07
2026-08-02 11:58:06.415660,u02,u02-laptop,eng/repo/frontend/,read,1.55
2026-08-02 12:05:48.622996,u02,u02-laptop,eng/repo/frontend/,read,3.45
2026-08-02 12:06:48.767149,u02,u02-laptop,eng/design_docs/,read,1.39
2026-08-02 12:18:21.728864,u01,u01-mobile,finance/vendor_invoices/,read,2.39
2026-08-02 12:28:21.518452,u02,u02-laptop,eng/design_docs/,download,3.01
2026-08-02 12:31:22.404090,u01,u01-mobile,finance/expense_reports/,write,0.82
2026-08-02 12:41:23.517255,u02,u02-laptop,eng/design_docs/,write,1.68
2026-08-02 12:50:26.746398,u07,u07-laptop,eng/ci_logs/,write,3.12
2026-08-02 12:50:51.976168,u02,u02-laptop,eng/ci_logs/,write,2.78
2026-08-02 13:00:23.301346,u02,u02-laptop,eng/repo/frontend/,read,1.0
2026-08-02 13:06:02.759915,u07,u07-laptop,eng/ci_logs/,read,1.44
2026-08-02 13:11:33.759497,u07,u07-laptop,eng/design_docs/,write,6.17
2026-08-02 13:39:54.316681,u07,u07-laptop,eng/repo/frontend/,read,3.21
2026-08-02 13:42:43.027492,u07,u07-laptop,eng/ci_logs/,read,1.52
2026-08-02 13:44:22.306822,u07,u07-laptop,eng/repo/frontend/,write,5.49
2026-08-02 13:48:09.241851,u07,u07-laptop,eng/ci_logs/,read,3.55
2026-08-02 20:13:32.176124,u10,u10-laptop,it/asset_inventory.xlsx,read,2.11
2026-08-02 20:15:40.279287,u10,u10-laptop,it/tickets/,read,4.5
2026-08-02 20:16:17.938071,u10,u10-laptop,it/scripts/,read,2.29
2026-08-02 20:19:47.663399,u10,u10-laptop,it/tickets/,read,2.53
2026-08-02 20:20:17.132589,u10,u10-laptop,it/scripts/,read,0.74
2026-08-02 20:20:26.902845,u10,u10-laptop,it/asset_inventory.xlsx,download,2.13
2026-08-02 20:28:31.705038,u10,u10-laptop,it/tickets/,write,0.77
2026-08-02 20:36:31.939664,u10,u10-laptop,it/scripts/,read,1.66
2026-08-02 21:00:05.575016,u10,u10-laptop,it/scripts/,read,1.61
2026-08-02 21:01:52.973707,u10,u10-laptop,it/tickets/,read,0.96
2026-08-02 21:03:49.412982,u10,u10-laptop,it/tickets/,read,1.25
2026-08-02 21:03:54.524761,u10,u10-laptop,it/scripts/,read,1.64
2026-08-02 21:05:55.966242,u10,u10-laptop,it/scripts/,write,4.17
2026-08-02 21:10:28.175127,u10,u10-laptop,it/tickets/,read,3.01
2026-08-02 21:11:18.523725,u10,u10-laptop,it/scripts/,read,0.61
2026-08-02 21:21:48.351710,u10,u10-laptop,it/scripts/,read,0.94
2026-08-02 21:31:46.963046,u10,u10-laptop,it/tickets/,download,0.9
2026-08-02 21:32:34.257305,u10,u10-laptop,it/asset_inventory.xlsx,read,1.77
2026-08-02 21:36:14.091923,u10,u10-laptop,it/asset_inventory.xlsx,read,0.49
2026-08-02 21:39:31.523121,u10,u10-laptop,it/scripts/,read,1.63
2026-08-03 07:19:13.177648,u08,u08-laptop,hr/leave_records.xlsx,download,2.25
2026-08-03 08:03:24.548721,u08,u08-laptop,hr/leave_records.xlsx,read,4.61
2026-08-03 08:08:50.985675,u04,u04-laptop,sales/pipeline.xlsx,read,2.63
2026-08-03 08:10:16.257972,u08,u08-laptop,hr/leave_records.xlsx,read,1.51
2026-08-03 08:13:51.433358,u08,u08-laptop,hr/leave_records.xlsx,read,2.94
2026-08-03 08:13:56.101399,u13,u13-mobile,hr/leave_records.xlsx,download,1.26
2026-08-03 08:16:42.610504,u09,u09-mobile,sales/decks/,read,1.97
2026-08-03 08:18:02.528028,u09,u09-mobile,sales/pipeline.xlsx,read,3.23
2026-08-03 08:19:42.745683,u13,u13-mobile,hr/policies/,read,9.62
2026-08-03 08:21:41.379041,u04,u04-laptop,sales/contracts/,read,4.59
2026-08-03 08:25:52.306893,u13,u13-mobile,hr/policies/,read,3.95
2026-08-03 08:35:19.564507,u09,u09-mobile,sales/pipeline.xlsx,read,2.54
2026-08-03 08:38:13.827332,u09,u09-mobile,sales/pipeline.xlsx,write,4.73
2026-08-03 08:39:09.157661,u13,u13-mobile,hr/policies/,read,2.51
2026-08-03 08:39:57.690257,u07,u07-laptop,eng/ci_logs/,read,2.3
2026-08-03 08:41:01.443427,u12,u12-laptop,eng/design_docs/,read,3.81
2026-08-03 08:42:36.633492,u15,u15-laptop,it/tickets/,write,6.96
2026-08-03 08:45:44.812680,u04,u04-laptop,sales/contracts/,read,5.94
2026-08-03 08:46:40.125896,u13,u13-mobile,hr/policies/,write,2.44
2026-08-03 08:49:06.359440,u15,u15-laptop,it/scripts/,read,1.97
2026-08-03 08:50:55.730858,u12,u12-laptop,eng/ci_logs/,read,1.3
2026-08-03 08:55:56.249895,u13,u13-mobile,hr/leave_records.xlsx,read,2.38
2026-08-03 08:56:54.714999,u12,u12-laptop,eng/ci_logs/,download,2.38
2026-08-03 08:58:19.885426,u07,u07-laptop,eng/repo/frontend/,read,13.72
2026-08-03 09:00:45.921526,u13,u13-mobile,hr/leave_records.xlsx,read,4.95
2026-08-03 09:01:00.285290,u13,u13-mobile,hr/policies/,write,1.98
2026-08-03 09:04:53.943315,u02,u02-laptop,eng/repo/backend/,write,2.11
2026-08-03 09:08:34.615756,u13,u13-mobile,hr/onboarding/,read,2.6
2026-08-03 09:08:42.863601,u13,u13-mobile,hr/policies/,read,1.24
2026-08-03 09:11:09.801675,u07,u07-laptop,eng/repo/frontend/,download,5.17
2026-08-03 09:12:15.486704,u12,u12-laptop,eng/repo/frontend/,read,2.36
2026-08-03 09:14:05.258926,u13,u13-mobile,hr/leave_records.xlsx,read,2.43
2026-08-03 09:16:14.120119,u15,u15-laptop,it/tickets/,write,3.37
2026-08-03 09:17:27.706134,u04,u04-laptop,sales/pipeline.xlsx,read,9.17
2026-08-03 09:18:24.035243,u08,u08-laptop,hr/leave_records.xlsx,write,3.06
2026-08-03 09:22:16.131599,u14,u14-laptop,sales/pipeline.xlsx,read,1.22
2026-08-03 09:22:45.679639,u13,u13-mobile,hr/policies/,write,3.66
2026-08-03 09:23:00.228629,u07,u07-laptop,eng/repo/backend/,read,14.98
2026-08-03 09:24:54.502328,u11,u11-laptop,finance/expense_reports/,read,0.62
2026-08-03 09:28:17.284707,u12,u12-laptop,eng/ci_logs/,read,5.63
2026-08-03 09:28:56.428645,u04,u04-laptop,sales/contracts/,read,2.57
2026-08-03 09:29:41.198949,u14,u14-laptop,sales/contracts/,read,0.41
2026-08-03 09:30:44.956474,u11,u11-laptop,finance/general_ledger.xlsx,write,3.06
2026-08-03 09:32:51.228542,u07,u07-laptop,eng/design_docs/,read,5.21
2026-08-03 09:33:29.842006,u07,u07-laptop,eng/ci_logs/,read,1.61
2026-08-03 09:33:54.797456,u07,u07-laptop,eng/repo/frontend/,read,1.82
2026-08-03 09:34:22.397328,u14,u14-laptop,sales/decks/,read,0.27
2026-08-03 09:36:00.203496,u08,u08-laptop,hr/policies/,download,1.7
2026-08-03 09:37:45.540982,u11,u11-laptop,finance/general_ledger.xlsx,read,7.21
2026-08-03 09:38:23.436757,u07,u07-laptop,eng/ci_logs/,read,10.08
2026-08-03 09:39:00.597411,u12,u12-laptop,eng/design_docs/,read,3.59
2026-08-03 09:39:45.062698,u09,u09-mobile,sales/contracts/,read,1.31
2026-08-03 09:40:09.508184,u08,u08-laptop,hr/onboarding/,read,13.9
2026-08-03 09:40:55.628611,u05,u05-laptop,it/asset_inventory.xlsx,download,0.52
2026-08-03 09:41:49.282812,u01,u01-mobile,finance/expense_reports/,read,1.48
2026-08-03 09:41:51.160482,u01,u01-mobile,finance/expense_reports/,read,2.73
2026-08-03 09:42:12.839208,u15,u15-laptop,it/scripts/,download,3.83
2026-08-03 09:42:54.909214,u13,u13-mobile,hr/policies/,download,2.48
2026-08-03 09:46:28.253695,u15,u15-laptop,it/asset_inventory.xlsx,write,9.39
2026-08-03 09:47:23.747309,u14,u14-laptop,sales/pipeline.xlsx,read,0.53
2026-08-03 09:48:27.529459,u01,u01-mobile,finance/expense_reports/,read,1.76
2026-08-03 09:49:03.432649,u05,u05-laptop,it/asset_inventory.xlsx,write,2.17
2026-08-03 09:49:54.948229,u05,u05-laptop,it/asset_inventory.xlsx,read,1.0
2026-08-03 09:50:27.901716,u01,u01-mobile,finance/vendor_invoices/,read,1.01
2026-08-03 09:50:47.377265,u01,u01-mobile,finance/general_ledger.xlsx,read,1.13
2026-08-03 09:51:42.276103,u03,u03-laptop,hr/policies/,write,0.71
2026-08-03 09:52:52.698768,u13,u13-mobile,hr/leave_records.xlsx,write,5.85
2026-08-03 09:54:28.373909,u03,u03-laptop,hr/policies/,write,1.92
2026-08-03 09:55:12.841238,u05,u05-laptop,it/scripts/,download,4.63
2026-08-03 09:56:40.726912,u01,u01-mobile,finance/general_ledger.xlsx,read,2.35
2026-08-03 09:57:56.095564,u07,u07-laptop,eng/design_docs/,write,4.65
2026-08-03 09:58:31.339448,u06,u06-laptop,finance/general_ledger.xlsx,read,1.4
2026-08-03 09:58:41.948983,u09,u09-mobile,sales/pipeline.xlsx,download,2.09
2026-08-03 09:59:27.790964,u05,u05-laptop,it/asset_inventory.xlsx,write,0.85
2026-08-03 09:59:37.433273,u05,u05-laptop,it/scripts/,read,2.49
2026-08-03 09:59:39.680615,u14,u14-laptop,sales/pipeline.xlsx,download,0.83
2026-08-03 10:00:13.953714,u04,u04-laptop,sales/contracts/,read,0.61
2026-08-03 10:02:38.283096,u01,u01-mobile,finance/budget_2026.xlsx,write,1.97
2026-08-03 10:02:39.147061,u14,u14-laptop,sales/pipeline.xlsx,download,0.64
2026-08-03 10:04:30.374456,u14,u14-laptop,sales/decks/,read,0.28
2026-08-03 10:05:39.592601,u11,u11-laptop,finance/general_ledger.xlsx,read,2.34
2026-08-03 10:05:59.939297,u02,u02-laptop,eng/repo/backend/,read,1.43
2026-08-03 10:06:38.265873,u15,u15-laptop,it/scripts/,write,5.27
2026-08-03 10:07:22.165452,u14,u14-laptop,sales/pipeline.xlsx,read,2.14
2026-08-03 10:07:56.666709,u05,u05-laptop,it/asset_inventory.xlsx,read,0.48
2026-08-03 10:08:36.945339,u02,u02-laptop,eng/design_docs/,read,2.2
2026-08-03 10:09:10.776641,u04,u04-laptop,sales/pipeline.xlsx,read,14.13
2026-08-03 10:10:34.198557,u08,u08-laptop,hr/leave_records.xlsx,read,2.84
2026-08-03 10:10:40.799711,u14,u14-laptop,sales/decks/,read,2.18
2026-08-03 10:12:50.556732,u02,u02-laptop,eng/design_docs/,write,2.85
2026-08-03 10:14:18.794448,u15,u15-laptop,it/scripts/,read,4.01
2026-08-03 10:16:07.121814,u01,u01-mobile,finance/expense_reports/,write,4.12
2026-08-03 10:16:53.126686,u05,u05-laptop,it/tickets/,read,1.36
2026-08-03 10:17:38.048187,u11,u11-laptop,finance/general_ledger.xlsx,read,3.83
2026-08-03 10:19:12.626316,u07,u07-laptop,eng/repo/frontend/,read,6.92
2026-08-03 10:19:26.910674,u06,u06-laptop,finance/general_ledger.xlsx,write,4.53
2026-08-03 10:20:05.224062,u09,u09-mobile,sales/contracts/,read,1.45
2026-08-03 10:21:14.267259,u14,u14-laptop,sales/contracts/,read,0.64
2026-08-03 10:21:14.286564,u14,u14-laptop,sales/contracts/,read,1.05
2026-08-03 10:22:05.923622,u07,u07-laptop,eng/repo/backend/,read,6.51
2026-08-03 10:22:43.495702,u14,u14-laptop,sales/decks/,read,1.28
2026-08-03 10:24:51.640073,u08,u08-laptop,hr/policies/,write,1.4
2026-08-03 10:24:54.102996,u04,u04-laptop,sales/decks/,read,0.87
2026-08-03 10:26:07.093757,u08,u08-laptop,hr/onboarding/,read,3.95
2026-08-03 10:26:35.776535,u01,u01-mobile,finance/budget_2026.xlsx,read,2.14
2026-08-03 10:27:21.245086,u15,u15-laptop,it/tickets/,read,1.92
2026-08-03 10:27:23.977336,u03,u03-laptop,hr/onboarding/,download,4.62
2026-08-03 10:27:53.897377,u13,u13-mobile,hr/leave_records.xlsx,read,2.1
2026-08-03 10:28:04.347254,u08,u08-laptop,hr/policies/,read,2.61
2026-08-03 10:28:16.739819,u14,u14-laptop,sales/decks/,read,0.55
2026-08-03 10:28:22.874270,u04,u04-laptop,sales/contracts/,read,6.96
2026-08-03 10:28:36.968974,u08,u08-laptop,hr/policies/,write,4.24
2026-08-03 10:28:57.503152,u08,u08-laptop,hr/onboarding/,read,2.0
2026-08-03 10:29:08.324052,u08,u08-laptop,hr/policies/,read,0.93
2026-08-03 10:29:19.834170,u15,u15-laptop,it/asset_inventory.xlsx,read,4.56
2026-08-03 10:30:46.610897,u14,u14-laptop,sales/contracts/,read,3.72
2026-08-03 10:32:02.078373,u07,u07-laptop,eng/repo/backend/,read,4.76
2026-08-03 10:32:44.077785,u14,u14-laptop,sales/pipeline.xlsx,read,0.85
2026-08-03 10:33:16.766719,u11,u11-laptop,finance/vendor_invoices/,read,3.08
2026-08-03 10:33:27.869295,u07,u07-laptop,eng/design_docs/,read,5.62
2026-08-03 10:33:38.406224,u15,u15-laptop,it/asset_inventory.xlsx,read,4.99
2026-08-03 10:33:54.771276,u05,u05-laptop,it/tickets/,read,1.93
2026-08-03 10:34:33.662867,u03,u03-laptop,hr/policies/,write,0.94
2026-08-03 10:34:34.835846,u07,u07-laptop,eng/ci_logs/,read,6.42
2026-08-03 10:34:43.876528,u13,u13-mobile,hr/leave_records.xlsx,read,1.57
2026-08-03 10:34:46.400497,u14,u14-laptop,sales/contracts/,read,0.33
2026-08-03 10:36:16.845212,u08,u08-laptop,hr/onboarding/,download,6.67
2026-08-03 10:36:40.590862,u06,u06-laptop,finance/expense_reports/,read,4.5
2026-08-03 10:38:17.960584,u02,u02-laptop,eng/repo/frontend/,read,3.82
2026-08-03 10:39:41.411312,u06,u06-laptop,finance/general_ledger.xlsx,read,5.25
2026-08-03 10:42:15.132781,u15,u15-laptop,it/asset_inventory.xlsx,write,6.92
2026-08-03 10:44:06.475681,u01,u01-mobile,finance/budget_2026.xlsx,write,1.8
2026-08-03 10:45:08.087379,u04,u04-laptop,sales/pipeline.xlsx,read,1.56
2026-08-03 10:45:10.762038,u15,u15-laptop,it/tickets/,read,4.78
2026-08-03 10:45:37.296605,u12,u12-laptop,eng/ci_logs/,read,2.25
2026-08-03 10:45:48.584994,u08,u08-laptop,hr/policies/,read,3.57
2026-08-03 10:45:53.817423,u01,u01-mobile,finance/expense_reports/,read,5.31
2026-08-03 10:46:25.905639,u11,u11-laptop,finance/expense_reports/,write,0.72
2026-08-03 10:46:35.325936,u15,u15-laptop,it/tickets/,write,1.53
2026-08-03 10:46:44.194854,u15,u15-laptop,it/scripts/,read,1.96
2026-08-03 10:47:33.714547,u01,u01-mobile,finance/vendor_invoices/,read,1.84
2026-08-03 10:48:28.364737,u07,u07-laptop,eng/ci_logs/,write,1.4
2026-08-03 10:49:04.435312,u01,u01-mobile,finance/budget_2026.xlsx,write,0.35
2026-08-03 10:49:24.816636,u15,u15-laptop,it/tickets/,read,2.94
2026-08-03 10:49:59.339782,u15,u15-laptop,it/asset_inventory.xlsx,write,3.74
2026-08-03 10:50:37.347840,u15,u15-laptop,it/tickets/,read,7.64
2026-08-03 10:50:45.743882,u08,u08-laptop,hr/policies/,download,2.72
2026-08-03 10:51:12.095314,u07,u07-laptop,eng/ci_logs/,read,5.61
2026-08-03 10:51:24.108372,u06,u06-laptop,finance/budget_2026.xlsx,write,2.11
2026-08-03 10:51:47.181641,u15,u15-laptop,it/tickets/,write,1.91
2026-08-03 10:53:39.887559,u08,u08-laptop,hr/leave_records.xlsx,read,2.09
2026-08-03 10:54:28.426922,u02,u02-laptop,eng/design_docs/,read,3.67
2026-08-03 10:59:08.516160,u15,u15-laptop,it/asset_inventory.xlsx,download,7.85
2026-08-03 11:01:00.923286,u01,u01-mobile,finance/vendor_invoices/,read,1.22
2026-08-03 11:01:32.260721,u05,u05-laptop,it/tickets/,read,1.55
2026-08-03 11:02:41.835150,u06,u06-laptop,finance/expense_reports/,read,0.98
2026-08-03 11:03:05.935903,u15,u15-laptop,it/scripts/,read,3.49
2026-08-03 11:03:26.851860,u06,u06-laptop,finance/vendor_invoices/,read,2.98
2026-08-03 11:05:11.930635,u06,u06-laptop,finance/expense_reports/,read,3.47
2026-08-03 11:07:14.585014,u09,u09-mobile,sales/decks/,write,2.75
2026-08-03 11:10:03.605452,u06,u06-laptop,finance/vendor_invoices/,read,3.92
2026-08-03 11:11:05.870421,u02,u02-laptop,eng/ci_logs/,download,4.34
2026-08-03 11:12:42.413923,u08,u08-laptop,hr/policies/,download,7.3
2026-08-03 11:12:53.181732,u02,u02-laptop,eng/design_docs/,download,2.79
2026-08-03 11:13:45.962811,u08,u08-laptop,hr/leave_records.xlsx,read,2.36
2026-08-03 11:14:10.085279,u12,u12-laptop,eng/repo/backend/,read,2.5
2026-08-03 11:14:40.875157,u12,u12-laptop,eng/repo/backend/,read,1.54
2026-08-03 11:15:41.310336,u09,u09-mobile,sales/pipeline.xlsx,read,1.46
2026-08-03 11:15:55.156691,u12,u12-laptop,eng/ci_logs/,read,2.58
2026-08-03 11:17:24.076221,u08,u08-laptop,hr/onboarding/,read,2.03
2026-08-03 11:17:35.026698,u12,u12-laptop,eng/repo/frontend/,download,2.9
2026-08-03 11:19:36.827528,u06,u06-laptop,finance/budget_2026.xlsx,read,3.7
2026-08-03 11:21:14.881135,u06,u06-laptop,finance/expense_reports/,read,1.67
2026-08-03 11:22:27.847928,u03,u03-laptop,hr/leave_records.xlsx,write,2.85
2026-08-03 11:23:23.611659,u03,u03-laptop,hr/leave_records.xlsx,read,2.13
2026-08-03 11:24:48.089606,u15,u15-laptop,it/asset_inventory.xlsx,read,5.01
2026-08-03 11:26:35.112817,u06,u06-laptop,finance/budget_2026.xlsx,read,5.83
2026-08-03 11:30:58.706509,u12,u12-laptop,eng/design_docs/,read,1.99
2026-08-03 11:31:28.767740,u13,u13-mobile,hr/leave_records.xlsx,read,2.63
2026-08-03 11:34:14.521174,u06,u06-laptop,finance/budget_2026.xlsx,write,3.99
2026-08-03 11:34:39.385286,u05,u05-laptop,it/scripts/,download,0.9
2026-08-03 11:34:55.416031,u15,u15-laptop,it/asset_inventory.xlsx,read,2.81
2026-08-03 11:35:41.307724,u02,u02-laptop,eng/ci_logs/,read,1.53
2026-08-03 11:38:44.519285,u05,u05-laptop,it/tickets/,read,1.89
2026-08-03 11:39:04.023393,u06,u06-laptop,finance/expense_reports/,download,3.38
2026-08-03 11:40:49.444665,u12,u12-laptop,eng/repo/frontend/,read,10.63
2026-08-03 11:45:53.946497,u06,u06-laptop,finance/budget_2026.xlsx,read,2.67
2026-08-03 11:45:59.106588,u08,u08-laptop,hr/onboarding/,download,2.13
2026-08-03 11:46:19.871910,u12,u12-laptop,eng/repo/backend/,write,10.22
2026-08-03 11:46:26.076447,u02,u02-laptop,eng/repo/backend/,read,1.62
2026-08-03 11:48:00.223476,u09,u09-mobile,sales/pipeline.xlsx,read,1.63
2026-08-03 11:48:30.703286,u12,u12-laptop,eng/repo/backend/,read,5.03
2026-08-03 11:49:17.490705,u02,u02-laptop,eng/repo/backend/,write,2.16
2026-08-03 11:49:25.443040,u06,u06-laptop,finance/vendor_invoices/,read,6.71
2026-08-03 11:51:08.494553,u02,u02-laptop,eng/repo/frontend/,write,1.22
2026-08-03 11:53:05.089867,u05,u05-laptop,it/scripts/,read,1.41
2026-08-03 11:54:01.757077,u09,u09-mobile,sales/contracts/,read,0.49
2026-08-03 11:56:39.053237,u05,u05-laptop,it/asset_inventory.xlsx,read,0.95
2026-08-03 12:02:40.265968,u15,u15-laptop,it/tickets/,read,6.81
2026-08-03 12:04:24.927608,u08,u08-laptop,hr/policies/,read,5.49
2026-08-03 12:05:22.163388,u09,u09-mobile,sales/decks/,read,1.69
2026-08-03 12:06:12.308653,u12,u12-laptop,eng/repo/frontend/,read,1.91
2026-08-03 12:09:07.062288,u08,u08-laptop,hr/policies/,read,3.27
2026-08-03 12:09:16.601099,u15,u15-laptop,it/tickets/,read,1.64
2026-08-03 12:12:11.989076,u15,u15-laptop,it/asset_inventory.xlsx,read,1.28
2026-08-03 12:13:03.217425,u09,u09-mobile,sales/contracts/,write,0.68
2026-08-03 12:14:23.970877,u03,u03-laptop,hr/onboarding/,write,4.36
2026-08-03 12:14:39.752531,u11,u11-laptop,finance/vendor_invoices/,read,0.92
2026-08-03 12:14:39.789516,u15,u15-laptop,it/scripts/,read,1.36
2026-08-03 12:20:12.251142,u09,u09-mobile,sales/decks/,read,2.01
2026-08-03 12:21:26.181468,u09,u09-mobile,sales/pipeline.xlsx,download,1.48
2026-08-03 12:26:41.581047,u09,u09-mobile,sales/pipeline.xlsx,read,1.65
2026-08-03 12:28:33.349525,u11,u11-laptop,finance/budget_2026.xlsx,read,0.86
2026-08-03 12:31:11.744926,u09,u09-mobile,sales/decks/,read,2.67
2026-08-03 12:32:02.248164,u15,u15-laptop,it/tickets/,read,2.27
2026-08-03 12:34:45.297636,u05,u05-laptop,it/tickets/,read,1.49
2026-08-03 12:35:58.662304,u05,u05-laptop,it/scripts/,download,6.45
2026-08-03 12:38:33.152010,u07,u07-laptop,eng/design_docs/,download,2.76
2026-08-03 12:39:17.531813,u11,u11-laptop,finance/general_ledger.xlsx,read,1.86
2026-08-03 12:42:09.509420,u03,u03-laptop,hr/policies/,read,2.89
2026-08-03 12:42:12.357952,u15,u15-laptop,it/asset_inventory.xlsx,read,2.29
2026-08-03 12:44:25.561971,u04,u04-laptop,sales/pipeline.xlsx,write,2.21
2026-08-03 12:53:29.002518,u15,u15-laptop,it/scripts/,read,14.81
2026-08-03 12:53:34.840274,u05,u05-laptop,it/asset_inventory.xlsx,read,0.98
2026-08-03 12:57:49.065010,u15,u15-laptop,it/tickets/,read,1.11
2026-08-03 12:59:33.474365,u04,u04-laptop,sales/decks/,read,4.66
2026-08-03 13:04:03.638351,u07,u07-laptop,eng/design_docs/,write,3.07
2026-08-03 13:04:16.385099,u11,u11-laptop,finance/expense_reports/,read,2.89
2026-08-03 13:08:08.678285,u11,u11-laptop,finance/budget_2026.xlsx,write,3.84
2026-08-03 13:08:56.206403,u04,u04-laptop,sales/decks/,write,4.06
2026-08-03 13:14:28.785177,u13,u13-mobile,hr/onboarding/,read,3.77
2026-08-03 13:17:11.922876,u07,u07-laptop,eng/design_docs/,read,2.69
2026-08-03 13:24:55.177867,u05,u05-laptop,it/asset_inventory.xlsx,read,0.91
2026-08-03 13:27:36.124228,u05,u05-laptop,it/scripts/,read,1.31
2026-08-03 13:37:32.818908,u04,u04-laptop,sales/decks/,read,1.54
2026-08-03 13:47:02.318118,u04,u04-laptop,sales/decks/,read,1.45
2026-08-03 13:47:29.570931,u05,u05-laptop,it/tickets/,download,2.77
2026-08-03 21:02:43.196364,u10,u10-laptop,it/scripts/,read,1.15
2026-08-03 21:23:53.043009,u10,u10-laptop,it/tickets/,write,2.0
2026-08-03 21:28:03.515609,u10,u10-laptop,it/scripts/,write,3.23
2026-08-03 21:35:41.992975,u10,u10-laptop,it/tickets/,download,0.97
2026-08-03 21:44:05.349912,u10,u10-laptop,it/tickets/,read,2.49
2026-08-03 22:46:27.870360,u10,u10-laptop,it/asset_inventory.xlsx,read,3.1
2026-08-03 22:46:45.290630,u10,u10-laptop,it/scripts/,read,2.22
2026-08-03 23:06:56.921893,u10,u10-laptop,it/asset_inventory.xlsx,read,4.01
2026-08-03 23:12:39.534719,u10,u10-laptop,it/asset_inventory.xlsx,read,1.46
2026-08-03 23:43:44.058865,u10,u10-laptop,it/asset_inventory.xlsx,download,2.08
2026-08-04 07:31:02.659081,u11,u11-laptop,finance/general_ledger.xlsx,read,3.04
2026-08-04 07:31:21.785013,u11,u11-laptop,finance/expense_reports/,read,10.96
2026-08-04 07:35:29.352999,u11,u11-laptop,finance/general_ledger.xlsx,read,1.47
2026-08-04 08:01:52.009576,u11,u11-laptop,finance/budget_2026.xlsx,read,1.87
2026-08-04 08:03:59.703436,u11,u11-laptop,finance/employee_ssn_records.db,read,1.54
2026-08-04 08:04:19.427208,u09,u09-mobile,sales/contracts/,write,3.39
2026-08-04 08:06:45.464535,u11,u11-laptop,finance/expense_reports/,read,6.76
2026-08-04 08:13:59.252925,u08,u08-laptop,hr/policies/,read,1.85
2026-08-04 08:15:14.387150,u08,u08-laptop,hr/policies/,read,0.84
2026-08-04 08:16:35.447029,u08,u08-laptop,hr/onboarding/,read,2.18
2026-08-04 08:23:50.148854,u01,u01-laptop,finance/general_ledger.xlsx,read,1.3
2026-08-04 08:24:48.360693,u08,u08-laptop,hr/policies/,write,2.62
2026-08-04 08:30:27.258597,u11,u11-laptop,finance/vendor_invoices/,read,3.36
2026-08-04 08:31:43.335767,u09,u09-mobile,sales/contracts/,read,1.43
2026-08-04 08:33:35.330712,u11,u11-laptop,finance/expense_reports/,read,5.4
2026-08-04 08:35:20.166876,u08,u08-laptop,hr/leave_records.xlsx,read,3.44
2026-08-04 08:40:03.526105,u08,u08-laptop,hr/policies/,read,2.06
2026-08-04 08:42:33.108384,u08,u08-laptop,hr/leave_records.xlsx,write,5.48
2026-08-04 08:45:17.630435,u08,u08-laptop,hr/onboarding/,write,2.28
2026-08-04 08:47:32.091726,u01,u01-laptop,finance/expense_reports/,read,1.92
2026-08-04 08:54:36.069440,u13,u13-laptop,hr/onboarding/,read,0.84
2026-08-04 08:56:12.721018,u08,u08-laptop,hr/policies/,read,4.98
2026-08-04 08:57:07.387507,u01,u01-laptop,finance/general_ledger.xlsx,read,0.77
2026-08-04 09:00:03.561308,u08,u08-laptop,hr/onboarding/,read,1.91
2026-08-04 09:02:35.257821,u08,u08-laptop,hr/policies/,write,2.62
2026-08-04 09:03:02.846620,u01,u01-laptop,finance/general_ledger.xlsx,read,3.2
2026-08-04 09:03:57.612233,u01,u01-laptop,finance/vendor_invoices/,read,0.73
2026-08-04 09:06:09.448269,u13,u13-laptop,hr/policies/,read,2.33
2026-08-04 09:06:13.390722,u08,u08-laptop,hr/leave_records.xlsx,write,2.01
2026-08-04 09:08:12.338372,u06,u06-laptop,finance/budget_2026.xlsx,read,0.92
2026-08-04 09:08:24.922929,u06,u06-laptop,finance/expense_reports/,download,4.93
2026-08-04 09:10:31.438504,u15,u15-laptop,it/scripts/,read,2.12
2026-08-04 09:10:43.766218,u01,u01-laptop,finance/expense_reports/,read,3.1
2026-08-04 09:11:02.173997,u09,u09-mobile,sales/contracts/,read,2.75
2026-08-04 09:12:39.095040,u02,u02-laptop,eng/repo/backend/,read,0.91
2026-08-04 09:12:43.613821,u08,u08-laptop,hr/leave_records.xlsx,download,3.87
2026-08-04 09:13:34.237629,u13,u13-laptop,hr/leave_records.xlsx,read,1.32
2026-08-04 09:14:48.508877,u06,u06-laptop,finance/expense_reports/,write,3.19
2026-08-04 09:15:27.714264,u01,u01-laptop,finance/vendor_invoices/,read,0.49
2026-08-04 09:17:43.216566,u07,u07-laptop,eng/repo/frontend/,read,6.64
2026-08-04 09:17:44.110095,u01,u01-laptop,finance/vendor_invoices/,write,1.14
2026-08-04 09:17:46.738266,u13,u13-laptop,hr/leave_records.xlsx,read,2.57
2026-08-04 09:19:52.555250,u02,u02-laptop,eng/ci_logs/,download,3.31
2026-08-04 09:20:50.253988,u06,u06-laptop,finance/budget_2026.xlsx,read,2.1
2026-08-04 09:20:53.253068,u01,u01-laptop,finance/vendor_invoices/,read,2.48
2026-08-04 09:21:58.694422,u11,u11-laptop,finance/vendor_invoices/,write,1.11
2026-08-04 09:24:11.464253,u07,u07-laptop,eng/repo/backend/,read,4.42
2026-08-04 09:25:54.417535,u15,u15-laptop,it/scripts/,read,1.54
2026-08-04 09:27:11.705504,u03,u03-laptop,hr/onboarding/,read,0.83
2026-08-04 09:27:27.112290,u06,u06-laptop,finance/expense_reports/,read,6.63
2026-08-04 09:28:22.571670,u15,u15-laptop,it/scripts/,read,5.45
2026-08-04 09:29:08.069787,u13,u13-laptop,hr/onboarding/,read,3.51
2026-08-04 09:29:37.225998,u07,u07-laptop,eng/ci_logs/,write,5.1
2026-08-04 09:29:50.832814,u07,u07-laptop,eng/ci_logs/,read,4.6
2026-08-04 09:32:33.557204,u13,u13-laptop,hr/policies/,write,8.03
2026-08-04 09:34:32.652249,u07,u07-laptop,eng/design_docs/,read,2.5
2026-08-04 09:35:17.742382,u02,u02-laptop,eng/infra/terraform_state.tfstate,read,2.45
2026-08-04 09:36:03.518122,u15,u15-laptop,it/scripts/,download,5.84
2026-08-04 09:36:38.947149,u15,u15-laptop,it/scripts/,write,0.98
2026-08-04 09:36:45.588877,u06,u06-laptop,finance/budget_2026.xlsx,read,6.58
2026-08-04 09:39:58.035794,u01,u01-laptop,finance/general_ledger.xlsx,read,0.87
2026-08-04 09:40:44.356734,u01,u01-laptop,finance/expense_reports/,read,1.93
2026-08-04 09:41:45.239161,u01,u01-laptop,finance/vendor_invoices/,read,1.98
2026-08-04 09:42:30.270731,u01,u01-laptop,finance/expense_reports/,read,0.81
2026-08-04 09:42:55.531826,u07,u07-laptop,eng/ci_logs/,write,2.72
2026-08-04 09:43:18.550540,u01,u01-laptop,finance/vendor_invoices/,read,0.67
2026-08-04 09:44:43.329659,u03,u03-laptop,hr/onboarding/,read,1.57
2026-08-04 09:45:27.797225,u13,u13-laptop,hr/leave_records.xlsx,write,0.96
2026-08-04 09:45:58.706555,u01,u01-laptop,finance/expense_reports/,read,1.1
2026-08-04 09:47:30.813428,u12,u12-laptop,eng/design_docs/,read,1.6
2026-08-04 09:49:59.325797,u12,u12-laptop,eng/ci_logs/,read,2.78
2026-08-04 09:51:15.280494,u03,u03-laptop,hr/leave_records.xlsx,read,2.79
2026-08-04 09:51:42.990592,u15,u15-laptop,it/scripts/,write,2.23
2026-08-04 09:53:15.426873,u02,u02-laptop,eng/repo/frontend/,read,0.97
2026-08-04 09:53:28.653141,u07,u07-laptop,eng/ci_logs/,read,3.74
2026-08-04 09:54:37.882160,u15,u15-laptop,it/asset_inventory.xlsx,download,10.45
2026-08-04 09:56:42.969228,u06,u06-laptop,finance/expense_reports/,write,3.38
2026-08-04 09:58:22.274507,u03,u03-laptop,hr/leave_records.xlsx,read,2.54
2026-08-04 10:00:30.213692,u15,u15-laptop,it/asset_inventory.xlsx,download,5.13
2026-08-04 10:02:02.453653,u15,u15-laptop,it/asset_inventory.xlsx,read,1.25
2026-08-04 10:04:34.989652,u06,u06-laptop,finance/vendor_invoices/,read,1.25
2026-08-04 10:05:43.634709,u06,u06-laptop,finance/budget_2026.xlsx,read,6.5
2026-08-04 10:09:02.373369,u15,u15-laptop,it/scripts/,write,4.8
2026-08-04 10:09:59.989919,u01,u01-laptop,finance/expense_reports/,write,1.93
2026-08-04 10:10:17.394399,u03,u03-laptop,hr/onboarding/,read,2.03
2026-08-04 10:10:32.934897,u13,u13-laptop,hr/policies/,read,3.3
2026-08-04 10:10:54.304702,u01,u01-laptop,finance/vendor_invoices/,download,1.68
2026-08-04 10:13:07.355951,u12,u12-laptop,eng/repo/frontend/,read,4.81
2026-08-04 10:15:19.798986,u12,u12-laptop,eng/repo/backend/,read,3.45
2026-08-04 10:17:07.073538,u15,u15-laptop,it/asset_inventory.xlsx,read,4.53
2026-08-04 10:18:15.596352,u07,u07-laptop,eng/ci_logs/,read,5.85
2026-08-04 10:18:50.964414,u06,u06-laptop,finance/general_ledger.xlsx,read,3.9
2026-08-04 10:18:55.404782,u07,u07-laptop,eng/repo/backend/,read,0.88
2026-08-04 10:20:01.868025,u06,u06-laptop,finance/vendor_invoices/,download,2.93
2026-08-04 10:20:26.650529,u15,u15-laptop,it/scripts/,read,1.04
2026-08-04 10:21:48.140046,u07,u07-laptop,eng/design_docs/,read,4.0
2026-08-04 10:23:14.971346,u07,u07-laptop,eng/repo/backend/,download,1.23
2026-08-04 10:27:12.314732,u11,u11-laptop,finance/vendor_invoices/,download,1.07
2026-08-04 10:27:37.846627,u03,u03-laptop,hr/onboarding/,write,1.49
2026-08-04 10:30:25.437736,u12,u12-laptop,eng/repo/backend/,read,0.94
2026-08-04 10:32:00.357913,u15,u15-laptop,it/asset_inventory.xlsx,write,3.6
2026-08-04 10:32:00.425693,u15,u15-laptop,it/asset_inventory.xlsx,read,7.48
2026-08-04 10:33:32.275978,u15,u15-laptop,it/asset_inventory.xlsx,write,3.4
2026-08-04 10:35:15.454523,u15,u15-laptop,it/tickets/,read,0.67
2026-08-04 10:38:39.742689,u08,u08-laptop,hr/onboarding/,read,2.02
2026-08-04 10:42:40.087532,u08,u08-laptop,hr/policies/,write,15.73
2026-08-04 10:42:57.159914,u02,u02-laptop,eng/repo/frontend/,read,1.34
2026-08-04 10:44:23.658783,u02,u02-laptop,eng/repo/backend/,read,1.98
2026-08-04 10:48:13.201267,u02,u02-laptop,eng/repo/backend/,write,10.16
2026-08-04 10:50:43.314776,u15,u15-laptop,it/tickets/,read,4.07
2026-08-04 10:53:54.061184,u11,u11-laptop,finance/expense_reports/,write,1.53
2026-08-04 10:56:54.646567,u01,u01-laptop,finance/budget_2026.xlsx,read,1.93
2026-08-04 10:58:19.858753,u01,u01-laptop,finance/budget_2026.xlsx,read,0.91
2026-08-04 10:58:35.645746,u08,u08-laptop,hr/salary_bands.xlsx,read,2.36
2026-08-04 10:59:23.876574,u07,u07-laptop,eng/design_docs/,read,2.86
2026-08-04 10:59:31.233626,u11,u11-laptop,finance/vendor_invoices/,read,1.51
2026-08-04 11:00:35.249744,u02,u02-laptop,eng/design_docs/,download,1.39
2026-08-04 11:00:57.979499,u08,u08-laptop,hr/policies/,read,2.14
2026-08-04 11:02:37.059566,u11,u11-laptop,finance/general_ledger.xlsx,read,2.62
2026-08-04 11:04:56.626681,u11,u11-laptop,finance/general_ledger.xlsx,read,1.11
2026-08-04 11:05:14.363519,u07,u07-laptop,eng/ci_logs/,read,6.16
2026-08-04 11:05:46.005768,u12,u12-laptop,eng/repo/backend/,read,1.81
2026-08-04 11:09:23.704001,u07,u07-laptop,eng/repo/frontend/,write,3.96
2026-08-04 11:09:34.448548,u02,u02-laptop,eng/design_docs/,write,2.58
2026-08-04 11:12:40.015849,u15,u15-laptop,it/scripts/,read,1.68
2026-08-04 11:13:45.555823,u02,u02-laptop,eng/ci_logs/,read,1.41
2026-08-04 11:15:00.249471,u02,u02-laptop,eng/repo/frontend/,read,6.09
2026-08-04 11:16:05.596560,u08,u08-laptop,hr/policies/,read,0.97
2026-08-04 11:17:50.087371,u12,u12-laptop,eng/ci_logs/,read,1.68
2026-08-04 11:20:36.400548,u07,u07-laptop,eng/ci_logs/,write,2.33
2026-08-04 11:21:14.327540,u08,u08-laptop,hr/leave_records.xlsx,write,4.11
2026-08-04 11:22:18.062189,u15,u15-laptop,it/tickets/,read,6.7
2026-08-04 11:22:59.244486,u12,u12-laptop,eng/repo/frontend/,read,4.63
2026-08-04 11:25:30.797924,u15,u15-laptop,it/asset_inventory.xlsx,write,4.15
2026-08-04 11:27:27.080489,u07,u07-laptop,eng/repo/frontend/,write,5.89
2026-08-04 11:28:33.158157,u04,u04-laptop,sales/pipeline.xlsx,write,2.22
2026-08-04 11:31:33.689553,u08,u08-laptop,hr/onboarding/,read,3.27
2026-08-04 11:32:20.534592,u04,u04-laptop,sales/decks/,read,1.5
2026-08-04 11:33:09.041783,u14,u14-laptop,sales/contracts/,read,1.08
2026-08-04 11:38:30.766838,u04,u04-laptop,sales/contracts/,download,3.62
2026-08-04 11:38:41.752137,u07,u07-laptop,eng/repo/frontend/,write,1.97
2026-08-04 11:40:48.720473,u04,u04-laptop,sales/decks/,read,2.58
2026-08-04 11:40:50.419761,u02,u02-laptop,eng/ci_logs/,read,2.95
2026-08-04 11:41:14.897676,u07,u07-laptop,eng/repo/backend/,read,4.44
2026-08-04 11:41:17.842093,u14,u14-laptop,sales/decks/,download,0.98
2026-08-04 11:46:49.700462,u07,u07-laptop,eng/design_docs/,write,3.7
2026-08-04 11:46:57.460026,u04,u04-laptop,sales/contracts/,read,2.68
2026-08-04 11:47:10.497712,u08,u08-laptop,hr/leave_records.xlsx,read,1.14
2026-08-04 11:47:39.831258,u14,u14-laptop,sales/decks/,read,0.56
2026-08-04 11:52:06.026644,u07,u07-laptop,eng/ci_logs/,read,5.9
2026-08-04 11:54:41.885546,u02,u02-laptop,eng/ci_logs/,write,2.13
2026-08-04 11:56:48.330553,u11,u11-laptop,finance/expense_reports/,write,1.05
2026-08-04 11:58:05.621697,u14,u14-laptop,sales/contracts/,read,1.57
2026-08-04 11:58:05.747110,u02,u02-laptop,eng/repo/frontend/,write,4.75
2026-08-04 12:06:47.202532,u14,u14-laptop,sales/decks/,write,1.11
2026-08-04 12:10:08.380755,u11,u11-laptop,finance/general_ledger.xlsx,read,1.51
2026-08-04 12:11:26.720597,u04,u04-laptop,sales/pipeline.xlsx,read,4.04
2026-08-04 12:12:49.475947,u04,u04-laptop,sales/pipeline.xlsx,read,2.45
2026-08-04 12:16:24.315729,u04,u04-laptop,sales/contracts/,write,2.53
2026-08-04 12:17:08.674801,u04,u04-laptop,sales/pipeline.xlsx,download,4.48
2026-08-04 12:21:32.312058,u14,u14-laptop,sales/decks/,download,1.32
2026-08-04 12:22:37.327290,u14,u14-laptop,sales/pipeline.xlsx,read,0.79
2026-08-04 12:22:40.925847,u09,u09-mobile,sales/contracts/,write,3.07
2026-08-04 12:24:20.892633,u07,u07-laptop,eng/ci_logs/,read,12.63
2026-08-04 12:24:59.363984,u11,u11-laptop,finance/expense_reports/,read,1.09
2026-08-04 12:25:55.748021,u04,u04-laptop,sales/decks/,write,4.77
2026-08-04 12:26:09.615756,u12,u12-laptop,eng/repo/frontend/,write,9.27
2026-08-04 12:27:21.396346,u07,u07-laptop,eng/design_docs/,read,2.96
2026-08-04 12:28:16.023067,u07,u07-laptop,eng/repo/backend/,read,3.09
2026-08-04 12:33:23.336811,u12,u12-laptop,eng/ci_logs/,write,1.27
2026-08-04 12:33:39.545652,u12,u12-laptop,eng/design_docs/,read,3.86
2026-08-04 12:34:54.355412,u04,u04-laptop,sales/decks/,read,2.18
2026-08-04 12:35:00.408482,u11,u11-laptop,finance/vendor_invoices/,read,0.92
2026-08-04 12:37:06.093121,u14,u14-laptop,sales/contracts/,read,0.41
2026-08-04 12:37:38.823599,u14,u14-laptop,sales/contracts/,read,1.43
2026-08-04 12:39:01.636987,u09,u09-mobile,sales/pipeline.xlsx,write,0.82
2026-08-04 12:39:04.835398,u14,u14-laptop,sales/pipeline.xlsx,read,1.53
2026-08-04 12:39:21.677820,u04,u04-laptop,sales/pipeline.xlsx,read,6.16
2026-08-04 12:39:30.938749,u14,u14-laptop,sales/pipeline.xlsx,write,1.66
2026-08-04 12:43:28.350521,u14,u14-laptop,sales/pipeline.xlsx,download,1.39
2026-08-04 12:44:01.522792,u13,u13-laptop,hr/leave_records.xlsx,read,2.79
2026-08-04 12:45:07.064280,u13,u13-laptop,hr/leave_records.xlsx,download,1.46
2026-08-04 12:45:23.594989,u14,u14-laptop,sales/contracts/,write,1.45
2026-08-04 12:47:04.702044,u12,u12-laptop,eng/design_docs/,read,2.71
2026-08-04 12:47:19.962752,u04,u04-laptop,sales/decks/,read,3.7
2026-08-04 12:48:40.939272,u09,u09-mobile,sales/pipeline.xlsx,write,4.54
2026-08-04 12:54:42.629228,u13,u13-laptop,hr/onboarding/,write,6.48
2026-08-04 12:54:54.503032,u04,u04-laptop,sales/pipeline.xlsx,write,3.68
2026-08-04 12:55:58.363122,u07,u07-laptop,eng/design_docs/,read,4.78
2026-08-04 12:56:46.002387,u04,u04-laptop,sales/pipeline.xlsx,read,3.97
2026-08-04 12:59:28.056101,u07,u07-laptop,eng/repo/backend/,read,2.07
2026-08-04 13:03:15.157565,u04,u04-laptop,sales/decks/,write,2.7
2026-08-04 13:07:23.939950,u04,u04-laptop,sales/decks/,read,4.28
2026-08-04 13:10:23.402689,u04,u04-laptop,sales/pipeline.xlsx,download,5.46
2026-08-04 13:10:35.717049,u13,u13-laptop,hr/onboarding/,read,2.15
2026-08-04 13:12:25.384865,u14,u14-laptop,sales/decks/,read,0.61
2026-08-04 13:15:18.013803,u12,u12-laptop,eng/repo/frontend/,read,3.17
2026-08-04 13:16:32.664158,u04,u04-laptop,sales/contracts/,read,14.3
2026-08-04 13:18:09.923274,u09,u09-mobile,sales/pipeline.xlsx,write,0.89
2026-08-04 13:22:03.780859,u04,u04-laptop,sales/pipeline.xlsx,read,3.35
2026-08-04 13:22:13.237440,u12,u12-laptop,eng/ci_logs/,read,2.94
2026-08-04 13:22:46.863207,u12,u12-laptop,eng/ci_logs/,read,7.24
2026-08-04 13:24:01.411425,u14,u14-laptop,sales/pipeline.xlsx,read,1.09
2026-08-04 13:25:38.757694,u12,u12-laptop,eng/repo/frontend/,read,2.58
2026-08-04 13:25:48.795484,u14,u14-laptop,sales/contracts/,download,0.5
2026-08-04 13:26:25.478503,u04,u04-laptop,sales/pipeline.xlsx,write,6.67
2026-08-04 13:31:09.371918,u04,u04-laptop,sales/contracts/,read,3.4
2026-08-04 13:32:10.233172,u14,u14-laptop,sales/pipeline.xlsx,read,0.74
2026-08-04 13:39:10.040725,u12,u12-laptop,eng/repo/backend/,read,1.73
2026-08-04 13:40:14.951365,u14,u14-laptop,sales/pipeline.xlsx,read,2.63
2026-08-04 13:42:07.568514,u14,u14-laptop,sales/decks/,download,3.19
2026-08-04 13:42:37.022837,u14,u14-laptop,sales/pipeline.xlsx,write,0.96
2026-08-04 13:53:14.810764,u09,u09-mobile,sales/contracts/,read,1.73
2026-08-04 14:07:18.951643,u12,u12-laptop,eng/design_docs/,read,2.08
2026-08-04 14:17:54.496607,u12,u12-laptop,eng/ci_logs/,download,4.05
2026-08-04 22:08:53.231681,u10,u10-laptop,it/tickets/,download,1.22
2026-08-04 22:21:16.020063,u10,u10-laptop,it/scripts/,read,6.47
2026-08-04 22:21:34.883627,u10,u10-laptop,it/tickets/,read,4.79
2026-08-04 22:24:09.880327,u10,u10-laptop,it/tickets/,read,2.49
2026-08-04 22:33:18.351151,u10,u10-laptop,it/tickets/,read,1.53
2026-08-04 22:43:44.826401,u10,u10-laptop,it/asset_inventory.xlsx,read,0.58
2026-08-04 22:56:12.393640,u10,u10-laptop,it/asset_inventory.xlsx,write,1.94
2026-08-04 23:01:18.286679,u10,u10-laptop,it/tickets/,write,1.17
2026-08-04 23:15:24.804716,u10,u10-laptop,it/tickets/,read,2.29
2026-08-04 23:24:55.092614,u10,u10-laptop,it/scripts/,read,1.06
2026-08-05 00:09:39.694050,u10,u10-laptop,it/scripts/,read,2.04
2026-08-05 00:18:51.958000,u10,u10-laptop,it/scripts/,read,2.24
2026-08-05 00:18:54.270653,u10,u10-laptop,it/asset_inventory.xlsx,read,1.34
2026-08-05 00:19:34.911863,u10,u10-laptop,it/scripts/,read,1.97
2026-08-05 00:51:31.827193,u10,u10-laptop,it/tickets/,download,8.28
2026-08-05 01:00:45.827539,u10,u10-laptop,it/tickets/,read,1.8
2026-08-05 01:20:10.397429,u10,u10-laptop,it/tickets/,write,0.69
2026-08-05 01:25:55.018712,u10,u10-laptop,it/asset_inventory.xlsx,read,3.25
2026-08-05 07:20:49.240864,u06,u06-laptop,finance/budget_2026.xlsx,read,3.28
2026-08-05 07:27:36.704856,u06,u06-laptop,finance/general_ledger.xlsx,read,4.61
2026-08-05 07:27:41.059567,u06,u06-laptop,finance/general_ledger.xlsx,read,15.03
2026-08-05 07:39:52.101753,u06,u06-laptop,finance/expense_reports/,write,1.79
2026-08-05 07:40:24.613876,u06,u06-laptop,finance/budget_2026.xlsx,read,1.7
2026-08-05 07:52:26.494323,u06,u06-laptop,finance/vendor_invoices/,read,3.8
2026-08-05 08:01:33.413746,u06,u06-laptop,finance/general_ledger.xlsx,read,5.67
2026-08-05 08:05:46.439482,u06,u06-laptop,finance/vendor_invoices/,write,7.51
2026-08-05 08:14:12.236444,u02,u02-laptop,eng/design_docs/,read,3.06
2026-08-05 08:19:30.210336,u06,u06-laptop,finance/general_ledger.xlsx,read,5.43
2026-08-05 08:20:21.688210,u04,u04-laptop,sales/pipeline.xlsx,read,4.24
2026-08-05 08:21:17.993390,u04,u04-laptop,sales/contracts/,write,1.64
2026-08-05 08:22:12.569862,u02,u02-laptop,eng/repo/frontend/,download,1.06
2026-08-05 08:23:55.711968,u02,u02-laptop,eng/repo/frontend/,read,3.31
2026-08-05 08:28:34.205915,u02,u02-laptop,eng/ci_logs/,read,2.77
2026-08-05 08:28:44.066825,u02,u02-laptop,eng/design_docs/,read,1.42
2026-08-05 08:37:47.029315,u06,u06-laptop,finance/budget_2026.xlsx,write,1.6
2026-08-05 08:38:59.167249,u04,u04-laptop,sales/decks/,read,4.96
2026-08-05 08:44:26.774042,u04,u04-laptop,sales/decks/,write,2.72
2026-08-05 08:47:37.568173,u03,u03-laptop,hr/leave_records.xlsx,read,2.07
2026-08-05 08:50:54.828146,u07,u07-laptop,eng/ci_logs/,read,1.73
2026-08-05 08:52:58.349850,u03,u03-laptop,hr/leave_records.xlsx,read,0.67
2026-08-05 08:55:48.625681,u05,u05-mobile,it/asset_inventory.xlsx,read,1.0
2026-08-05 08:56:13.752809,u07,u07-laptop,eng/repo/backend/,write,5.07
2026-08-05 08:58:32.974367,u07,u07-laptop,eng/repo/backend/,read,4.99
2026-08-05 08:59:46.549109,u03,u03-laptop,hr/onboarding/,write,1.57
2026-08-05 09:00:13.907891,u05,u05-mobile,it/tickets/,read,1.1
2026-08-05 09:01:44.796873,u11,u11-laptop,finance/vendor_invoices/,read,1.16
2026-08-05 09:06:31.653749,u02,u02-laptop,eng/ci_logs/,read,2.65
2026-08-05 09:07:16.919342,u04,u04-laptop,sales/pipeline.xlsx,read,2.79
2026-08-05 09:13:27.329673,u02,u02-laptop,eng/repo/frontend/,read,2.67
2026-08-05 09:13:35.966160,u15,u15-laptop,it/scripts/,download,1.2
2026-08-05 09:14:27.503024,u13,u13-laptop,hr/policies/,write,0.54
2026-08-05 09:15:29.706782,u07,u07-laptop,eng/design_docs/,read,5.13
2026-08-05 09:16:17.392085,u15,u15-laptop,it/asset_inventory.xlsx,read,5.45
2026-08-05 09:17:31.693968,u04,u04-laptop,sales/decks/,download,1.15
2026-08-05 09:17:49.287380,u13,u13-laptop,hr/leave_records.xlsx,write,3.08
2026-08-05 09:18:25.421583,u11,u11-laptop,finance/general_ledger.xlsx,read,1.69
2026-08-05 09:18:38.055330,u15,u15-laptop,it/asset_inventory.xlsx,read,1.52
2026-08-05 09:20:57.308799,u15,u15-laptop,it/tickets/,read,2.1
2026-08-05 09:21:41.204352,u15,u15-laptop,it/asset_inventory.xlsx,download,2.42
2026-08-05 09:22:31.079265,u06,u06-laptop,finance/expense_reports/,read,2.37
2026-08-05 09:23:15.372190,u04,u04-laptop,sales/contracts/,read,2.98
2026-08-05 09:24:22.977914,u13,u13-laptop,hr/onboarding/,read,5.02
2026-08-05 09:24:56.990763,u04,u04-laptop,sales/pipeline.xlsx,read,2.33
2026-08-05 09:26:26.946943,u02,u02-laptop,eng/repo/frontend/,write,3.4
2026-08-05 09:27:10.499699,u15,u15-laptop,it/asset_inventory.xlsx,write,1.86
2026-08-05 09:27:36.369654,u04,u04-laptop,sales/decks/,read,2.42
2026-08-05 09:28:57.368756,u09,u09-laptop,sales/contracts/,read,1.09
2026-08-05 09:31:30.694923,u06,u06-laptop,finance/general_ledger.xlsx,read,3.23
2026-08-05 09:31:47.198404,u15,u15-laptop,it/asset_inventory.xlsx,read,1.75
2026-08-05 09:31:49.665020,u02,u02-laptop,eng/repo/frontend/,read,2.36
2026-08-05 09:34:20.098335,u06,u06-laptop,finance/budget_2026.xlsx,read,3.0
2026-08-05 09:34:38.164839,u02,u02-laptop,eng/repo/backend/,read,1.47
2026-08-05 09:34:52.508249,u15,u15-laptop,it/scripts/,read,5.45
2026-08-05 09:36:26.180136,u04,u04-laptop,sales/decks/,write,3.46
2026-08-05 09:37:13.337494,u15,u15-laptop,it/tickets/,read,9.56
2026-08-05 09:39:09.639140,u13,u13-laptop,hr/policies/,read,3.34
2026-08-05 09:39:10.835606,u11,u11-laptop,finance/expense_reports/,read,0.66
2026-08-05 09:39:22.199709,u01,u01-laptop,finance/budget_2026.xlsx,read,0.84
2026-08-05 09:40:56.203643,u15,u15-laptop,it/asset_inventory.xlsx,download,2.22
2026-08-05 09:42:03.546009,u06,u06-laptop,finance/general_ledger.xlsx,read,3.04
2026-08-05 09:42:44.219393,u13,u13-laptop,hr/policies/,read,3.39
2026-08-05 09:45:00.480693,u15,u15-laptop,it/asset_inventory.xlsx,read,7.08
2026-08-05 09:45:28.888931,u01,u01-laptop,finance/vendor_invoices/,read,0.99
2026-08-05 09:45:40.576169,u07,u07-laptop,eng/repo/backend/,read,5.39
2026-08-05 09:49:15.429661,u11,u11-laptop,finance/vendor_invoices/,read,7.08
2026-08-05 09:50:27.949687,u09,u09-laptop,sales/decks/,read,1.31
2026-08-05 09:51:08.079663,u15,u15-laptop,it/tickets/,write,3.85
2026-08-05 09:51:11.807463,u14,u14-laptop,sales/contracts/,write,0.81
2026-08-05 09:53:00.811320,u14,u14-laptop,sales/pipeline.xlsx,write,2.92
2026-08-05 09:53:27.442874,u15,u15-laptop,it/scripts/,read,2.0
2026-08-05 09:54:50.308214,u01,u01-laptop,finance/vendor_invoices/,read,2.55
2026-08-05 09:58:23.821021,u06,u06-laptop,finance/general_ledger.xlsx,read,6.55
2026-08-05 09:58:35.465536,u11,u11-laptop,finance/general_ledger.xlsx,read,2.84
2026-08-05 09:58:42.154314,u13,u13-laptop,hr/policies/,write,1.07
2026-08-05 09:59:18.819517,u15,u15-laptop,it/tickets/,read,2.62
2026-08-05 09:59:29.854631,u05,u05-mobile,it/asset_inventory.xlsx,read,1.03
2026-08-05 10:00:58.262713,u07,u07-laptop,eng/repo/frontend/,download,2.9
2026-08-05 10:02:15.660645,u15,u15-laptop,it/scripts/,read,2.36
2026-08-05 10:03:06.712879,u11,u11-laptop,finance/expense_reports/,read,1.67
2026-08-05 10:03:08.009930,u05,u05-mobile,it/tickets/,download,2.33
2026-08-05 10:03:14.609396,u01,u01-laptop,finance/vendor_invoices/,read,3.23
2026-08-05 10:03:46.830228,u13,u13-laptop,hr/policies/,write,7.43
2026-08-05 10:04:16.254758,u13,u13-laptop,hr/onboarding/,read,3.2
2026-08-05 10:07:08.858769,u13,u13-laptop,hr/onboarding/,write,1.87
2026-08-05 10:08:30.419195,u15,u15-laptop,it/tickets/,read,4.19
2026-08-05 10:08:55.586522,u08,u08-laptop,hr/onboarding/,read,1.71
2026-08-05 10:09:21.110991,u15,u15-laptop,it/asset_inventory.xlsx,download,0.56
2026-08-05 10:10:46.097155,u15,u15-laptop,it/scripts/,read,4.36
2026-08-05 10:11:22.131169,u15,u15-laptop,it/asset_inventory.xlsx,write,3.41
2026-08-05 10:12:01.210057,u11,u11-laptop,finance/general_ledger.xlsx,read,1.9
2026-08-05 10:12:51.633184,u13,u13-laptop,hr/policies/,read,0.7
2026-08-05 10:13:05.481908,u11,u11-laptop,finance/expense_reports/,read,1.13
2026-08-05 10:14:38.481964,u01,u01-laptop,finance/general_ledger.xlsx,read,1.18
2026-08-05 10:14:40.475504,u09,u09-laptop,sales/contracts/,write,2.75
2026-08-05 10:15:43.951468,u11,u11-laptop,finance/budget_2026.xlsx,read,0.86
2026-08-05 10:15:48.804598,u06,u06-laptop,finance/budget_2026.xlsx,write,1.93
2026-08-05 10:19:45.470551,u01,u01-laptop,finance/vendor_invoices/,read,0.76
2026-08-05 10:21:48.026423,u07,u07-laptop,eng/ci_logs/,read,2.27
2026-08-05 10:22:43.586505,u15,u15-laptop,it/asset_inventory.xlsx,download,1.65
2026-08-05 10:22:49.386770,u08,u08-laptop,hr/policies/,read,1.31
2026-08-05 10:23:24.814133,u11,u11-laptop,finance/budget_2026.xlsx,read,1.39
2026-08-05 10:23:36.846143,u01,u01-laptop,finance/expense_reports/,read,2.62
2026-08-05 10:24:44.643976,u15,u15-laptop,it/tickets/,read,1.71
2026-08-05 10:24:53.429495,u01,u01-laptop,finance/expense_reports/,read,0.56
2026-08-05 10:27:03.674655,u15,u15-laptop,it/tickets/,read,2.03
2026-08-05 10:27:36.627744,u08,u08-laptop,hr/onboarding/,write,2.33
2026-08-05 10:27:37.425914,u13,u13-laptop,hr/policies/,read,3.67
2026-08-05 10:28:01.817308,u06,u06-laptop,finance/general_ledger.xlsx,read,5.19
2026-08-05 10:28:34.808412,u01,u01-laptop,finance/vendor_invoices/,read,3.74
2026-08-05 10:29:05.388671,u14,u14-laptop,sales/decks/,read,0.75
2026-08-05 10:30:53.890554,u15,u15-laptop,it/tickets/,read,5.74
2026-08-05 10:33:49.838416,u15,u15-laptop,it/scripts/,write,1.56
2026-08-05 10:33:56.592809,u01,u01-laptop,finance/budget_2026.xlsx,read,0.82
2026-08-05 10:34:09.596072,u15,u15-laptop,it/scripts/,download,1.32
2026-08-05 10:34:11.485108,u05,u05-mobile,it/asset_inventory.xlsx,read,1.92
2026-08-05 10:34:48.996933,u08,u08-laptop,hr/policies/,read,6.17
2026-08-05 10:35:38.853687,u07,u07-laptop,eng/design_docs/,read,1.87
2026-08-05 10:36:58.572900,u09,u09-laptop,sales/decks/,read,0.43
2026-08-05 10:37:00.410948,u15,u15-laptop,it/network_diagram.vsdx,write,2.55
2026-08-05 10:37:17.421483,u15,u15-laptop,it/tickets/,write,5.73
2026-08-05 10:38:42.983048,u15,u15-laptop,it/asset_inventory.xlsx,read,7.09
2026-08-05 10:39:14.054284,u15,u15-laptop,it/asset_inventory.xlsx,read,4.35
2026-08-05 10:40:01.894684,u01,u01-laptop,finance/budget_2026.xlsx,read,1.0
2026-08-05 10:42:19.555306,u13,u13-laptop,hr/leave_records.xlsx,read,2.61
2026-08-05 10:42:34.762640,u04,u04-laptop,sales/pipeline.xlsx,read,1.89
2026-08-05 10:42:58.333784,u11,u11-laptop,finance/general_ledger.xlsx,write,1.08
2026-08-05 10:43:19.444863,u04,u04-laptop,sales/contracts/,read,1.97
2026-08-05 10:46:46.864245,u01,u01-laptop,finance/vendor_invoices/,read,0.84
2026-08-05 10:47:24.612922,u13,u13-laptop,hr/policies/,read,0.8
2026-08-05 10:48:10.157848,u08,u08-laptop,hr/employee_records.db,download,5.31
2026-08-05 10:49:07.160289,u07,u07-laptop,eng/design_docs/,download,6.01
2026-08-05 10:49:46.128799,u01,u01-laptop,finance/expense_reports/,read,3.08
2026-08-05 10:49:48.704078,u01,u01-laptop,finance/general_ledger.xlsx,read,0.79
2026-08-05 10:52:03.315776,u01,u01-laptop,finance/general_ledger.xlsx,write,2.21
2026-08-05 10:52:05.898553,u01,u01-laptop,finance/budget_2026.xlsx,download,1.34
2026-08-05 10:52:21.718486,u07,u07-laptop,eng/repo/backend/,read,1.87
2026-08-05 10:53:27.193294,u04,u04-laptop,sales/decks/,read,3.61
2026-08-05 10:53:50.698723,u08,u08-laptop,hr/leave_records.xlsx,read,3.95
2026-08-05 10:54:05.139268,u08,u08-laptop,hr/onboarding/,read,4.81
2026-08-05 10:54:07.985106,u04,u04-laptop,sales/contracts/,write,2.63
2026-08-05 10:54:17.097801,u08,u08-laptop,hr/leave_records.xlsx,read,3.43
2026-08-05 10:56:25.486307,u03,u03-laptop,hr/leave_records.xlsx,read,0.52
2026-08-05 10:56:45.282335,u11,u11-laptop,finance/vendor_invoices/,read,2.07
2026-08-05 10:56:56.919191,u14,u14-laptop,sales/decks/,read,2.03
2026-08-05 10:57:18.783663,u08,u08-laptop,hr/leave_records.xlsx,download,1.44
2026-08-05 10:57:30.017006,u08,u08-laptop,hr/onboarding/,read,3.47
2026-08-05 10:57:41.365322,u07,u07-laptop,eng/design_docs/,read,1.9
2026-08-05 10:58:43.620007,u11,u11-laptop,finance/general_ledger.xlsx,read,2.63
2026-08-05 10:59:46.148935,u07,u07-laptop,eng/design_docs/,read,2.1
2026-08-05 11:00:15.798369,u07,u07-laptop,eng/repo/backend/,read,2.35
2026-08-05 11:00:35.158115,u12,u12-laptop,eng/design_docs/,read,2.13
2026-08-05 11:01:21.882469,u08,u08-laptop,hr/leave_records.xlsx,write,4.02
2026-08-05 11:04:09.823221,u13,u13-laptop,hr/policies/,read,2.05
2026-08-05 11:04:29.344475,u07,u07-laptop,eng/design_docs/,read,1.37
2026-08-05 11:04:56.800988,u04,u04-laptop,sales/decks/,download,1.74
2026-08-05 11:07:19.357763,u13,u13-laptop,hr/onboarding/,read,2.96
2026-08-05 11:09:17.688476,u08,u08-laptop,hr/policies/,read,4.42
2026-08-05 11:09:52.155689,u12,u12-laptop,eng/repo/frontend/,read,1.46
2026-08-05 11:10:33.660960,u05,u05-mobile,it/tickets/,read,0.91
2026-08-05 11:11:45.420910,u13,u13-laptop,hr/leave_records.xlsx,write,2.89
2026-08-05 11:12:51.388440,u04,u04-laptop,sales/client_contracts_confidential/,read,2.13
2026-08-05 11:13:10.287983,u08,u08-laptop,hr/leave_records.xlsx,read,2.79
2026-08-05 11:13:30.120701,u07,u07-laptop,eng/ci_logs/,read,4.97
2026-08-05 11:17:00.442179,u08,u08-laptop,hr/leave_records.xlsx,download,1.53
2026-08-05 11:17:28.981746,u07,u07-laptop,eng/repo/frontend/,read,6.42
2026-08-05 11:18:23.363301,u07,u07-laptop,eng/ci_logs/,write,5.23
2026-08-05 11:19:11.353284,u12,u12-laptop,eng/ci_logs/,read,1.33
2026-08-05 11:19:42.423957,u09,u09-laptop,sales/decks/,read,0.55
2026-08-05 11:20:02.312318,u04,u04-laptop,sales/contracts/,write,4.55
2026-08-05 11:21:52.457120,u08,u08-laptop,hr/leave_records.xlsx,read,2.16
2026-08-05 11:22:48.757840,u09,u09-laptop,sales/pipeline.xlsx,write,0.85
2026-08-05 11:22:58.236875,u04,u04-laptop,sales/pipeline.xlsx,read,2.24
2026-08-05 11:23:05.721204,u12,u12-laptop,eng/ci_logs/,read,1.75
2026-08-05 11:24:31.310753,u08,u08-laptop,hr/leave_records.xlsx,read,3.67
2026-08-05 11:24:39.091748,u12,u12-laptop,eng/repo/frontend/,read,2.0
2026-08-05 11:26:32.447537,u04,u04-laptop,sales/contracts/,write,2.0
2026-08-05 11:26:33.275901,u07,u07-laptop,eng/repo/frontend/,read,2.38
2026-08-05 11:27:47.236809,u12,u12-laptop,eng/repo/backend/,download,5.12
2026-08-05 11:28:52.440493,u08,u08-laptop,hr/policies/,read,4.14
2026-08-05 11:29:05.102086,u12,u12-laptop,eng/design_docs/,read,0.9
2026-08-05 11:29:08.114809,u12,u12-laptop,eng/repo/frontend/,read,5.26
2026-08-05 11:30:50.251848,u08,u08-laptop,hr/leave_records.xlsx,write,5.83
2026-08-05 11:31:47.674083,u08,u08-laptop,hr/onboarding/,write,4.41
2026-08-05 11:31:59.740023,u07,u07-laptop,eng/design_docs/,read,2.18
2026-08-05 11:32:30.052598,u13,u13-laptop,hr/leave_records.xlsx,read,3.77
2026-08-05 11:32:36.750008,u12,u12-laptop,eng/design_docs/,write,5.88
2026-08-05 11:32:37.287028,u08,u08-laptop,hr/onboarding/,write,2.31
2026-08-05 11:34:19.558160,u13,u13-laptop,hr/policies/,read,0.74
2026-08-05 11:38:28.701240,u11,u11-laptop,finance/vendor_invoices/,read,2.52
2026-08-05 11:40:51.856779,u13,u13-laptop,hr/leave_records.xlsx,read,6.44
2026-08-05 11:40:57.938656,u04,u04-laptop,sales/decks/,read,7.38
2026-08-05 11:46:30.021478,u12,u12-laptop,eng/design_docs/,read,8.05
2026-08-05 11:47:12.876235,u12,u12-laptop,eng/ci_logs/,read,1.31
2026-08-05 11:47:15.687074,u12,u12-laptop,eng/repo/backend/,read,1.47
2026-08-05 11:47:19.438765,u03,u03-laptop,hr/onboarding/,read,0.86
2026-08-05 11:47:43.916872,u13,u13-laptop,hr/leave_records.xlsx,read,2.01
2026-08-05 11:50:09.277058,u12,u12-laptop,eng/ci_logs/,read,2.71
2026-08-05 11:51:21.296054,u13,u13-laptop,hr/leave_records.xlsx,read,4.0
2026-08-05 11:51:44.590278,u04,u04-laptop,sales/decks/,download,1.84
2026-08-05 11:52:15.238155,u12,u12-laptop,eng/repo/backend/,read,1.41
2026-08-05 11:52:53.624120,u04,u04-laptop,sales/decks/,read,3.54
2026-08-05 11:53:23.386867,u12,u12-laptop,eng/design_docs/,read,3.38
2026-08-05 11:53:26.087959,u04,u04-laptop,sales/decks/,write,2.9
2026-08-05 11:54:36.934416,u11,u11-laptop,finance/general_ledger.xlsx,read,1.21
2026-08-05 11:55:49.391168,u08,u08-laptop,hr/policies/,read,3.09
2026-08-05 11:57:16.320530,u05,u05-mobile,it/scripts/,write,0.7
2026-08-05 11:57:22.023376,u12,u12-laptop,eng/repo/frontend/,read,1.73
2026-08-05 11:58:45.959194,u08,u08-laptop,hr/onboarding/,read,4.99
2026-08-05 11:58:46.603598,u12,u12-laptop,eng/infra/terraform_state.tfstate,read,2.64
2026-08-05 12:01:15.166629,u08,u08-laptop,hr/leave_records.xlsx,write,1.11
2026-08-05 12:02:04.410908,u13,u13-laptop,hr/policies/,read,1.57
2026-08-05 12:04:16.118157,u13,u13-laptop,hr/onboarding/,read,4.55
2026-08-05 12:05:52.838444,u05,u05-mobile,it/scripts/,write,1.4
2026-08-05 12:06:46.859834,u08,u08-laptop,hr/onboarding/,write,3.45
2026-08-05 12:07:47.785278,u12,u12-laptop,eng/design_docs/,read,3.49
2026-08-05 12:10:55.267772,u12,u12-laptop,eng/repo/backend/,read,0.95
2026-08-05 12:13:28.597691,u12,u12-laptop,eng/repo/backend/,read,2.42
2026-08-05 12:14:33.549622,u09,u09-laptop,sales/contracts/,download,5.4
2026-08-05 12:18:34.445133,u14,u14-laptop,sales/pipeline.xlsx,read,1.13
2026-08-05 12:22:57.482131,u08,u08-laptop,hr/onboarding/,write,5.16
2026-08-05 12:23:34.975846,u02,u02-laptop,eng/ci_logs/,write,2.38
2026-08-05 12:28:22.454254,u14,u14-laptop,sales/decks/,read,2.65
2026-08-05 12:29:05.499019,u12,u12-laptop,eng/design_docs/,write,3.32
2026-08-05 12:29:25.280434,u08,u08-laptop,hr/leave_records.xlsx,read,5.4
2026-08-05 12:30:12.220158,u02,u02-laptop,eng/repo/backend/,read,1.12
2026-08-05 12:33:34.934204,u08,u08-laptop,hr/policies/,read,2.88
2026-08-05 12:33:47.228612,u09,u09-laptop,sales/contracts/,read,4.57
2026-08-05 12:47:30.975677,u05,u05-mobile,it/asset_inventory.xlsx,read,0.61
2026-08-05 12:52:32.938273,u03,u03-laptop,hr/leave_records.xlsx,read,3.06
2026-08-05 12:53:28.552660,u05,u05-mobile,it/tickets/,download,2.12
2026-08-05 12:56:05.188816,u02,u02-laptop,eng/prod_credentials.env,read,1.05
2026-08-05 12:58:45.889799,u09,u09-laptop,sales/contracts/,read,1.66
2026-08-05 13:03:04.708392,u03,u03-laptop,hr/leave_records.xlsx,download,2.75
2026-08-05 13:04:21.746163,u09,u09-laptop,sales/contracts/,read,1.44
2026-08-05 13:05:44.728218,u14,u14-laptop,sales/decks/,write,0.38
2026-08-05 13:12:38.865653,u09,u09-laptop,sales/pipeline.xlsx,read,1.49
2026-08-05 13:14:28.356139,u14,u14-laptop,sales/pipeline.xlsx,read,1.02
2026-08-05 13:16:16.097173,u07,u07-laptop,eng/repo/backend/,read,3.3
2026-08-05 13:22:29.921717,u14,u14-laptop,sales/decks/,read,0.84
2026-08-05 13:25:15.863108,u05,u05-mobile,it/asset_inventory.xlsx,read,1.49
2026-08-05 13:27:52.701888,u02,u02-laptop,eng/repo/backend/,write,1.74
2026-08-05 13:29:59.242238,u02,u02-laptop,eng/ci_logs/,write,4.72
2026-08-05 13:31:17.908809,u02,u02-laptop,eng/ci_logs/,read,2.58
2026-08-05 13:35:32.494885,u14,u14-laptop,sales/contracts/,read,1.06
2026-08-05 13:40:30.981814,u02,u02-laptop,eng/repo/backend/,read,1.13
2026-08-05 13:43:10.519462,u02,u02-laptop,eng/ci_logs/,read,1.66
2026-08-05 13:45:31.054618,u05,u05-mobile,it/asset_inventory.xlsx,read,1.15
2026-08-05 13:59:39.753119,u05,u05-mobile,it/tickets/,read,1.91
2026-08-05 14:01:09.237249,u05,u05-mobile,it/tickets/,read,5.96
2026-08-05 14:24:21.516398,u05,u05-mobile,it/scripts/,write,0.75
2026-08-05 14:26:18.821889,u05,u05-mobile,it/tickets/,read,2.17
2026-08-05 14:28:37.863556,u05,u05-mobile,it/tickets/,write,1.79
2026-08-05 14:38:35.485941,u05,u05-mobile,it/asset_inventory.xlsx,read,0.77
2026-08-05 21:35:53.328185,u10,u10-laptop,it/scripts/,read,3.52
2026-08-05 21:47:14.388325,u10,u10-laptop,it/asset_inventory.xlsx,read,1.23
2026-08-05 21:49:39.262340,u10,u10-laptop,it/tickets/,write,2.17
2026-08-05 21:51:16.316933,u10,u10-laptop,it/tickets/,write,1.23
2026-08-05 21:51:40.064134,u10,u10-laptop,it/tickets/,read,1.9
2026-08-05 21:53:30.445687,u10,u10-laptop,it/tickets/,read,1.48
2026-08-05 21:56:11.988094,u10,u10-laptop,it/asset_inventory.xlsx,write,1.93
2026-08-05 22:00:10.402257,u10,u10-laptop,it/scripts/,read,0.87
2026-08-05 22:01:04.104249,u10,u10-laptop,it/scripts/,read,3.44
2026-08-05 22:01:31.410053,u10,u10-laptop,it/scripts/,write,2.55
2026-08-05 22:03:41.118343,u10,u10-laptop,it/asset_inventory.xlsx,read,1.25
2026-08-05 22:07:16.966318,u10,u10-laptop,it/scripts/,read,1.1
2026-08-05 22:19:53.101569,u10,u10-laptop,it/tickets/,download,2.27
2026-08-05 22:39:37.536245,u10,u10-laptop,it/scripts/,read,1.02
2026-08-05 22:41:48.047275,u10,u10-laptop,it/scripts/,download,0.87
2026-08-05 22:42:36.416393,u10,u10-laptop,it/tickets/,read,1.0
2026-08-05 22:51:35.884634,u10,u10-laptop,it/asset_inventory.xlsx,read,1.41
2026-08-05 23:01:00.983154,u10,u10-laptop,it/scripts/,read,2.34
2026-08-06 07:42:14.154420,u06,u06-laptop,finance/budget_2026.xlsx,read,4.29
2026-08-06 07:45:09.566762,u06,u06-laptop,finance/general_ledger.xlsx,read,2.97
2026-08-06 07:49:43.589740,u06,u06-laptop,finance/general_ledger.xlsx,write,3.03
2026-08-06 07:50:33.412625,u06,u06-laptop,finance/vendor_invoices/,read,5.18
2026-08-06 08:05:54.614816,u06,u06-laptop,finance/budget_2026.xlsx,read,15.14
2026-08-06 08:09:47.047424,u06,u06-laptop,finance/expense_reports/,read,5.35
2026-08-06 08:20:05.378996,u06,u06-laptop,finance/budget_2026.xlsx,read,6.42
2026-08-06 08:24:15.823115,u06,u06-laptop,finance/expense_reports/,read,3.49
2026-08-06 08:25:24.982668,u06,u06-laptop,finance/general_ledger.xlsx,write,2.93
2026-08-06 08:28:09.171495,u06,u06-laptop,finance/expense_reports/,read,3.77
2026-08-06 08:32:29.510661,u06,u06-laptop,finance/budget_2026.xlsx,read,4.36
2026-08-06 08:33:10.508544,u06,u06-laptop,finance/expense_reports/,read,1.89
2026-08-06 08:33:12.992929,u06,u06-laptop,finance/budget_2026.xlsx,read,2.81
2026-08-06 08:37:18.794637,u06,u06-laptop,finance/expense_reports/,write,7.13
2026-08-06 08:40:07.363376,u06,u06-laptop,finance/vendor_invoices/,read,1.91
2026-08-06 08:43:34.130012,u08,u08-laptop,hr/onboarding/,read,5.15
2026-08-06 08:44:23.760015,u06,u06-laptop,finance/vendor_invoices/,read,4.05
2026-08-06 08:49:20.925338,u08,u08-laptop,hr/policies/,write,4.29
2026-08-06 08:50:50.861992,u06,u06-laptop,finance/budget_2026.xlsx,read,4.14
2026-08-06 08:51:51.318862,u13,u13-laptop,hr/policies/,download,2.12
2026-08-06 08:53:42.088213,u07,u07-laptop,eng/ci_logs/,read,1.62
2026-08-06 08:53:55.760366,u07,u07-laptop,eng/ci_logs/,read,2.68
2026-08-06 08:54:55.179619,u06,u06-laptop,finance/vendor_invoices/,write,2.32
2026-08-06 08:55:04.356231,u07,u07-laptop,eng/design_docs/,read,1.73
2026-08-06 08:55:47.062340,u06,u06-laptop,finance/expense_reports/,download,2.04
2026-08-06 08:56:54.277947,u06,u06-laptop,finance/budget_2026.xlsx,read,6.02
2026-08-06 08:59:01.267892,u07,u07-laptop,eng/repo/backend/,download,2.72
2026-08-06 08:59:47.375423,u09,u09-laptop,sales/pipeline.xlsx,read,2.1
2026-08-06 09:00:06.106565,u01,u01-laptop,finance/budget_2026.xlsx,read,2.7
2026-08-06 09:00:46.794562,u09,u09-laptop,sales/pipeline.xlsx,read,3.94
2026-08-06 09:02:31.725842,u06,u06-laptop,finance/expense_reports/,read,2.19
2026-08-06 09:05:49.626143,u08,u08-laptop,hr/leave_records.xlsx,read,2.59
2026-08-06 09:07:36.067428,u07,u07-laptop,eng/repo/backend/,read,2.58
2026-08-06 09:10:10.992984,u01,u01-laptop,finance/general_ledger.xlsx,read,0.98
2026-08-06 09:12:11.403840,u07,u07-laptop,eng/ci_logs/,read,5.21
2026-08-06 09:14:07.865201,u08,u08-laptop,hr/onboarding/,write,2.29
2026-08-06 09:17:33.765012,u13,u13-laptop,hr/onboarding/,read,1.33
2026-08-06 09:20:22.711847,u09,u09-laptop,sales/decks/,read,4.12
2026-08-06 09:20:35.756846,u08,u08-laptop,hr/leave_records.xlsx,read,3.06
2026-08-06 09:20:58.157332,u01,u01-laptop,finance/general_ledger.xlsx,read,2.26
2026-08-06 09:20:58.348445,u08,u08-laptop,hr/onboarding/,read,2.55
2026-08-06 09:23:51.596480,u07,u07-laptop,eng/design_docs/,read,8.9
2026-08-06 09:24:19.491518,u13,u13-laptop,hr/policies/,read,3.18
2026-08-06 09:27:56.825927,u07,u07-laptop,eng/ci_logs/,read,2.37
2026-08-06 09:32:01.148526,u01,u01-laptop,finance/general_ledger.xlsx,read,0.55
2026-08-06 09:36:11.831986,u13,u13-laptop,hr/leave_records.xlsx,read,7.07
2026-08-06 09:37:30.315226,u01,u01-laptop,finance/vendor_invoices/,read,0.84
2026-08-06 09:37:51.877006,u08,u08-laptop,hr/policies/,write,10.07
2026-08-06 09:37:56.823612,u08,u08-laptop,hr/leave_records.xlsx,read,1.21
2026-08-06 09:38:15.651808,u07,u07-laptop,eng/design_docs/,read,3.75
2026-08-06 09:43:02.138076,u08,u08-laptop,hr/policies/,download,2.83
2026-08-06 09:43:47.051839,u07,u07-laptop,eng/repo/frontend/,read,3.21
2026-08-06 09:44:58.144079,u08,u08-laptop,hr/policies/,read,4.25
2026-08-06 09:46:24.193189,u14,u14-laptop,sales/pipeline.xlsx,read,1.76
2026-08-06 09:46:50.265528,u12,u12-laptop,eng/repo/backend/,read,1.24
2026-08-06 09:47:22.160226,u14,u14-laptop,sales/pipeline.xlsx,read,2.36
2026-08-06 09:48:16.212316,u01,u01-laptop,finance/vendor_invoices/,write,2.7
2026-08-06 09:49:02.100921,u08,u08-laptop,hr/policies/,read,2.78
2026-08-06 09:49:09.517449,u13,u13-laptop,hr/onboarding/,read,3.09
2026-08-06 09:49:39.748812,u15,u15-laptop,it/scripts/,download,4.26
2026-08-06 09:49:56.918024,u08,u08-laptop,hr/policies/,read,1.81
2026-08-06 09:51:55.660894,u08,u08-laptop,hr/policies/,write,2.32
2026-08-06 09:52:00.655584,u01,u01-laptop,finance/vendor_invoices/,write,4.66
2026-08-06 09:52:10.234965,u15,u15-laptop,it/scripts/,download,5.83
2026-08-06 09:53:26.887552,u14,u14-laptop,sales/pipeline.xlsx,write,0.6
2026-08-06 09:54:06.841570,u15,u15-laptop,it/scripts/,read,8.06
2026-08-06 09:54:22.013261,u09,u09-laptop,sales/pipeline.xlsx,write,0.9
2026-08-06 09:55:07.285507,u13,u13-laptop,hr/policies/,read,1.01
2026-08-06 09:55:26.031314,u15,u15-laptop,it/asset_inventory.xlsx,read,3.11
2026-08-06 09:56:04.163881,u09,u09-laptop,sales/decks/,read,2.92
2026-08-06 09:58:00.710739,u14,u14-laptop,sales/pipeline.xlsx,write,1.15
2026-08-06 09:59:59.639639,u15,u15-laptop,it/tickets/,download,5.94
2026-08-06 10:00:42.563727,u07,u07-laptop,eng/design_docs/,read,3.74
2026-08-06 10:01:41.376623,u15,u15-laptop,it/asset_inventory.xlsx,read,6.48
2026-08-06 10:02:48.517200,u15,u15-laptop,it/tickets/,read,2.81
2026-08-06 10:03:25.532017,u15,u15-laptop,it/asset_inventory.xlsx,read,4.28
2026-08-06 10:03:35.866451,u13,u13-laptop,hr/leave_records.xlsx,read,5.56
2026-08-06 10:04:54.704811,u01,u01-laptop,finance/vendor_invoices/,write,1.04
2026-08-06 10:05:05.114381,u07,u07-laptop,eng/design_docs/,read,6.5
2026-08-06 10:05:20.982817,u14,u14-laptop,sales/pipeline.xlsx,read,0.94
2026-08-06 10:06:29.171453,u15,u15-laptop,it/asset_inventory.xlsx,read,2.32
2026-08-06 10:09:12.486282,u07,u07-laptop,eng/repo/frontend/,read,2.12
2026-08-06 10:11:59.163911,u01,u01-laptop,finance/budget_2026.xlsx,download,4.13
2026-08-06 10:12:15.658903,u15,u15-laptop,it/tickets/,read,2.72
2026-08-06 10:12:19.104079,u12,u12-laptop,eng/design_docs/,read,4.83
2026-08-06 10:13:35.420298,u15,u15-laptop,it/scripts/,read,1.36
2026-08-06 10:13:42.684297,u15,u15-laptop,it/asset_inventory.xlsx,write,3.43
2026-08-06 10:14:15.572771,u12,u12-laptop,eng/ci_logs/,read,4.39
2026-08-06 10:15:12.711344,u14,u14-laptop,sales/contracts/,read,0.33
2026-08-06 10:15:20.336024,u14,u14-laptop,sales/decks/,write,0.84
2026-08-06 10:15:25.720797,u09,u09-laptop,sales/decks/,write,2.08
2026-08-06 10:15:45.538871,u13,u13-laptop,hr/policies/,read,6.82
2026-08-06 10:16:48.747059,u15,u15-laptop,it/asset_inventory.xlsx,read,3.48
2026-08-06 10:17:26.681288,u14,u14-laptop,sales/contracts/,read,1.1
2026-08-06 10:18:41.019116,u13,u13-laptop,hr/onboarding/,read,4.2
2026-08-06 10:18:43.593472,u12,u12-laptop,eng/repo/backend/,read,1.56
2026-08-06 10:19:39.671341,u01,u01-laptop,finance/vendor_invoices/,write,2.41
2026-08-06 10:19:41.063297,u15,u15-laptop,it/tickets/,download,6.35
2026-08-06 10:20:02.678435,u15,u15-laptop,it/scripts/,read,1.64
2026-08-06 10:20:17.145881,u14,u14-laptop,sales/pipeline.xlsx,read,1.2
2026-08-06 10:21:39.510016,u13,u13-laptop,hr/policies/,read,4.0
2026-08-06 10:21:53.780875,u12,u12-laptop,eng/design_docs/,write,0.86
2026-08-06 10:22:04.125272,u12,u12-laptop,eng/ci_logs/,read,3.49
2026-08-06 10:22:52.981838,u14,u14-laptop,sales/decks/,write,0.63
2026-08-06 10:26:11.628836,u13,u13-laptop,hr/onboarding/,read,1.09
2026-08-06 10:28:47.175210,u15,u15-laptop,it/scripts/,read,2.83
2026-08-06 10:29:10.971565,u15,u15-laptop,it/tickets/,write,6.71
2026-08-06 10:29:30.586164,u14,u14-laptop,sales/contracts/,write,1.26
2026-08-06 10:29:48.884050,u13,u13-laptop,hr/policies/,read,2.45
2026-08-06 10:31:26.788514,u03,u03-laptop,hr/leave_records.xlsx,read,1.32
2026-08-06 10:32:32.640411,u15,u15-laptop,it/tickets/,write,4.24
2026-08-06 10:33:14.794792,u03,u03-laptop,hr/leave_records.xlsx,read,1.14
2026-08-06 10:33:18.629478,u15,u15-laptop,it/asset_inventory.xlsx,read,5.74
2026-08-06 10:33:22.692955,u15,u15-laptop,it/tickets/,download,1.69
2026-08-06 10:34:02.613480,u05,u05-mobile,it/asset_inventory.xlsx,read,0.62
2026-08-06 10:34:11.345249,u12,u12-laptop,eng/repo/frontend/,write,2.38
2026-08-06 10:35:02.211128,u14,u14-laptop,sales/decks/,download,1.54
2026-08-06 10:35:30.486401,u05,u05-mobile,it/asset_inventory.xlsx,read,0.47
2026-08-06 10:37:39.618264,u03,u03-laptop,hr/onboarding/,read,2.8
2026-08-06 10:37:48.837732,u15,u15-laptop,it/asset_inventory.xlsx,read,2.22
2026-08-06 10:37:58.755073,u15,u15-laptop,it/tickets/,read,2.65
2026-08-06 10:41:38.934442,u15,u15-laptop,it/scripts/,read,2.08
2026-08-06 10:43:11.270941,u12,u12-laptop,eng/design_docs/,download,3.3
2026-08-06 10:43:13.872408,u14,u14-laptop,sales/contracts/,read,1.6
2026-08-06 10:43:22.787692,u15,u15-laptop,it/tickets/,read,2.51
2026-08-06 10:43:41.638702,u12,u12-laptop,eng/repo/backend/,read,4.52
2026-08-06 10:46:19.145941,u05,u05-mobile,it/asset_inventory.xlsx,read,1.01
2026-08-06 10:46:19.966796,u12,u12-laptop,eng/design_docs/,write,5.63
2026-08-06 10:46:23.776242,u07,u07-laptop,eng/repo/frontend/,read,3.81
2026-08-06 10:47:09.691437,u14,u14-laptop,sales/decks/,write,0.65
2026-08-06 10:47:57.734531,u12,u12-laptop,eng/ci_logs/,read,1.74
2026-08-06 10:48:27.926298,u15,u15-laptop,it/asset_inventory.xlsx,read,2.31
2026-08-06 10:48:52.618174,u05,u05-mobile,it/tickets/,read,4.48
2026-08-06 10:51:27.515120,u15,u15-laptop,it/scripts/,read,1.79
2026-08-06 10:52:09.712533,u12,u12-laptop,eng/ci_logs/,download,5.78
2026-08-06 10:52:37.709603,u13,u13-laptop,hr/policies/,download,1.83
2026-08-06 10:53:11.793774,u05,u05-mobile,it/tickets/,read,0.91
2026-08-06 10:53:58.116073,u12,u12-laptop,eng/design_docs/,read,1.56
2026-08-06 10:54:26.791698,u14,u14-laptop,sales/contracts/,write,1.39
2026-08-06 10:55:50.227489,u05,u05-mobile,it/asset_inventory.xlsx,read,1.77
2026-08-06 10:58:53.615845,u13,u13-laptop,hr/policies/,read,1.16
2026-08-06 10:58:56.130485,u15,u15-laptop,it/tickets/,read,1.78
2026-08-06 10:59:07.856995,u14,u14-laptop,sales/pipeline.xlsx,read,1.47
2026-08-06 11:00:22.441906,u05,u05-mobile,it/scripts/,download,0.85
2026-08-06 11:00:54.874696,u13,u13-laptop,hr/policies/,write,1.58
2026-08-06 11:01:59.121978,u05,u05-mobile,it/scripts/,read,0.54
2026-08-06 11:02:12.665766,u12,u12-laptop,eng/design_docs/,read,4.28
2026-08-06 11:06:06.856132,u15,u15-laptop,it/scripts/,read,4.75
2026-08-06 11:06:13.380805,u12,u12-laptop,eng/ci_logs/,read,1.93
2026-08-06 11:07:55.854205,u13,u13-laptop,hr/onboarding/,write,5.07
2026-08-06 11:09:06.926338,u15,u15-laptop,it/asset_inventory.xlsx,write,1.58
2026-08-06 11:09:14.304920,u15,u15-laptop,it/scripts/,download,2.21
2026-08-06 11:09:51.043889,u15,u15-laptop,it/scripts/,download,2.26
2026-08-06 11:11:03.920872,u09,u09-laptop,sales/pipeline.xlsx,download,1.86
2026-08-06 11:11:05.580339,u15,u15-laptop,it/scripts/,download,1.97
2026-08-06 11:11:26.272663,u07,u07-laptop,eng/ci_logs/,read,2.81
2026-08-06 11:12:47.278430,u15,u15-laptop,it/scripts/,read,3.56
2026-08-06 11:13:42.228748,u13,u13-laptop,hr/leave_records.xlsx,download,1.28
2026-08-06 11:14:27.471377,u13,u13-laptop,hr/onboarding/,write,0.6
2026-08-06 11:15:07.666815,u15,u15-laptop,it/asset_inventory.xlsx,write,4.01
2026-08-06 11:16:00.678579,u05,u05-mobile,it/tickets/,read,1.54
2026-08-06 11:16:33.471858,u12,u12-laptop,eng/design_docs/,read,2.76
2026-08-06 11:17:42.518650,u01,u01-laptop,finance/general_ledger.xlsx,read,1.28
2026-08-06 11:20:19.181042,u15,u15-laptop,it/tickets/,download,1.39
2026-08-06 11:20:44.110917,u09,u09-laptop,sales/decks/,read,2.53
2026-08-06 11:22:19.949454,u03,u03-laptop,hr/leave_records.xlsx,read,0.95
2026-08-06 11:22:24.027030,u13,u13-laptop,hr/policies/,read,1.33
2026-08-06 11:22:28.075654,u05,u05-mobile,it/scripts/,read,2.33
2026-08-06 11:22:43.221829,u05,u05-mobile,it/asset_inventory.xlsx,write,2.7
2026-08-06 11:23:14.088879,u05,u05-mobile,it/scripts/,read,1.51
2026-08-06 11:26:08.765298,u01,u01-laptop,finance/expense_reports/,read,1.12
2026-08-06 11:26:45.540934,u03,u03-laptop,hr/onboarding/,read,1.85
2026-08-06 11:28:25.908609,u09,u09-laptop,sales/pipeline.xlsx,read,1.61
2026-08-06 11:28:50.170107,u04,u04-laptop,sales/decks/,read,1.58
2026-08-06 11:29:09.237336,u12,u12-laptop,eng/ci_logs/,read,1.45
2026-08-06 11:30:03.642953,u03,u03-laptop,hr/policies/,read,0.69
2026-08-06 11:30:28.916411,u01,u01-laptop,finance/vendor_invoices/,read,1.63
2026-08-06 11:30:55.233516,u13,u13-laptop,hr/onboarding/,download,3.56
2026-08-06 11:31:30.136319,u04,u04-laptop,sales/pipeline.xlsx,read,11.86
2026-08-06 11:33:08.092561,u12,u12-laptop,eng/design_docs/,read,3.21
2026-08-06 11:33:17.698261,u05,u05-mobile,it/scripts/,write,1.5
2026-08-06 11:33:53.896382,u03,u03-laptop,hr/leave_records.xlsx,read,1.25
2026-08-06 11:36:20.532488,u04,u04-laptop,sales/contracts/,write,1.83
2026-08-06 11:37:25.439522,u03,u03-laptop,hr/policies/,read,2.34
2026-08-06 11:40:00.908691,u04,u04-laptop,sales/decks/,read,9.86
2026-08-06 11:40:13.315465,u03,u03-laptop,hr/leave_records.xlsx,read,1.52
2026-08-06 11:40:43.525172,u04,u04-laptop,sales/decks/,read,1.74
2026-08-06 11:41:55.326376,u07,u07-laptop,eng/repo/backend/,read,3.71
2026-08-06 11:42:07.836882,u04,u04-laptop,sales/pipeline.xlsx,read,2.99
2026-08-06 11:42:36.427136,u03,u03-laptop,hr/policies/,write,0.53
2026-08-06 11:42:58.795483,u04,u04-laptop,sales/contracts/,read,6.54
2026-08-06 11:45:07.398069,u07,u07-laptop,eng/design_docs/,read,3.01
2026-08-06 11:46:05.985716,u05,u05-mobile,it/tickets/,read,0.99
2026-08-06 11:46:13.405311,u13,u13-laptop,hr/leave_records.xlsx,download,5.23
2026-08-06 11:46:58.478010,u07,u07-laptop,eng/ci_logs/,download,9.5
2026-08-06 11:49:14.060969,u13,u13-laptop,hr/leave_records.xlsx,read,1.77
2026-08-06 11:50:16.649992,u12,u12-laptop,eng/repo/backend/,read,2.18
2026-08-06 11:50:37.867443,u13,u13-laptop,hr/policies/,read,1.72
2026-08-06 11:51:18.591008,u07,u07-laptop,eng/repo/frontend/,write,10.72
2026-08-06 11:51:43.261403,u03,u03-laptop,hr/policies/,read,1.47
2026-08-06 11:53:40.306463,u03,u03-laptop,hr/onboarding/,read,3.55
2026-08-06 11:56:51.030506,u05,u05-mobile,it/asset_inventory.xlsx,read,1.12
2026-08-06 11:58:24.242212,u04,u04-laptop,sales/pipeline.xlsx,read,6.86
2026-08-06 11:58:59.798381,u13,u13-laptop,hr/leave_records.xlsx,read,4.36
2026-08-06 12:00:31.455190,u05,u05-mobile,it/asset_inventory.xlsx,read,1.46
2026-08-06 12:01:50.420630,u01,u01-laptop,finance/vendor_invoices/,read,0.92
2026-08-06 12:04:18.299431,u07,u07-laptop,eng/repo/frontend/,read,6.34
2026-08-06 12:04:29.330938,u04,u04-laptop,sales/decks/,read,3.49
2026-08-06 12:06:07.850735,u04,u04-laptop,sales/decks/,write,4.91
2026-08-06 12:06:16.407589,u07,u07-laptop,eng/design_docs/,write,3.77
2026-08-06 12:07:46.512497,u04,u04-laptop,sales/pipeline.xlsx,download,2.42
2026-08-06 12:09:58.288209,u01,u01-laptop,finance/budget_2026.xlsx,read,0.41
2026-08-06 12:11:56.104135,u04,u04-laptop,sales/pipeline.xlsx,write,1.87
2026-08-06 12:13:52.311768,u07,u07-laptop,eng/repo/backend/,read,4.16
2026-08-06 12:22:58.942529,u01,u01-laptop,finance/expense_reports/,read,3.7
2026-08-06 12:24:05.958370,u01,u01-laptop,finance/budget_2026.xlsx,read,1.39
2026-08-06 12:24:23.373423,u04,u04-laptop,sales/contracts/,read,3.72
2026-08-06 12:26:07.511191,u04,u04-laptop,sales/decks/,read,4.33
2026-08-06 12:28:49.969428,u13,u13-laptop,hr/policies/,download,2.76
2026-08-06 12:37:21.487883,u01,u01-laptop,finance/budget_2026.xlsx,read,1.32
2026-08-06 12:49:33.778196,u04,u04-laptop,sales/pipeline.xlsx,read,0.9
2026-08-06 12:49:52.275512,u04,u04-laptop,sales/contracts/,write,4.99
2026-08-06 12:52:06.550635,u08,u08-laptop,hr/policies/,read,1.11
2026-08-06 12:55:15.166987,u04,u04-laptop,sales/pipeline.xlsx,write,2.21
2026-08-06 12:55:16.120700,u04,u04-laptop,sales/contracts/,write,11.08
2026-08-06 13:03:12.646767,u08,u08-laptop,hr/onboarding/,read,4.07
2026-08-06 13:13:41.831261,u08,u08-laptop,hr/leave_records.xlsx,read,0.83
2026-08-06 13:15:36.825767,u08,u08-laptop,hr/policies/,read,6.8
2026-08-06 13:18:42.543515,u08,u08-laptop,hr/onboarding/,read,4.09
2026-08-06 13:33:01.136916,u08,u08-laptop,hr/policies/,read,0.71
2026-08-06 13:34:27.909657,u08,u08-laptop,hr/policies/,read,4.26
2026-08-06 13:43:46.079576,u08,u08-laptop,hr/onboarding/,write,1.96
2026-08-06 13:52:08.096956,u08,u08-laptop,hr/onboarding/,read,8.81
2026-08-06 14:08:04.743808,u08,u08-laptop,hr/policies/,read,4.2
2026-08-06 14:37:59.761580,u02,u02-laptop,eng/repo/backend/,write,3.01
2026-08-06 14:51:47.202536,u02,u02-laptop,eng/design_docs/,read,2.36
2026-08-06 14:53:24.096603,u02,u02-laptop,eng/ci_logs/,read,3.27
2026-08-06 14:55:01.204794,u02,u02-laptop,eng/repo/backend/,download,1.85
2026-08-06 15:12:35.794333,u02,u02-laptop,eng/repo/frontend/,read,2.95
2026-08-06 15:23:26.788375,u02,u02-laptop,eng/repo/backend/,write,2.46
2026-08-06 15:25:47.598719,u02,u02-laptop,eng/repo/backend/,read,2.56
2026-08-06 15:31:06.503145,u02,u02-laptop,eng/ci_logs/,read,2.25
2026-08-06 15:33:34.486410,u02,u02-laptop,eng/repo/backend/,read,1.34
2026-08-06 15:37:20.647098,u02,u02-laptop,eng/design_docs/,read,2.68
2026-08-06 15:37:57.954156,u02,u02-laptop,eng/ci_logs/,download,1.32
2026-08-06 15:37:58.654844,u02,u02-laptop,eng/repo/backend/,read,3.88
2026-08-06 15:52:27.333512,u02,u02-laptop,eng/ci_logs/,read,1.21
2026-08-06 15:53:43.397928,u02,u02-laptop,eng/ci_logs/,read,4.19
2026-08-06 15:55:58.321755,u02,u02-laptop,eng/repo/frontend/,read,0.67
2026-08-06 22:59:39.554461,u10,u10-laptop,it/tickets/,read,1.77
2026-08-06 23:04:45.179403,u10,u10-laptop,it/asset_inventory.xlsx,read,5.36
2026-08-06 23:07:42.290375,u10,u10-laptop,it/scripts/,read,6.06
2026-08-06 23:07:58.217937,u10,u10-laptop,it/tickets/,read,1.04
2026-08-06 23:17:51.584487,u10,u10-laptop,it/tickets/,read,1.12
2026-08-06 23:20:48.525657,u10,u10-laptop,it/asset_inventory.xlsx,read,0.78
2026-08-06 23:34:25.548567,u10,u10-laptop,it/asset_inventory.xlsx,download,0.81
2026-08-06 23:50:47.477934,u10,u10-laptop,it/tickets/,download,3.77
2026-08-06 23:55:45.903644,u10,u10-laptop,it/tickets/,read,0.89
2026-08-07 00:27:26.369143,u10,u10-laptop,it/tickets/,read,1.91
2026-08-07 00:28:49.730008,u10,u10-laptop,it/scripts/,read,2.26
2026-08-07 00:30:41.219617,u10,u10-laptop,it/tickets/,write,2.5
2026-08-07 00:40:14.731793,u10,u10-laptop,it/scripts/,read,2.66
2026-08-07 00:44:57.374079,u10,u10-laptop,it/tickets/,write,5.31
2026-08-07 06:31:38.635200,u06,u06-laptop,finance/general_ledger.xlsx,read,4.37
2026-08-07 07:10:35.534310,u06,u06-laptop,finance/general_ledger.xlsx,read,1.16
2026-08-07 07:26:58.746256,u02,u02-laptop,eng/repo/frontend/,download,1.74
2026-08-07 07:27:59.556289,u06,u06-laptop,finance/expense_reports/,write,4.48
2026-08-07 07:34:18.816703,u15,u15-laptop,it/tickets/,download,1.49
2026-08-07 07:48:24.121982,u15,u15-laptop,it/asset_inventory.xlsx,read,3.22
2026-08-07 07:55:14.130097,u15,u15-laptop,it/scripts/,write,6.88
2026-08-07 07:57:50.845217,u15,u15-laptop,it/asset_inventory.xlsx,read,3.14
2026-08-07 08:02:34.835191,u02,u02-laptop,eng/ci_logs/,read,2.84
2026-08-07 08:07:17.026233,u15,u15-laptop,it/asset_inventory.xlsx,write,1.76
2026-08-07 08:08:36.476415,u15,u15-laptop,it/scripts/,read,4.77
2026-08-07 08:09:35.886482,u15,u15-laptop,it/scripts/,read,0.79
2026-08-07 08:10:24.198548,u15,u15-laptop,it/asset_inventory.xlsx,write,5.15
2026-08-07 08:12:46.022781,u07,u07-laptop,eng/repo/frontend/,read,5.41
2026-08-07 08:15:04.422037,u07,u07-laptop,eng/ci_logs/,read,1.78
2026-08-07 08:16:30.691580,u15,u15-laptop,it/scripts/,read,1.78
2026-08-07 08:22:12.976323,u02,u02-laptop,eng/design_docs/,write,2.66
2026-08-07 08:22:31.803300,u07,u07-laptop,eng/ci_logs/,write,6.54
2026-08-07 08:24:29.496040,u02,u02-laptop,eng/ci_logs/,read,1.78
2026-08-07 08:28:31.823511,u07,u07-laptop,eng/repo/backend/,read,6.0
2026-08-07 08:29:51.490691,u15,u15-laptop,it/tickets/,read,5.1
2026-08-07 08:30:17.359410,u07,u07-laptop,eng/design_docs/,write,2.08
2026-08-07 08:33:37.408227,u11,u11-laptop,finance/budget_2026.xlsx,write,1.49
2026-08-07 08:33:40.999363,u07,u07-laptop,eng/ci_logs/,write,6.39
2026-08-07 08:34:47.343560,u15,u15-laptop,it/scripts/,read,4.02
2026-08-07 08:36:22.510475,u07,u07-laptop,eng/design_docs/,write,3.17
2026-08-07 08:39:48.804995,u15,u15-laptop,it/scripts/,download,2.74
2026-08-07 08:39:58.800594,u07,u07-laptop,eng/repo/frontend/,read,2.89
2026-08-07 08:44:11.766330,u15,u15-laptop,it/tickets/,read,1.57
2026-08-07 08:44:44.158200,u11,u11-laptop,finance/budget_2026.xlsx,write,0.79
2026-08-07 08:45:13.948918,u15,u15-laptop,it/tickets/,download,3.23
2026-08-07 08:45:41.673283,u15,u15-laptop,it/tickets/,write,4.7
2026-08-07 08:45:52.454333,u15,u15-laptop,it/tickets/,write,5.92
2026-08-07 08:47:16.651629,u11,u11-laptop,finance/general_ledger.xlsx,read,2.32
2026-08-07 08:47:27.368253,u03,u03-laptop,hr/onboarding/,read,1.48
2026-08-07 08:47:54.491429,u11,u11-laptop,finance/expense_reports/,read,2.01
2026-08-07 08:49:41.629652,u13,u13-laptop,hr/onboarding/,read,2.66
2026-08-07 08:53:45.916924,u07,u07-laptop,eng/repo/backend/,read,2.88
2026-08-07 08:54:12.063502,u15,u15-laptop,it/asset_inventory.xlsx,read,4.78
2026-08-07 08:55:28.807012,u15,u15-laptop,it/tickets/,read,3.71
2026-08-07 08:55:33.102213,u13,u13-laptop,hr/policies/,read,12.6
2026-08-07 08:55:53.561206,u07,u07-laptop,eng/repo/frontend/,download,3.9
2026-08-07 08:56:16.992464,u07,u07-laptop,eng/design_docs/,download,2.02
2026-08-07 08:57:54.576704,u13,u13-laptop,hr/onboarding/,read,0.99
2026-08-07 08:59:07.770057,u11,u11-laptop,finance/general_ledger.xlsx,read,1.62
2026-08-07 09:01:01.370548,u03,u03-laptop,hr/leave_records.xlsx,write,2.04
2026-08-07 09:01:28.107957,u07,u07-laptop,eng/design_docs/,read,8.07
2026-08-07 09:04:05.846638,u02,u02-laptop,eng/ci_logs/,read,3.26
2026-08-07 09:05:30.877699,u11,u11-laptop,finance/budget_2026.xlsx,read,1.67
2026-08-07 09:07:00.015552,u07,u07-laptop,eng/repo/frontend/,read,2.51
2026-08-07 09:07:44.362847,u07,u07-laptop,eng/repo/backend/,download,4.61
2026-08-07 09:07:44.638545,u02,u02-laptop,eng/ci_logs/,write,2.12
2026-08-07 09:07:53.059493,u07,u07-laptop,eng/ci_logs/,read,6.25
2026-08-07 09:09:28.586585,u07,u07-laptop,eng/infra/terraform_state.tfstate,read,3.95
2026-08-07 09:09:43.439720,u02,u02-laptop,eng/repo/frontend/,read,6.89
2026-08-07 09:11:26.272602,u07,u07-laptop,eng/repo/frontend/,read,3.32
2026-08-07 09:11:52.092360,u08,u08-laptop,hr/onboarding/,write,2.25
2026-08-07 09:13:29.607666,u08,u08-laptop,hr/leave_records.xlsx,read,2.78
2026-08-07 09:16:41.885012,u13,u13-laptop,hr/leave_records.xlsx,read,5.27
2026-08-07 09:18:51.957208,u11,u11-laptop,finance/general_ledger.xlsx,read,4.41
2026-08-07 09:19:39.929240,u15,u15-laptop,it/asset_inventory.xlsx,read,2.98
2026-08-07 09:20:12.222798,u15,u15-laptop,it/asset_inventory.xlsx,download,3.74
2026-08-07 09:20:57.258690,u07,u07-laptop,eng/ci_logs/,read,3.89
2026-08-07 09:21:25.462286,u07,u07-laptop,eng/repo/backend/,write,4.62
2026-08-07 09:23:36.636574,u07,u07-laptop,eng/repo/backend/,read,1.75
2026-08-07 09:23:41.504192,u07,u07-laptop,eng/design_docs/,write,1.04
2026-08-07 09:23:58.994571,u07,u07-laptop,eng/ci_logs/,read,4.09
2026-08-07 09:25:16.112227,u07,u07-laptop,eng/design_docs/,read,3.25
2026-08-07 09:26:26.285215,u15,u15-laptop,it/network_diagram.vsdx,read,4.97
2026-08-07 09:29:53.431744,u15,u15-laptop,it/scripts/,read,0.93
2026-08-07 09:31:01.984397,u07,u07-laptop,eng/ci_logs/,read,3.31
2026-08-07 09:31:19.748416,u05,u05-mobile,it/asset_inventory.xlsx,read,1.2
2026-08-07 09:32:29.069730,u08,u08-laptop,hr/leave_records.xlsx,read,2.16
2026-08-07 09:32:33.558925,u06,u06-laptop,finance/vendor_invoices/,read,4.04
2026-08-07 09:33:25.580071,u03,u03-laptop,hr/onboarding/,read,1.96
2026-08-07 09:35:57.385019,u15,u15-laptop,it/asset_inventory.xlsx,read,2.88
2026-08-07 09:36:53.749880,u15,u15-laptop,it/scripts/,read,0.99
2026-08-07 09:37:00.799691,u05,u05-mobile,it/scripts/,read,0.45
2026-08-07 09:37:56.828733,u13,u13-laptop,hr/leave_records.xlsx,read,3.61
2026-08-07 09:39:56.127546,u13,u13-laptop,hr/policies/,download,1.39
2026-08-07 09:41:19.581116,u09,u09-mobile,sales/pipeline.xlsx,read,1.66
2026-08-07 09:43:30.919561,u03,u03-laptop,hr/onboarding/,write,0.99
2026-08-07 09:44:28.695488,u13,u13-laptop,hr/onboarding/,read,2.38
2026-08-07 09:44:44.449709,u03,u03-laptop,hr/onboarding/,read,2.42
2026-08-07 09:44:59.178814,u13,u13-laptop,hr/leave_records.xlsx,read,1.58
2026-08-07 09:45:25.590802,u05,u05-mobile,it/scripts/,write,2.98
2026-08-07 09:45:31.729566,u13,u13-laptop,hr/policies/,write,8.47
2026-08-07 09:46:02.107450,u02,u02-laptop,eng/ci_logs/,read,4.01
2026-08-07 09:48:38.782283,u13,u13-laptop,hr/onboarding/,read,3.92
2026-08-07 09:48:51.707254,u15,u15-laptop,it/asset_inventory.xlsx,download,2.92
2026-08-07 09:49:12.891478,u06,u06-laptop,finance/general_ledger.xlsx,read,5.18
2026-08-07 09:49:31.735571,u08,u08-laptop,hr/leave_records.xlsx,read,1.82
2026-08-07 09:52:51.837043,u08,u08-laptop,hr/leave_records.xlsx,read,4.98
2026-08-07 09:55:04.762533,u13,u13-laptop,hr/onboarding/,read,1.34
2026-08-07 09:58:10.914599,u09,u09-mobile,sales/pipeline.xlsx,read,2.12
2026-08-07 10:02:41.415637,u05,u05-mobile,it/scripts/,write,2.53
2026-08-07 10:04:50.565986,u03,u03-laptop,hr/onboarding/,write,2.67
2026-08-07 10:06:20.036814,u13,u13-laptop,hr/leave_records.xlsx,read,4.64
2026-08-07 10:07:12.036887,u03,u03-laptop,hr/policies/,read,1.31
2026-08-07 10:07:22.422698,u15,u15-laptop,it/network_diagram.vsdx,write,1.49
2026-08-07 10:08:12.847666,u05,u05-mobile,it/tickets/,read,1.3
2026-08-07 10:08:41.951954,u15,u15-laptop,it/tickets/,read,4.27
2026-08-07 10:11:03.580671,u08,u08-laptop,hr/policies/,read,0.97
2026-08-07 10:12:00.411801,u08,u08-laptop,hr/policies/,read,1.11
2026-08-07 10:13:03.443825,u08,u08-laptop,hr/onboarding/,read,1.41
2026-08-07 10:14:16.956298,u09,u09-mobile,sales/pipeline.xlsx,read,1.15
2026-08-07 10:20:10.593477,u09,u09-mobile,sales/pipeline.xlsx,write,2.38
2026-08-07 10:21:38.997795,u06,u06-laptop,finance/vendor_invoices/,read,2.83
2026-08-07 10:22:08.775861,u08,u08-laptop,hr/policies/,read,1.12
2026-08-07 10:24:05.331040,u08,u08-laptop,hr/policies/,download,1.21
2026-08-07 10:31:34.054216,u08,u08-laptop,hr/leave_records.xlsx,read,1.44
2026-08-07 10:34:00.751862,u03,u03-laptop,hr/onboarding/,read,0.56
2026-08-07 10:34:52.687207,u02,u02-laptop,eng/ci_logs/,read,0.63
2026-08-07 10:34:55.380978,u08,u08-laptop,hr/leave_records.xlsx,read,3.19
2026-08-07 10:35:00.362464,u11,u11-laptop,finance/vendor_invoices/,read,0.96
2026-08-07 10:35:54.475544,u05,u05-mobile,it/scripts/,write,2.64
2026-08-07 10:41:55.066285,u11,u11-laptop,finance/budget_2026.xlsx,read,2.99
2026-08-07 10:43:55.798183,u03,u03-laptop,hr/leave_records.xlsx,read,3.6
2026-08-07 10:45:54.233845,u08,u08-laptop,hr/leave_records.xlsx,download,1.99
2026-08-07 10:46:07.988584,u13,u13-laptop,hr/policies/,read,3.63
2026-08-07 10:47:49.601502,u08,u08-laptop,hr/onboarding/,read,1.09
2026-08-07 10:50:24.078469,u01,u01-laptop,finance/general_ledger.xlsx,write,2.59
2026-08-07 10:52:29.913223,u11,u11-laptop,finance/vendor_invoices/,write,1.94
2026-08-07 10:54:30.957145,u11,u11-laptop,finance/general_ledger.xlsx,read,1.6
2026-08-07 10:54:54.644160,u11,u11-laptop,finance/expense_reports/,read,1.56
2026-08-07 10:57:16.003126,u01,u01-laptop,finance/general_ledger.xlsx,write,1.7
2026-08-07 10:57:33.480634,u08,u08-laptop,hr/onboarding/,read,11.11
2026-08-07 10:58:34.478418,u08,u08-laptop,hr/leave_records.xlsx,read,2.21
2026-08-07 10:59:11.284873,u08,u08-laptop,hr/leave_records.xlsx,download,5.53
2026-08-07 10:59:50.069470,u06,u06-laptop,finance/budget_2026.xlsx,download,2.46
2026-08-07 10:59:58.473042,u06,u06-laptop,finance/budget_2026.xlsx,read,3.04
2026-08-07 11:01:40.505365,u11,u11-laptop,finance/expense_reports/,read,0.78
2026-08-07 11:03:18.314997,u06,u06-laptop,finance/expense_reports/,read,2.16
2026-08-07 11:03:18.874801,u13,u13-laptop,hr/leave_records.xlsx,write,1.12
2026-08-07 11:03:26.108335,u09,u09-mobile,sales/decks/,read,2.92
2026-08-07 11:08:24.705595,u12,u12-laptop,eng/ci_logs/,write,1.2
2026-08-07 11:09:39.802999,u08,u08-laptop,hr/policies/,read,2.6
2026-08-07 11:09:51.304792,u02,u02-laptop,eng/design_docs/,read,0.41
2026-08-07 11:10:26.170286,u11,u11-laptop,finance/general_ledger.xlsx,read,1.5
2026-08-07 11:12:30.771563,u08,u08-laptop,hr/onboarding/,read,5.91
2026-08-07 11:16:18.082114,u12,u12-laptop,eng/ci_logs/,write,6.74
2026-08-07 11:17:44.856363,u08,u08-laptop,hr/onboarding/,read,3.0
2026-08-07 11:19:10.600546,u12,u12-laptop,eng/ci_logs/,write,3.2
2026-08-07 11:19:21.879231,u08,u08-laptop,hr/leave_records.xlsx,read,3.22
2026-08-07 11:24:35.789441,u01,u01-laptop,finance/general_ledger.xlsx,read,1.41
2026-08-07 11:26:40.264691,u09,u09-mobile,sales/pipeline.xlsx,read,1.84
2026-08-07 11:27:19.977443,u12,u12-laptop,eng/repo/frontend/,read,8.42
2026-08-07 11:31:49.400206,u01,u01-laptop,finance/budget_2026.xlsx,read,1.8
2026-08-07 11:31:49.945207,u08,u08-laptop,hr/leave_records.xlsx,read,2.3
2026-08-07 11:32:35.111885,u01,u01-laptop,finance/budget_2026.xlsx,read,0.33
2026-08-07 11:33:11.034335,u01,u01-laptop,finance/budget_2026.xlsx,write,0.42
2026-08-07 11:33:32.944807,u09,u09-mobile,sales/decks/,read,3.14
2026-08-07 11:41:15.241665,u01,u01-laptop,finance/vendor_invoices/,read,2.15
2026-08-07 11:41:40.773846,u08,u08-laptop,hr/policies/,read,0.76
2026-08-07 11:42:39.448881,u12,u12-laptop,eng/repo/frontend/,read,2.36
2026-08-07 11:43:44.033001,u02,u02-laptop,eng/ci_logs/,read,2.02
2026-08-07 11:45:48.073941,u12,u12-laptop,eng/repo/backend/,read,4.59
2026-08-07 11:46:40.768491,u12,u12-laptop,eng/design_docs/,write,7.53
2026-08-07 11:47:04.457138,u11,u11-laptop,finance/general_ledger.xlsx,write,3.46
2026-08-07 11:48:56.780058,u13,u13-laptop,hr/onboarding/,read,5.17
2026-08-07 11:51:31.646408,u09,u09-mobile,sales/pipeline.xlsx,read,2.47
2026-08-07 11:52:43.558760,u12,u12-laptop,eng/repo/backend/,read,6.2
2026-08-07 11:55:05.312155,u04,u04-laptop,sales/pipeline.xlsx,write,3.33
2026-08-07 11:55:17.044411,u01,u01-laptop,finance/expense_reports/,download,0.84
2026-08-07 11:55:44.458663,u04,u04-laptop,sales/contracts/,read,4.23
2026-08-07 11:56:32.585416,u12,u12-laptop,eng/design_docs/,read,1.97
2026-08-07 11:58:39.233856,u09,u09-mobile,sales/contracts/,read,1.52
2026-08-07 12:00:28.244520,u13,u13-laptop,hr/onboarding/,read,1.13
2026-08-07 12:01:41.391944,u01,u01-laptop,finance/vendor_invoices/,write,1.45
2026-08-07 12:01:45.552898,u01,u01-laptop,finance/vendor_invoices/,read,0.92
2026-08-07 12:02:12.549761,u01,u01-laptop,finance/general_ledger.xlsx,write,1.5
2026-08-07 12:02:34.635421,u12,u12-laptop,eng/repo/frontend/,read,2.65
2026-08-07 12:04:37.378361,u13,u13-laptop,hr/policies/,read,1.64
2026-08-07 12:05:28.931740,u03,u03-laptop,hr/policies/,read,0.68
2026-08-07 12:05:30.620200,u04,u04-laptop,sales/decks/,read,4.8
2026-08-07 12:05:51.663339,u02,u02-laptop,eng/ci_logs/,read,1.41
2026-08-07 12:07:12.668159,u06,u06-laptop,finance/expense_reports/,write,1.58
2026-08-07 12:07:57.803951,u09,u09-mobile,sales/pipeline.xlsx,read,1.42
2026-08-07 12:08:22.649706,u09,u09-mobile,sales/pipeline.xlsx,read,1.41
2026-08-07 12:09:36.202270,u12,u12-laptop,eng/repo/frontend/,write,1.47
2026-08-07 12:10:01.754988,u03,u03-laptop,hr/policies/,read,1.79
2026-08-07 12:10:33.854610,u08,u08-laptop,hr/onboarding/,read,1.84
2026-08-07 12:11:23.360413,u01,u01-laptop,finance/general_ledger.xlsx,read,4.23
2026-08-07 12:11:53.889776,u06,u06-laptop,finance/vendor_invoices/,download,6.75
2026-08-07 12:13:52.751816,u13,u13-laptop,hr/policies/,read,4.71
2026-08-07 12:14:40.806011,u01,u01-laptop,finance/general_ledger.xlsx,read,1.43
2026-08-07 12:16:05.350472,u12,u12-laptop,eng/repo/backend/,read,1.33
2026-08-07 12:16:42.620939,u09,u09-mobile,sales/contracts/,write,2.02
2026-08-07 12:17:31.024933,u13,u13-laptop,hr/onboarding/,read,0.97
2026-08-07 12:19:16.555867,u04,u04-laptop,sales/pipeline.xlsx,read,2.74
2026-08-07 12:21:52.052521,u08,u08-laptop,hr/onboarding/,read,1.4
2026-08-07 12:23:04.178430,u04,u04-laptop,sales/decks/,read,5.57
2026-08-07 12:23:19.594235,u14,u14-laptop,sales/decks/,read,1.1
2026-08-07 12:26:35.356076,u01,u01-laptop,finance/expense_reports/,read,2.75
2026-08-07 12:26:37.413183,u01,u01-laptop,finance/vendor_invoices/,read,1.61
2026-08-07 12:28:23.283660,u13,u13-laptop,hr/onboarding/,read,4.25
2026-08-07 12:28:49.565213,u12,u12-laptop,eng/ci_logs/,read,1.56
2026-08-07 12:29:22.449372,u02,u02-laptop,eng/repo/frontend/,read,1.14
2026-08-07 12:29:53.408911,u01,u01-laptop,finance/budget_2026.xlsx,read,2.59
2026-08-07 12:31:02.698169,u03,u03-laptop,hr/leave_records.xlsx,write,2.1
2026-08-07 12:34:39.628709,u14,u14-laptop,sales/contracts/,read,1.47
2026-08-07 12:36:09.278197,u09,u09-mobile,sales/pipeline.xlsx,download,0.51
2026-08-07 12:38:29.020177,u04,u04-laptop,sales/pipeline.xlsx,read,3.34
2026-08-07 12:40:53.609179,u04,u04-laptop,sales/contracts/,read,4.46
2026-08-07 12:41:42.657812,u04,u04-laptop,sales/decks/,read,1.46
2026-08-07 12:44:11.065641,u09,u09-mobile,sales/pipeline.xlsx,write,1.94
2026-08-07 12:47:18.923136,u09,u09-mobile,sales/contracts/,write,3.5
2026-08-07 12:49:36.534461,u08,u08-laptop,hr/leave_records.xlsx,read,5.22
2026-08-07 12:49:43.661663,u01,u01-laptop,finance/general_ledger.xlsx,download,0.85
2026-08-07 12:55:30.691588,u05,u05-mobile,it/scripts/,read,1.31
2026-08-07 12:58:29.355097,u05,u05-mobile,it/scripts/,write,2.76
2026-08-07 12:59:28.499546,u04,u04-laptop,sales/contracts/,read,2.67
2026-08-07 13:03:47.822869,u04,u04-laptop,sales/decks/,write,4.77
2026-08-07 13:07:16.490319,u03,u03-laptop,hr/policies/,write,1.42
2026-08-07 13:07:55.233802,u12,u12-laptop,eng/repo/backend/,read,3.79
2026-08-07 13:11:26.562072,u04,u04-laptop,sales/contracts/,read,4.92
2026-08-07 13:11:28.791575,u02,u02-laptop,eng/ci_logs/,read,1.81
2026-08-07 13:14:07.504792,u14,u14-laptop,sales/decks/,read,1.22
2026-08-07 13:17:09.206615,u04,u04-laptop,sales/contracts/,read,2.71
2026-08-07 13:19:00.388651,u04,u04-laptop,sales/decks/,read,1.75
2026-08-07 13:19:27.472217,u04,u04-laptop,sales/contracts/,write,2.72
2026-08-07 13:19:49.964021,u04,u04-laptop,sales/pipeline.xlsx,read,3.88
2026-08-07 13:25:27.788619,u14,u14-laptop,sales/decks/,read,0.92
2026-08-07 13:31:52.048635,u08,u08-laptop,hr/leave_records.xlsx,write,1.77
2026-08-07 13:45:48.248250,u05,u05-mobile,it/asset_inventory.xlsx,write,0.78
2026-08-07 13:53:31.494751,u05,u05-mobile,it/tickets/,read,1.34
2026-08-07 13:55:00.697799,u05,u05-mobile,it/asset_inventory.xlsx,read,1.31
2026-08-07 13:55:21.889966,u05,u05-mobile,it/asset_inventory.xlsx,read,0.77
2026-08-07 13:59:51.151726,u05,u05-mobile,it/tickets/,read,1.1
2026-08-07 14:03:29.619077,u14,u14-laptop,sales/decks/,write,1.65
2026-08-07 14:08:01.106140,u05,u05-mobile,it/asset_inventory.xlsx,read,0.97
2026-08-07 14:21:19.869880,u14,u14-laptop,sales/contracts/,read,0.67
2026-08-07 14:43:15.640662,u14,u14-laptop,sales/contracts/,write,1.1
2026-08-07 14:47:28.973857,u14,u14-laptop,sales/contracts/,read,1.45
2026-08-07 14:50:45.784795,u14,u14-laptop,sales/decks/,read,1.92
2026-08-07 14:53:05.863830,u14,u14-laptop,sales/decks/,read,1.47
2026-08-07 15:03:56.221247,u05,u05-mobile,it/network_diagram.vsdx,read,2.5
2026-08-07 15:07:44.585033,u14,u14-laptop,sales/pipeline.xlsx,read,1.29
2026-08-07 15:11:09.627495,u05,u05-mobile,it/asset_inventory.xlsx,write,0.71
2026-08-07 15:14:32.243473,u14,u14-laptop,sales/pipeline.xlsx,read,0.48
2026-08-07 22:44:38.288714,u10,u10-laptop,it/tickets/,read,1.38
2026-08-07 22:46:38.549076,u10,u10-laptop,it/tickets/,read,1.05
2026-08-07 23:04:08.600839,u10,u10-laptop,it/scripts/,read,2.32
2026-08-07 23:05:07.079284,u10,u10-laptop,it/asset_inventory.xlsx,download,3.92
2026-08-07 23:06:31.579960,u10,u10-laptop,it/asset_inventory.xlsx,read,1.19
2026-08-07 23:07:35.311304,u10,u10-laptop,it/scripts/,read,0.85
2026-08-07 23:08:44.061231,u10,u10-laptop,it/asset_inventory.xlsx,write,2.59
2026-08-07 23:11:10.777707,u10,u10-laptop,it/scripts/,write,4.31
2026-08-07 23:11:54.905178,u10,u10-laptop,it/tickets/,read,1.01
2026-08-07 23:16:22.624669,u10,u10-laptop,it/asset_inventory.xlsx,read,2.47
2026-08-07 23:19:17.496043,u10,u10-laptop,it/scripts/,read,0.9
2026-08-07 23:26:32.165521,u10,u10-laptop,it/tickets/,download,2.13
2026-08-07 23:31:38.586224,u10,u10-laptop,it/tickets/,write,5.2
2026-08-07 23:43:43.688602,u10,u10-laptop,it/network_diagram.vsdx,read,3.57
2026-08-07 23:50:28.160354,u10,u10-laptop,it/scripts/,read,2.24
2026-08-07 23:57:31.728328,u10,u10-laptop,it/asset_inventory.xlsx,read,2.65
2026-08-07 23:59:52.173524,u10,u10-laptop,it/scripts/,read,0.61
2026-08-08 00:02:56.759534,u10,u10-laptop,it/asset_inventory.xlsx,read,3.27
2026-08-08 08:16:06.911974,u13,u13-mobile,hr/leave_records.xlsx,read,4.08
2026-08-08 08:16:08.865687,u13,u13-mobile,hr/policies/,read,2.87
2026-08-08 08:16:13.305095,u13,u13-mobile,hr/policies/,download,2.29
2026-08-08 08:27:24.723051,u13,u13-mobile,hr/policies/,download,1.43
2026-08-08 08:27:58.054052,u13,u13-mobile,hr/leave_records.xlsx,read,2.98
2026-08-08 08:31:20.986557,u13,u13-mobile,hr/leave_records.xlsx,write,3.08
2026-08-08 08:32:11.778072,u13,u13-mobile,hr/salary_bands.xlsx,write,1.31
2026-08-08 08:36:37.991685,u13,u13-mobile,hr/onboarding/,read,3.54
2026-08-08 08:42:25.896374,u13,u13-mobile,hr/onboarding/,read,1.21
2026-08-08 08:42:33.170107,u13,u13-mobile,hr/policies/,read,4.0
2026-08-08 08:43:06.210603,u13,u13-mobile,hr/onboarding/,read,2.98
2026-08-08 08:46:46.563054,u13,u13-mobile,hr/policies/,read,4.02
2026-08-08 08:53:20.461033,u13,u13-mobile,hr/leave_records.xlsx,write,3.89
2026-08-08 09:04:22.122346,u13,u13-mobile,hr/policies/,read,4.36
2026-08-08 09:06:11.519611,u13,u13-mobile,hr/policies/,read,1.86
2026-08-08 09:09:26.669461,u13,u13-mobile,hr/leave_records.xlsx,read,1.39
2026-08-08 09:19:49.934408,u13,u13-mobile,hr/policies/,read,2.54
2026-08-08 09:21:26.001991,u13,u13-mobile,hr/leave_records.xlsx,write,4.06
2026-08-08 09:21:59.422358,u13,u13-mobile,hr/onboarding/,read,2.32
2026-08-08 09:34:18.545542,u13,u13-mobile,hr/leave_records.xlsx,read,1.77
2026-08-08 09:35:03.880590,u13,u13-mobile,hr/onboarding/,write,1.21
2026-08-08 09:39:58.715967,u13,u13-mobile,hr/onboarding/,write,2.56
2026-08-08 10:25:12.050600,u09,u09-laptop,sales/pipeline.xlsx,read,1.93
2026-08-08 10:30:35.443191,u09,u09-laptop,sales/contracts/,read,1.98
2026-08-08 10:38:37.840690,u09,u09-laptop,sales/contracts/,read,0.77
2026-08-08 10:42:57.700539,u11,u11-laptop,finance/budget_2026.xlsx,download,4.38
2026-08-08 10:46:56.131477,u11,u11-laptop,finance/expense_reports/,read,0.8
2026-08-08 10:51:07.251624,u09,u09-laptop,sales/contracts/,write,0.94
2026-08-08 11:01:18.511293,u11,u11-laptop,finance/vendor_invoices/,read,2.44
2026-08-08 11:01:47.460520,u09,u09-laptop,sales/pipeline.xlsx,read,10.92
2026-08-08 11:04:58.881268,u11,u11-laptop,finance/budget_2026.xlsx,read,1.32
2026-08-08 11:05:42.955374,u09,u09-laptop,sales/contracts/,read,3.9
2026-08-08 11:09:36.930648,u07,u07-laptop,eng/design_docs/,read,7.72
2026-08-08 11:14:09.026513,u07,u07-laptop,eng/repo/backend/,write,3.75
2026-08-08 11:14:17.549077,u11,u11-laptop,finance/vendor_invoices/,read,1.02
2026-08-08 11:14:24.310521,u09,u09-laptop,sales/contracts/,read,0.82
2026-08-08 11:14:54.651592,u11,u11-laptop,finance/vendor_invoices/,read,1.55
2026-08-08 11:14:59.244263,u09,u09-laptop,sales/pipeline.xlsx,read,0.63
2026-08-08 11:15:13.999158,u09,u09-laptop,sales/pipeline.xlsx,read,1.69
2026-08-08 11:15:18.652107,u11,u11-laptop,finance/vendor_invoices/,download,1.05
2026-08-08 11:18:33.560692,u11,u11-laptop,finance/expense_reports/,read,1.66
2026-08-08 11:19:32.675005,u09,u09-laptop,sales/decks/,read,1.2
2026-08-08 11:23:21.431939,u07,u07-laptop,eng/repo/frontend/,read,0.93
2026-08-08 11:23:44.713397,u09,u09-laptop,sales/contracts/,write,1.88
2026-08-08 11:26:45.998636,u07,u07-laptop,eng/ci_logs/,write,2.5
2026-08-08 11:30:15.852517,u07,u07-laptop,eng/design_docs/,write,3.15
2026-08-08 11:31:32.505374,u07,u07-laptop,eng/design_docs/,download,2.45
2026-08-08 11:31:53.435206,u11,u11-laptop,finance/budget_2026.xlsx,download,0.88
2026-08-08 11:32:19.457870,u11,u11-laptop,finance/budget_2026.xlsx,read,3.8
2026-08-08 11:34:18.805272,u11,u11-laptop,finance/budget_2026.xlsx,download,2.44
2026-08-08 11:37:18.117841,u07,u07-laptop,eng/design_docs/,read,2.32
2026-08-08 11:37:27.451999,u07,u07-laptop,eng/repo/frontend/,read,15.84
2026-08-08 11:39:09.072415,u09,u09-laptop,sales/contracts/,read,1.26
2026-08-08 11:39:40.467222,u07,u07-laptop,eng/repo/frontend/,write,4.72
2026-08-08 11:40:36.341360,u11,u11-laptop,finance/vendor_invoices/,read,2.49
2026-08-08 11:46:17.166368,u09,u09-laptop,sales/pipeline.xlsx,read,1.65
2026-08-08 11:47:49.238677,u07,u07-laptop,eng/repo/frontend/,write,5.18
2026-08-08 11:48:09.727585,u11,u11-laptop,finance/vendor_invoices/,read,0.85
2026-08-08 11:49:58.630647,u11,u11-laptop,finance/expense_reports/,read,1.25
2026-08-08 11:57:03.476103,u11,u11-laptop,finance/vendor_invoices/,read,1.18
2026-08-08 11:59:08.148749,u07,u07-laptop,eng/ci_logs/,read,4.58
2026-08-08 12:03:27.911827,u11,u11-laptop,finance/budget_2026.xlsx,read,1.91
2026-08-08 12:06:37.908038,u11,u11-laptop,finance/vendor_invoices/,read,0.61
2026-08-08 12:07:09.650112,u07,u07-laptop,eng/repo/backend/,write,0.71
2026-08-08 12:08:03.126420,u07,u07-laptop,eng/repo/backend/,read,2.12
2026-08-08 12:11:16.921240,u11,u11-laptop,finance/general_ledger.xlsx,download,2.4
2026-08-08 12:12:12.921975,u07,u07-laptop,eng/repo/frontend/,read,6.91
2026-08-08 12:13:45.634771,u07,u07-laptop,eng/repo/frontend/,write,4.72
2026-08-08 12:23:16.690934,u04,u04-laptop,sales/pipeline.xlsx,read,1.61
2026-08-08 12:24:52.617946,u07,u07-laptop,eng/repo/backend/,write,3.59
2026-08-08 12:33:25.451737,u04,u04-laptop,sales/contracts/,read,6.68
2026-08-08 12:33:25.512205,u04,u04-laptop,sales/pipeline.xlsx,read,3.18
2026-08-08 12:38:17.840078,u04,u04-laptop,sales/contracts/,read,1.79
2026-08-08 12:49:16.956067,u04,u04-laptop,sales/pipeline.xlsx,write,4.49
2026-08-08 12:52:44.885758,u04,u04-laptop,sales/pipeline.xlsx,write,1.82
2026-08-08 12:55:51.443509,u04,u04-laptop,sales/decks/,read,5.26
2026-08-08 12:57:40.424913,u04,u04-laptop,sales/decks/,read,5.09
2026-08-08 13:05:31.182168,u04,u04-laptop,sales/contracts/,read,2.75
2026-08-08 13:10:42.189028,u04,u04-laptop,sales/contracts/,write,2.71
2026-08-08 13:13:08.273496,u04,u04-laptop,sales/decks/,read,3.49
2026-08-08 13:15:50.078393,u04,u04-laptop,sales/pipeline.xlsx,read,4.88
2026-08-08 13:16:35.355895,u04,u04-laptop,sales/contracts/,download,3.0
2026-08-08 13:21:43.258091,u04,u04-laptop,sales/contracts/,write,2.35
2026-08-08 13:29:15.175947,u04,u04-laptop,sales/contracts/,read,2.91
2026-08-08 13:34:02.750651,u04,u04-laptop,sales/decks/,download,3.64
2026-08-08 13:41:06.817386,u04,u04-laptop,sales/contracts/,read,1.87
2026-08-08 13:43:27.870881,u04,u04-laptop,sales/decks/,read,2.56
2026-08-08 13:50:59.480499,u04,u04-laptop,sales/decks/,read,2.61
2026-08-08 13:51:32.278045,u04,u04-laptop,sales/pipeline.xlsx,download,4.41
2026-08-09 08:20:16.929084,u08,u08-laptop,hr/policies/,download,3.41
2026-08-09 09:05:23.663316,u12,u12-laptop,eng/repo/frontend/,read,5.01
2026-08-09 09:25:53.859258,u12,u12-laptop,eng/design_docs/,download,3.41
2026-08-09 09:30:47.154799,u12,u12-laptop,eng/repo/backend/,read,2.65
2026-08-09 09:37:53.892242,u08,u08-laptop,hr/leave_records.xlsx,read,5.06
2026-08-09 10:04:14.929108,u13,u13-mobile,hr/onboarding/,read,1.71
2026-08-09 10:07:00.623667,u13,u13-mobile,hr/leave_records.xlsx,read,2.68
2026-08-09 10:11:55.413537,u13,u13-mobile,hr/policies/,write,3.39
2026-08-09 10:12:28.978154,u12,u12-laptop,eng/design_docs/,read,1.31
2026-08-09 10:13:34.849823,u13,u13-mobile,hr/onboarding/,read,1.15
2026-08-09 10:15:26.344367,u13,u13-mobile,hr/leave_records.xlsx,write,1.65
2026-08-09 10:23:01.805563,u13,u13-mobile,hr/policies/,read,4.33
2026-08-09 10:25:55.350062,u12,u12-laptop,eng/repo/frontend/,read,1.72
2026-08-09 10:30:05.984387,u13,u13-mobile,hr/policies/,download,2.26
2026-08-09 10:30:24.291502,u13,u13-mobile,hr/policies/,read,1.85
2026-08-09 10:31:25.649141,u12,u12-laptop,eng/design_docs/,read,2.09
2026-08-09 10:33:09.139522,u13,u13-mobile,hr/leave_records.xlsx,read,2.88
2026-08-09 10:34:00.184078,u13,u13-mobile,hr/policies/,write,4.29
2026-08-09 10:37:02.236177,u13,u13-mobile,hr/policies/,read,1.51
2026-08-09 10:37:45.640412,u12,u12-laptop,eng/repo/backend/,download,2.12
2026-08-09 10:41:03.758854,u13,u13-mobile,hr/onboarding/,read,3.86
2026-08-09 11:03:25.864852,u13,u13-mobile,hr/onboarding/,read,1.77
2026-08-09 11:03:41.118758,u13,u13-mobile,hr/policies/,read,1.22
2026-08-09 11:04:38.355638,u13,u13-mobile,hr/leave_records.xlsx,read,4.51
2026-08-09 11:06:10.306913,u12,u12-laptop,eng/ci_logs/,write,7.7
2026-08-09 11:08:33.797906,u13,u13-mobile,hr/policies/,read,3.5
2026-08-09 11:09:44.509554,u13,u13-mobile,hr/leave_records.xlsx,read,1.11
2026-08-09 11:10:59.655978,u13,u13-mobile,hr/leave_records.xlsx,read,1.83
2026-08-09 11:11:03.561706,u12,u12-laptop,eng/ci_logs/,read,1.22
2026-08-09 11:11:35.283765,u13,u13-mobile,hr/policies/,read,1.83
2026-08-09 11:13:47.958924,u12,u12-laptop,eng/ci_logs/,read,2.6
2026-08-09 11:16:16.526847,u13,u13-mobile,hr/onboarding/,download,2.25
2026-08-09 11:17:29.676916,u13,u13-mobile,hr/employee_records.db,read,4.91
2026-08-09 11:25:04.685141,u13,u13-mobile,hr/leave_records.xlsx,write,1.18
2026-08-09 11:25:31.657173,u13,u13-mobile,hr/onboarding/,download,2.19
2026-08-09 11:25:53.276000,u08,u08-laptop,hr/onboarding/,read,13.27
2026-08-09 11:26:40.242137,u12,u12-laptop,eng/design_docs/,read,3.85
2026-08-09 11:30:52.305811,u08,u08-laptop,hr/onboarding/,write,8.36
2026-08-09 11:31:17.387438,u12,u12-laptop,eng/repo/backend/,read,12.95
2026-08-09 11:33:00.279576,u13,u13-mobile,hr/leave_records.xlsx,write,2.42
2026-08-09 11:33:50.773234,u08,u08-laptop,hr/policies/,read,3.97
2026-08-09 11:34:38.898548,u12,u12-laptop,eng/design_docs/,download,2.96
2026-08-09 11:37:32.590528,u13,u13-mobile,hr/onboarding/,read,3.85
2026-08-09 11:38:41.973667,u08,u08-laptop,hr/policies/,read,2.09
2026-08-09 11:41:58.987190,u12,u12-laptop,eng/design_docs/,read,1.48
2026-08-09 11:46:11.678901,u12,u12-laptop,eng/design_docs/,read,2.76
2026-08-09 11:47:38.520671,u08,u08-laptop,hr/policies/,read,11.7
2026-08-09 11:49:19.836598,u08,u08-laptop,hr/policies/,download,4.36
2026-08-09 12:00:07.388079,u12,u12-laptop,eng/ci_logs/,read,1.87
2026-08-09 12:00:10.173127,u08,u08-laptop,hr/onboarding/,read,4.89
2026-08-09 12:25:34.795151,u08,u08-laptop,hr/onboarding/,read,4.85
2026-08-09 12:30:15.567257,u08,u08-laptop,hr/leave_records.xlsx,read,5.54
2026-08-09 12:31:54.070062,u05,u05-laptop,it/scripts/,read,1.67
2026-08-09 12:31:58.004003,u05,u05-laptop,it/asset_inventory.xlsx,read,1.29
2026-08-09 12:34:18.402401,u08,u08-laptop,hr/leave_records.xlsx,write,3.41
2026-08-09 12:34:58.332772,u08,u08-laptop,hr/policies/,read,1.47
2026-08-09 12:40:27.689246,u05,u05-laptop,it/asset_inventory.xlsx,read,0.94
2026-08-09 12:45:17.611846,u05,u05-laptop,it/scripts/,read,0.79
2026-08-09 12:57:46.533751,u08,u08-laptop,hr/onboarding/,write,1.07
2026-08-09 12:58:04.155989,u05,u05-laptop,it/asset_inventory.xlsx,read,1.35
2026-08-09 13:03:30.605242,u08,u08-laptop,hr/leave_records.xlsx,read,1.01
2026-08-09 13:04:45.358064,u05,u05-laptop,it/asset_inventory.xlsx,read,2.72
2026-08-09 13:05:47.930284,u08,u08-laptop,hr/onboarding/,read,2.5
2026-08-09 13:06:33.972289,u08,u08-laptop,hr/leave_records.xlsx,read,1.49
2026-08-09 13:10:32.710289,u05,u05-laptop,it/tickets/,read,3.32
2026-08-09 13:27:37.027769,u05,u05-laptop,it/asset_inventory.xlsx,read,1.88
2026-08-09 13:36:20.675057,u08,u08-laptop,hr/onboarding/,download,0.96
2026-08-09 13:41:39.292516,u08,u08-laptop,hr/leave_records.xlsx,write,2.42
2026-08-09 13:43:40.189688,u05,u05-laptop,it/tickets/,read,1.16
2026-08-09 13:51:24.588683,u05,u05-laptop,it/asset_inventory.xlsx,read,1.21
2026-08-09 13:54:29.360617,u05,u05-laptop,it/scripts/,write,1.15
2026-08-09 13:54:41.658322,u05,u05-laptop,it/scripts/,read,0.75
2026-08-09 13:59:22.439384,u05,u05-laptop,it/asset_inventory.xlsx,write,0.93
2026-08-09 14:00:01.588379,u05,u05-laptop,it/asset_inventory.xlsx,write,1.68
2026-08-09 14:09:51.024824,u05,u05-laptop,it/scripts/,read,4.05
2026-08-09 14:23:24.539497,u05,u05-laptop,it/tickets/,write,0.33
2026-08-09 14:24:23.426441,u05,u05-laptop,it/scripts/,write,0.82
2026-08-09 14:32:02.950632,u05,u05-laptop,it/asset_inventory.xlsx,read,1.44
2026-08-09 14:41:56.532102,u05,u05-laptop,it/tickets/,read,0.52
2026-08-09 14:48:05.622204,u05,u05-laptop,it/asset_inventory.xlsx,download,1.65
2026-08-09 14:52:22.562389,u05,u05-laptop,it/asset_inventory.xlsx,write,1.21
2026-08-10 07:19:37.965788,u15,u15-laptop,it/asset_inventory.xlsx,read,4.17
2026-08-10 07:20:16.112743,u15,u15-laptop,it/scripts/,read,4.64
2026-08-10 07:25:28.509111,u15,u15-laptop,it/asset_inventory.xlsx,read,0.88
2026-08-10 07:36:15.913761,u15,u15-laptop,it/tickets/,read,2.18
2026-08-10 07:42:00.709294,u15,u15-laptop,it/scripts/,write,4.82
2026-08-10 07:53:51.151700,u01,u01-laptop,finance/expense_reports/,read,1.38
2026-08-10 07:58:24.651758,u01,u01-laptop,finance/expense_reports/,read,0.9
2026-08-10 07:58:34.169351,u01,u01-laptop,finance/vendor_invoices/,read,1.25
2026-08-10 07:59:43.497398,u02,u02-laptop,eng/ci_logs/,read,3.17
2026-08-10 08:00:37.670877,u01,u01-laptop,finance/expense_reports/,write,1.06
2026-08-10 08:05:29.231604,u01,u01-laptop,finance/expense_reports/,read,1.94
2026-08-10 08:06:19.875627,u01,u01-laptop,finance/expense_reports/,read,1.77
2026-08-10 08:16:43.864036,u15,u15-laptop,it/tickets/,read,8.6
2026-08-10 08:16:50.261478,u12,u12-laptop,eng/repo/frontend/,read,1.11
2026-08-10 08:22:34.628123,u03,u03-laptop,hr/onboarding/,read,0.83
2026-08-10 08:23:31.716336,u03,u03-laptop,hr/onboarding/,read,1.02
2026-08-10 08:25:58.100096,u15,u15-laptop,it/tickets/,write,3.44
2026-08-10 08:30:39.929300,u01,u01-laptop,finance/vendor_invoices/,read,1.52
2026-08-10 08:30:57.008917,u13,u13-mobile,hr/onboarding/,read,2.23
2026-08-10 08:31:41.311946,u03,u03-laptop,hr/leave_records.xlsx,read,2.37
2026-08-10 08:36:59.633420,u12,u12-laptop,eng/repo/frontend/,write,4.28
2026-08-10 08:43:41.517520,u14,u14-laptop,sales/decks/,read,1.66
2026-08-10 08:44:13.345832,u12,u12-laptop,eng/repo/frontend/,write,2.23
2026-08-10 08:44:38.288783,u09,u09-mobile,sales/pipeline.xlsx,read,1.89
2026-08-10 08:45:43.403243,u03,u03-laptop,hr/leave_records.xlsx,write,1.75
2026-08-10 08:46:41.778410,u12,u12-laptop,eng/repo/backend/,write,2.0
2026-08-10 08:46:52.407787,u12,u12-laptop,eng/ci_logs/,read,1.33
2026-08-10 08:47:55.180369,u03,u03-laptop,hr/policies/,read,0.91
2026-08-10 08:48:35.103605,u15,u15-laptop,it/tickets/,read,1.52
2026-08-10 08:48:38.742136,u12,u12-laptop,eng/design_docs/,read,5.77
2026-08-10 08:51:41.467378,u08,u08-laptop,hr/policies/,write,3.17
2026-08-10 08:52:50.751447,u08,u08-laptop,hr/leave_records.xlsx,read,3.14
2026-08-10 08:53:14.005714,u12,u12-laptop,eng/ci_logs/,read,15.45
2026-08-10 08:56:14.139026,u15,u15-laptop,it/scripts/,read,5.6
2026-08-10 08:56:45.280480,u03,u03-laptop,hr/onboarding/,read,1.78
2026-08-10 08:56:50.055078,u14,u14-laptop,sales/contracts/,read,2.95
2026-08-10 08:56:52.490440,u12,u12-laptop,eng/ci_logs/,read,3.15
2026-08-10 08:57:34.286509,u15,u15-laptop,it/scripts/,download,3.84
2026-08-10 08:57:58.110272,u09,u09-mobile,sales/pipeline.xlsx,download,2.0
2026-08-10 08:58:47.474901,u13,u13-mobile,hr/onboarding/,read,4.91
2026-08-10 08:58:56.628601,u09,u09-mobile,sales/contracts/,read,1.11
2026-08-10 08:59:44.592473,u03,u03-laptop,hr/leave_records.xlsx,read,1.34
2026-08-10 09:00:00.991260,u09,u09-mobile,sales/pipeline.xlsx,read,0.94
2026-08-10 09:02:15.018364,u13,u13-mobile,hr/leave_records.xlsx,read,5.42
2026-08-10 09:06:43.874696,u12,u12-laptop,eng/repo/frontend/,read,1.95
2026-08-10 09:08:07.474432,u08,u08-laptop,hr/onboarding/,download,1.65
2026-08-10 09:08:07.761314,u01,u01-laptop,finance/vendor_invoices/,read,4.4
2026-08-10 09:08:31.923963,u06,u06-laptop,finance/vendor_invoices/,read,0.65
2026-08-10 09:09:08.179700,u01,u01-laptop,finance/vendor_invoices/,read,2.91
2026-08-10 09:09:32.533875,u01,u01-laptop,finance/general_ledger.xlsx,write,0.48
2026-08-10 09:11:53.615756,u15,u15-laptop,it/scripts/,write,9.1
2026-08-10 09:11:57.142937,u13,u13-mobile,hr/leave_records.xlsx,write,2.08
2026-08-10 09:14:56.565376,u14,u14-laptop,sales/contracts/,read,0.19
2026-08-10 09:16:42.718117,u13,u13-mobile,hr/policies/,read,2.63
2026-08-10 09:17:28.498437,u12,u12-laptop,eng/ci_logs/,read,1.98
2026-08-10 09:18:47.573681,u08,u08-laptop,hr/leave_records.xlsx,read,1.95
2026-08-10 09:20:58.050308,u12,u12-laptop,eng/design_docs/,read,8.89
2026-08-10 09:21:44.768774,u09,u09-mobile,sales/decks/,read,2.06
2026-08-10 09:21:50.593418,u12,u12-laptop,eng/repo/frontend/,read,0.77
2026-08-10 09:25:02.812210,u04,u04-laptop,sales/contracts/,read,4.39
2026-08-10 09:25:19.892516,u09,u09-mobile,sales/contracts/,read,1.73
2026-08-10 09:26:00.846854,u08,u08-laptop,hr/onboarding/,read,3.77
2026-08-10 09:29:53.838431,u04,u04-laptop,sales/contracts/,download,1.76
2026-08-10 09:31:26.960326,u08,u08-laptop,hr/onboarding/,read,5.22
2026-08-10 09:33:35.814285,u12,u12-laptop,eng/ci_logs/,download,3.12
2026-08-10 09:34:13.838979,u09,u09-mobile,sales/contracts/,read,2.56
2026-08-10 09:35:00.582567,u09,u09-mobile,sales/contracts/,read,2.9
2026-08-10 09:35:09.273242,u04,u04-laptop,sales/decks/,write,1.23
2026-08-10 09:35:10.906983,u15,u15-laptop,it/scripts/,read,1.53
2026-08-10 09:35:31.950832,u03,u03-laptop,hr/policies/,read,3.41
2026-08-10 09:35:36.448471,u12,u12-laptop,eng/ci_logs/,write,2.81
2026-08-10 09:35:36.763179,u09,u09-mobile,sales/pipeline.xlsx,read,1.98
2026-08-10 09:36:43.701716,u09,u09-mobile,sales/decks/,write,1.41
2026-08-10 09:36:59.997971,u08,u08-laptop,hr/policies/,read,1.47
2026-08-10 09:38:05.681883,u09,u09-mobile,sales/decks/,read,1.08
2026-08-10 09:40:11.508932,u12,u12-laptop,eng/design_docs/,write,2.71
2026-08-10 09:43:20.597242,u06,u06-laptop,finance/vendor_invoices/,read,6.44
2026-08-10 09:44:18.971023,u09,u09-mobile,sales/decks/,write,6.02
2026-08-10 09:45:00.897174,u04,u04-laptop,sales/decks/,read,1.57
2026-08-10 09:45:50.935959,u09,u09-mobile,sales/decks/,read,1.99
2026-08-10 09:46:13.707302,u14,u14-laptop,sales/decks/,read,1.22
2026-08-10 09:46:56.371439,u06,u06-laptop,finance/expense_reports/,read,4.0
2026-08-10 09:47:02.787032,u06,u06-laptop,finance/expense_reports/,read,6.03
2026-08-10 09:47:43.711993,u09,u09-mobile,sales/contracts/,read,2.63
2026-08-10 09:48:59.343763,u06,u06-laptop,finance/expense_reports/,read,2.14
2026-08-10 09:49:45.752248,u14,u14-laptop,sales/pipeline.xlsx,read,0.85
2026-08-10 09:50:29.847199,u04,u04-laptop,sales/contracts/,write,2.98
2026-08-10 09:50:41.878018,u06,u06-laptop,finance/general_ledger.xlsx,download,1.34
2026-08-10 09:50:52.930420,u12,u12-laptop,eng/ci_logs/,read,2.62
2026-08-10 09:52:59.469162,u09,u09-mobile,sales/decks/,read,0.67
2026-08-10 09:53:21.582370,u06,u06-laptop,finance/vendor_invoices/,write,1.51
2026-08-10 09:54:16.805352,u14,u14-laptop,sales/pipeline.xlsx,read,0.4
2026-08-10 09:56:48.656848,u04,u04-laptop,sales/decks/,read,2.02
2026-08-10 09:57:16.182683,u06,u06-laptop,finance/general_ledger.xlsx,write,2.62
2026-08-10 09:57:35.231687,u04,u04-laptop,sales/decks/,read,3.54
2026-08-10 10:00:57.020994,u06,u06-laptop,finance/expense_reports/,read,2.87
2026-08-10 10:01:36.660074,u09,u09-mobile,sales/pipeline.xlsx,download,1.36
2026-08-10 10:01:52.265735,u12,u12-laptop,eng/ci_logs/,read,3.54
2026-08-10 10:02:06.242617,u07,u07-laptop,eng/ci_logs/,read,5.45
2026-08-10 10:02:41.357287,u07,u07-laptop,eng/repo/frontend/,write,2.05
2026-08-10 10:02:56.737647,u09,u09-mobile,sales/pipeline.xlsx,write,1.13
2026-08-10 10:03:13.900147,u13,u13-mobile,hr/policies/,download,2.31
2026-08-10 10:03:24.113943,u15,u15-laptop,it/scripts/,write,1.57
2026-08-10 10:03:57.275681,u04,u04-laptop,sales/contracts/,read,5.51
2026-08-10 10:04:38.557997,u04,u04-laptop,sales/decks/,read,2.75
2026-08-10 10:05:22.124476,u08,u08-laptop,hr/onboarding/,write,10.32
2026-08-10 10:08:17.684883,u09,u09-mobile,sales/contracts/,write,1.71
2026-08-10 10:11:10.940957,u07,u07-laptop,eng/ci_logs/,download,9.19
2026-08-10 10:12:28.027018,u14,u14-laptop,sales/contracts/,read,2.08
2026-08-10 10:14:20.647072,u07,u07-laptop,eng/repo/backend/,read,9.51
2026-08-10 10:14:38.058594,u15,u15-laptop,it/scripts/,read,2.85
2026-08-10 10:18:01.893045,u04,u04-laptop,sales/pipeline.xlsx,read,2.9
2026-08-10 10:20:37.555639,u14,u14-laptop,sales/pipeline.xlsx,write,0.58
2026-08-10 10:21:51.422636,u04,u04-laptop,sales/pipeline.xlsx,download,14.15
2026-08-10 10:21:58.823791,u07,u07-laptop,eng/design_docs/,read,2.19
2026-08-10 10:22:54.465328,u07,u07-laptop,eng/ci_logs/,read,12.36
2026-08-10 10:25:30.261725,u07,u07-laptop,eng/repo/backend/,read,7.45
2026-08-10 10:27:27.488126,u15,u15-laptop,it/scripts/,read,6.17
2026-08-10 10:28:55.469410,u07,u07-laptop,eng/ci_logs/,write,3.46
2026-08-10 10:31:07.709684,u07,u07-laptop,eng/repo/backend/,read,1.69
2026-08-10 10:33:51.104632,u15,u15-laptop,it/asset_inventory.xlsx,write,3.47
2026-08-10 10:34:05.769288,u07,u07-laptop,eng/repo/backend/,download,0.53
2026-08-10 10:34:13.115361,u04,u04-laptop,sales/decks/,read,0.35
2026-08-10 10:35:58.986119,u07,u07-laptop,eng/design_docs/,write,3.21
2026-08-10 10:37:35.294117,u07,u07-laptop,eng/repo/backend/,read,1.14
2026-08-10 10:37:46.101859,u13,u13-mobile,hr/leave_records.xlsx,read,1.57
2026-08-10 10:37:48.118914,u07,u07-laptop,eng/repo/frontend/,download,6.72
2026-08-10 10:39:15.432368,u06,u06-laptop,finance/expense_reports/,download,7.26
2026-08-10 10:40:03.895929,u04,u04-laptop,sales/contracts/,write,4.71
2026-08-10 10:40:33.883800,u07,u07-laptop,eng/repo/backend/,write,0.86
2026-08-10 10:40:35.225858,u07,u07-laptop,eng/design_docs/,read,3.36
2026-08-10 10:44:42.973765,u13,u13-mobile,hr/onboarding/,read,5.25
2026-08-10 10:46:08.812708,u05,u05-laptop,it/tickets/,read,0.87
2026-08-10 10:46:15.156443,u07,u07-laptop,eng/repo/frontend/,read,8.2
2026-08-10 10:46:40.715886,u04,u04-laptop,sales/pipeline.xlsx,read,2.26
2026-08-10 10:46:58.157049,u13,u13-mobile,hr/leave_records.xlsx,read,1.62
2026-08-10 10:49:21.343014,u07,u07-laptop,eng/ci_logs/,write,2.38
2026-08-10 10:49:27.351988,u02,u02-laptop,eng/repo/frontend/,read,1.08
2026-08-10 10:50:55.482479,u07,u07-laptop,eng/repo/backend/,read,2.2
2026-08-10 10:51:35.561799,u04,u04-laptop,sales/contracts/,read,3.92
2026-08-10 10:52:16.455270,u02,u02-laptop,eng/repo/backend/,download,11.96
2026-08-10 10:53:23.795474,u03,u03-laptop,hr/leave_records.xlsx,write,1.28
2026-08-10 10:53:56.384226,u04,u04-laptop,sales/contracts/,write,0.78
2026-08-10 10:54:04.044145,u13,u13-mobile,hr/onboarding/,read,0.78
2026-08-10 10:54:20.887253,u07,u07-laptop,eng/ci_logs/,read,5.07
2026-08-10 10:58:07.312000,u07,u07-laptop,eng/repo/backend/,read,3.08
2026-08-10 11:00:43.019562,u07,u07-laptop,eng/ci_logs/,write,3.53
2026-08-10 11:01:37.518285,u06,u06-laptop,finance/general_ledger.xlsx,read,3.4
2026-08-10 11:02:31.497110,u05,u05-laptop,it/scripts/,download,2.35
2026-08-10 11:03:19.265977,u06,u06-laptop,finance/vendor_invoices/,read,2.86
2026-08-10 11:04:29.807268,u13,u13-mobile,hr/policies/,read,1.61
2026-08-10 11:06:04.883908,u13,u13-mobile,hr/onboarding/,read,3.07
2026-08-10 11:07:26.661065,u15,u15-laptop,it/scripts/,download,3.5
2026-08-10 11:07:46.462546,u15,u15-laptop,it/asset_inventory.xlsx,read,3.65
2026-08-10 11:08:31.227921,u05,u05-laptop,it/asset_inventory.xlsx,write,1.09
2026-08-10 11:08:32.675683,u07,u07-laptop,eng/ci_logs/,read,6.46
2026-08-10 11:10:35.373154,u13,u13-mobile,hr/policies/,write,1.39
2026-08-10 11:11:13.917151,u05,u05-laptop,it/tickets/,download,0.77
2026-08-10 11:13:09.164373,u13,u13-mobile,hr/policies/,read,3.49
2026-08-10 11:13:13.973586,u02,u02-laptop,eng/repo/backend/,read,1.59
2026-08-10 11:14:43.668963,u13,u13-mobile,hr/leave_records.xlsx,read,6.15
2026-08-10 11:16:50.462777,u05,u05-laptop,it/scripts/,read,2.09
2026-08-10 11:17:51.390256,u07,u07-laptop,eng/repo/backend/,read,6.75
2026-08-10 11:19:04.495057,u13,u13-mobile,hr/onboarding/,write,1.4
2026-08-10 11:20:06.542565,u15,u15-laptop,it/scripts/,read,2.08
2026-08-10 11:25:51.383562,u04,u04-laptop,sales/decks/,read,11.16
2026-08-10 11:25:59.549437,u05,u05-laptop,it/scripts/,download,1.31
2026-08-10 11:28:05.193144,u04,u04-laptop,sales/contracts/,read,1.54
2026-08-10 11:30:31.849674,u04,u04-laptop,sales/pipeline.xlsx,read,1.39
2026-08-10 11:31:25.010661,u08,u08-laptop,hr/onboarding/,read,2.82
2026-08-10 11:32:38.710639,u05,u05-laptop,it/tickets/,write,2.54
2026-08-10 11:34:37.640483,u03,u03-laptop,hr/policies/,download,1.08
2026-08-10 11:35:07.946143,u05,u05-laptop,it/scripts/,read,0.95
2026-08-10 11:38:44.262799,u08,u08-laptop,hr/onboarding/,write,2.67
2026-08-10 11:38:44.455268,u08,u08-laptop,hr/policies/,read,2.77
2026-08-10 11:39:32.785008,u13,u13-mobile,hr/policies/,read,1.9
2026-08-10 11:39:51.185080,u14,u14-laptop,sales/contracts/,read,0.63
2026-08-10 11:40:20.242916,u08,u08-laptop,hr/onboarding/,read,1.11
2026-08-10 11:40:55.402741,u08,u08-laptop,hr/leave_records.xlsx,write,4.03
2026-08-10 11:43:34.162272,u14,u14-laptop,sales/decks/,read,0.77
2026-08-10 11:44:03.650100,u05,u05-laptop,it/scripts/,read,0.74
2026-08-10 11:46:42.857698,u14,u14-laptop,sales/pipeline.xlsx,write,1.56
2026-08-10 11:48:20.083166,u11,u11-laptop,finance/expense_reports/,read,0.69
2026-08-10 11:48:58.438777,u04,u04-laptop,sales/decks/,read,2.6
2026-08-10 11:49:45.931519,u08,u08-laptop,hr/policies/,write,4.15
2026-08-10 11:51:13.487200,u05,u05-laptop,it/scripts/,read,4.61
2026-08-10 11:51:39.430642,u04,u04-laptop,sales/decks/,write,3.98
2026-08-10 11:53:07.056921,u05,u05-laptop,it/tickets/,read,1.35
2026-08-10 11:53:33.423019,u08,u08-laptop,hr/onboarding/,read,2.51
2026-08-10 11:56:08.905393,u05,u05-laptop,it/scripts/,download,1.04
2026-08-10 11:56:40.813592,u11,u11-laptop,finance/expense_reports/,read,1.62
2026-08-10 11:57:04.807064,u11,u11-laptop,finance/expense_reports/,write,1.32
2026-08-10 11:58:42.467517,u15,u15-laptop,it/tickets/,read,1.02
2026-08-10 12:02:17.886216,u08,u08-laptop,hr/policies/,read,1.47
2026-08-10 12:03:01.705745,u08,u08-laptop,hr/policies/,read,3.6
2026-08-10 12:04:47.330244,u03,u03-laptop,hr/policies/,read,0.52
2026-08-10 12:05:52.293028,u03,u03-laptop,hr/leave_records.xlsx,read,1.99
2026-08-10 12:07:16.903189,u06,u06-laptop,finance/expense_reports/,read,2.72
2026-08-10 12:07:26.366527,u05,u05-laptop,it/asset_inventory.xlsx,write,3.1
2026-08-10 12:07:31.528975,u04,u04-laptop,sales/contracts/,read,2.44
2026-08-10 12:09:38.851029,u14,u14-laptop,sales/contracts/,download,1.79
2026-08-10 12:11:43.990450,u11,u11-laptop,finance/general_ledger.xlsx,write,0.93
2026-08-10 12:14:27.318083,u14,u14-laptop,sales/decks/,write,1.78
2026-08-10 12:15:21.411516,u04,u04-laptop,sales/decks/,write,1.78
2026-08-10 12:17:23.704818,u11,u11-laptop,finance/general_ledger.xlsx,read,1.69
2026-08-10 12:19:04.723227,u11,u11-laptop,finance/budget_2026.xlsx,write,2.08
2026-08-10 12:19:18.453348,u15,u15-laptop,it/scripts/,read,4.94
2026-08-10 12:19:51.865814,u02,u02-laptop,eng/repo/backend/,read,2.02
2026-08-10 12:21:14.618589,u06,u06-laptop,finance/expense_reports/,read,3.38
2026-08-10 12:23:29.985798,u04,u04-laptop,sales/pipeline.xlsx,read,5.82
2026-08-10 12:23:58.139178,u04,u04-laptop,sales/pipeline.xlsx,read,1.25
2026-08-10 12:25:20.928640,u02,u02-laptop,eng/design_docs/,read,3.4
2026-08-10 12:27:26.000535,u14,u14-laptop,sales/contracts/,write,1.41
2026-08-10 12:29:47.741247,u08,u08-laptop,hr/leave_records.xlsx,write,3.38
2026-08-10 12:31:45.431015,u05,u05-laptop,it/scripts/,read,1.28
2026-08-10 12:31:58.473892,u11,u11-laptop,finance/expense_reports/,read,1.88
2026-08-10 12:31:59.744103,u15,u15-laptop,it/asset_inventory.xlsx,write,4.54
2026-08-10 12:34:04.930838,u15,u15-laptop,it/tickets/,read,3.12
2026-08-10 12:35:53.652685,u11,u11-laptop,finance/general_ledger.xlsx,write,0.8
2026-08-10 12:36:22.578521,u08,u08-laptop,hr/onboarding/,write,6.19
2026-08-10 12:36:25.891010,u05,u05-laptop,it/scripts/,write,0.6
2026-08-10 12:37:49.364255,u14,u14-laptop,sales/contracts/,read,0.43
2026-08-10 12:39:59.671625,u08,u08-laptop,hr/leave_records.xlsx,read,4.06
2026-08-10 12:41:31.106862,u05,u05-laptop,it/asset_inventory.xlsx,read,2.09
2026-08-10 12:42:48.137480,u11,u11-laptop,finance/vendor_invoices/,read,3.84
2026-08-10 12:44:07.650003,u02,u02-laptop,eng/infra/terraform_state.tfstate,write,0.63
2026-08-10 12:46:41.764866,u08,u08-laptop,hr/leave_records.xlsx,read,5.65
2026-08-10 12:48:02.545255,u05,u05-laptop,it/tickets/,read,2.75
2026-08-10 12:48:47.629133,u08,u08-laptop,hr/leave_records.xlsx,write,2.96
2026-08-10 12:52:03.286609,u14,u14-laptop,sales/decks/,read,1.45
2026-08-10 12:53:08.583147,u11,u11-laptop,finance/budget_2026.xlsx,read,0.58
2026-08-10 12:57:35.337476,u14,u14-laptop,sales/contracts/,download,1.26
2026-08-10 13:03:27.691700,u15,u15-laptop,it/asset_inventory.xlsx,read,1.85
2026-08-10 13:03:49.714316,u15,u15-laptop,it/scripts/,write,1.62
2026-08-10 13:04:01.729159,u15,u15-laptop,it/scripts/,read,1.66
2026-08-10 13:08:04.088621,u15,u15-laptop,it/asset_inventory.xlsx,read,12.84
2026-08-10 13:13:38.476287,u11,u11-laptop,finance/expense_reports/,read,1.65
2026-08-10 13:15:20.403683,u15,u15-laptop,it/scripts/,download,5.24
2026-08-10 13:17:33.627269,u14,u14-laptop,sales/pipeline.xlsx,read,1.08
2026-08-10 13:24:18.974056,u15,u15-laptop,it/asset_inventory.xlsx,write,5.04
2026-08-10 13:26:12.642521,u15,u15-laptop,it/scripts/,write,4.4
2026-08-10 13:40:15.508583,u15,u15-laptop,it/asset_inventory.xlsx,write,4.58
2026-08-10 13:41:27.457625,u02,u02-laptop,eng/repo/frontend/,read,1.31
2026-08-10 13:45:32.868083,u15,u15-laptop,it/scripts/,read,4.75
2026-08-10 13:53:22.375782,u15,u15-laptop,it/tickets/,download,2.6
2026-08-10 22:20:11.628263,u10,u10-laptop,it/asset_inventory.xlsx,read,0.87
2026-08-10 22:26:09.518213,u10,u10-laptop,it/scripts/,read,0.74
2026-08-10 22:42:31.097933,u10,u10-laptop,it/tickets/,read,2.45
2026-08-10 22:58:21.131667,u10,u10-laptop,it/tickets/,read,1.67
2026-08-10 23:06:31.468498,u10,u10-laptop,it/tickets/,read,1.49
2026-08-10 23:27:27.180969,u10,u10-laptop,it/asset_inventory.xlsx,read,1.36
2026-08-10 23:27:38.074074,u10,u10-laptop,it/scripts/,write,1.59
2026-08-10 23:28:01.848610,u10,u10-laptop,it/tickets/,read,1.76
2026-08-10 23:30:19.009373,u10,u10-laptop,it/tickets/,read,1.18
2026-08-10 23:30:37.115389,u10,u10-laptop,it/asset_inventory.xlsx,write,0.61
2026-08-10 23:42:06.095432,u10,u10-laptop,it/scripts/,read,0.64
2026-08-10 23:47:50.704312,u10,u10-laptop,it/asset_inventory.xlsx,read,0.91
2026-08-10 23:58:58.097108,u10,u10-laptop,it/asset_inventory.xlsx,read,2.38
2026-08-11 00:03:22.829932,u10,u10-laptop,it/asset_inventory.xlsx,read,1.4
2026-08-11 00:32:54.877361,u10,u10-laptop,it/asset_inventory.xlsx,read,0.4
2026-08-11 06:26:37.115806,u13,u13-mobile,hr/leave_records.xlsx,read,1.24
2026-08-11 06:45:42.548873,u09,u09-laptop,sales/pipeline.xlsx,read,1.32
2026-08-11 06:53:47.848502,u09,u09-laptop,sales/pipeline.xlsx,download,2.68
2026-08-11 06:57:31.416599,u13,u13-mobile,hr/policies/,read,5.94
2026-08-11 07:04:59.989929,u09,u09-laptop,sales/contracts/,read,0.92
2026-08-11 07:07:03.015405,u09,u09-laptop,sales/contracts/,write,5.17
2026-08-11 07:16:08.414502,u09,u09-laptop,sales/contracts/,read,0.65
2026-08-11 07:18:45.540767,u09,u09-laptop,sales/decks/,write,1.76
2026-08-11 07:20:51.521940,u09,u09-laptop,sales/decks/,write,2.96
2026-08-11 07:21:14.961705,u13,u13-mobile,hr/policies/,write,0.9
2026-08-11 07:34:58.412982,u13,u13-mobile,hr/onboarding/,write,0.67
2026-08-11 07:37:34.272969,u13,u13-mobile,hr/policies/,read,2.2
2026-08-11 07:40:00.497890,u13,u13-mobile,hr/onboarding/,read,2.48
2026-08-11 07:43:48.490414,u13,u13-mobile,hr/onboarding/,read,4.26
2026-08-11 07:46:23.583315,u09,u09-laptop,sales/contracts/,read,1.21
2026-08-11 07:46:58.938311,u13,u13-mobile,hr/leave_records.xlsx,write,1.38
2026-08-11 07:50:16.330788,u09,u09-laptop,sales/decks/,read,1.42
2026-08-11 07:54:54.422977,u08,u08-laptop,hr/onboarding/,read,1.93
2026-08-11 07:57:03.460785,u08,u08-laptop,hr/policies/,write,2.85
2026-08-11 08:08:50.334475,u08,u08-laptop,hr/onboarding/,read,6.1
2026-08-11 08:12:11.586463,u08,u08-laptop,hr/policies/,read,6.78
2026-08-11 08:12:49.042432,u08,u08-laptop,hr/leave_records.xlsx,write,2.44
2026-08-11 08:16:55.280030,u08,u08-laptop,hr/leave_records.xlsx,write,3.28
2026-08-11 08:29:05.140026,u15,u15-laptop,it/scripts/,read,3.37
2026-08-11 08:31:31.690443,u15,u15-laptop,it/asset_inventory.xlsx,download,2.03
2026-08-11 08:33:43.079382,u15,u15-laptop,it/tickets/,write,1.63
2026-08-11 08:37:13.676496,u15,u15-laptop,it/tickets/,read,5.57
2026-08-11 08:39:53.349088,u15,u15-laptop,it/scripts/,read,3.23
2026-08-11 08:41:39.231816,u01,u01-mobile,finance/general_ledger.xlsx,read,1.98
2026-08-11 08:43:38.472124,u01,u01-mobile,finance/general_ledger.xlsx,read,2.27
2026-08-11 08:43:45.938738,u15,u15-laptop,it/asset_inventory.xlsx,write,2.68
2026-08-11 08:45:42.378474,u08,u08-laptop,hr/onboarding/,write,5.43
2026-08-11 08:46:38.546128,u08,u08-laptop,hr/policies/,read,3.91
2026-08-11 08:49:52.176503,u15,u15-laptop,it/scripts/,read,3.49
2026-08-11 08:50:06.403041,u02,u02-laptop,eng/design_docs/,read,2.0
2026-08-11 08:50:36.037057,u01,u01-mobile,finance/expense_reports/,read,7.16
2026-08-11 08:52:18.777360,u15,u15-laptop,it/tickets/,read,9.81
2026-08-11 08:54:37.513208,u02,u02-laptop,eng/design_docs/,write,2.03
2026-08-11 08:54:45.439415,u08,u08-laptop,hr/onboarding/,read,2.7
2026-08-11 08:55:52.177010,u15,u15-laptop,it/asset_inventory.xlsx,read,2.27
2026-08-11 08:58:59.495497,u15,u15-laptop,it/asset_inventory.xlsx,write,4.15
2026-08-11 09:00:06.825735,u13,u13-mobile,hr/leave_records.xlsx,read,3.01
2026-08-11 09:00:09.532865,u01,u01-mobile,finance/general_ledger.xlsx,write,2.38
2026-08-11 09:02:37.824946,u08,u08-laptop,hr/onboarding/,read,2.82
2026-08-11 09:02:58.062169,u02,u02-laptop,eng/repo/frontend/,write,2.4
2026-08-11 09:03:53.091935,u15,u15-laptop,it/scripts/,read,1.13
2026-08-11 09:04:38.352657,u02,u02-laptop,eng/ci_logs/,read,2.13
2026-08-11 09:05:12.179615,u01,u01-mobile,finance/budget_2026.xlsx,read,1.81
2026-08-11 09:08:27.376162,u08,u08-laptop,hr/onboarding/,write,6.17
2026-08-11 09:11:15.718651,u06,u06-laptop,finance/expense_reports/,read,3.34
2026-08-11 09:11:40.453034,u15,u15-laptop,it/asset_inventory.xlsx,read,14.56
2026-08-11 09:12:11.555992,u06,u06-laptop,finance/vendor_invoices/,read,4.19
2026-08-11 09:12:14.637126,u01,u01-mobile,finance/vendor_invoices/,write,4.18
2026-08-11 09:13:43.417173,u15,u15-laptop,it/asset_inventory.xlsx,read,1.1
2026-08-11 09:15:24.651172,u06,u06-laptop,finance/general_ledger.xlsx,read,4.87
2026-08-11 09:15:29.792970,u03,u03-laptop,hr/onboarding/,write,0.6
2026-08-11 09:15:43.781290,u15,u15-laptop,it/asset_inventory.xlsx,read,2.2
2026-08-11 09:17:32.771382,u11,u11-laptop,finance/expense_reports/,read,2.36
2026-08-11 09:21:33.754745,u11,u11-laptop,finance/general_ledger.xlsx,download,1.03
2026-08-11 09:21:35.408979,u09,u09-laptop,sales/decks/,read,2.37
2026-08-11 09:23:29.508494,u06,u06-laptop,finance/budget_2026.xlsx,read,5.38
2026-08-11 09:24:01.962282,u15,u15-laptop,it/scripts/,read,1.92
2026-08-11 09:24:40.564704,u08,u08-laptop,hr/policies/,read,3.38
2026-08-11 09:25:05.515367,u15,u15-laptop,it/tickets/,read,2.73
2026-08-11 09:25:21.621008,u15,u15-laptop,it/asset_inventory.xlsx,read,8.81
2026-08-11 09:25:57.125138,u13,u13-mobile,hr/policies/,read,1.36
2026-08-11 09:27:01.365709,u01,u01-mobile,finance/vendor_invoices/,read,0.74
2026-08-11 09:28:26.162657,u13,u13-mobile,hr/leave_records.xlsx,read,1.09
2026-08-11 09:29:05.087413,u15,u15-laptop,it/scripts/,read,1.76
2026-08-11 09:29:43.942745,u06,u06-laptop,finance/general_ledger.xlsx,read,2.18
2026-08-11 09:29:54.008430,u01,u01-mobile,finance/expense_reports/,write,1.01
2026-08-11 09:30:38.396123,u15,u15-laptop,it/scripts/,read,3.25
2026-08-11 09:31:36.494316,u15,u15-laptop,it/asset_inventory.xlsx,write,2.26
2026-08-11 09:31:54.426632,u09,u09-laptop,sales/decks/,write,1.29
2026-08-11 09:32:28.439156,u14,u14-laptop,sales/decks/,read,0.62
2026-08-11 09:33:39.920668,u15,u15-laptop,it/scripts/,download,2.18
2026-08-11 09:33:44.869313,u13,u13-mobile,hr/policies/,read,1.12
2026-08-11 09:34:23.149033,u03,u03-laptop,hr/onboarding/,read,3.86
2026-08-11 09:34:44.228810,u13,u13-mobile,hr/onboarding/,read,1.89
2026-08-11 09:38:22.196141,u06,u06-laptop,finance/vendor_invoices/,read,3.28
2026-08-11 09:38:58.026970,u09,u09-laptop,sales/decks/,read,1.86
2026-08-11 09:39:45.067206,u05,u05-mobile,it/scripts/,write,1.15
2026-08-11 09:40:17.362611,u01,u01-mobile,finance/general_ledger.xlsx,read,1.79
2026-08-11 09:40:18.606018,u11,u11-laptop,finance/expense_reports/,read,1.69
2026-08-11 09:40:50.508476,u06,u06-laptop,finance/budget_2026.xlsx,download,1.63
2026-08-11 09:46:29.462347,u06,u06-laptop,finance/budget_2026.xlsx,write,2.79
2026-08-11 09:46:43.728741,u15,u15-laptop,it/tickets/,read,13.81
2026-08-11 09:46:57.323431,u02,u02-laptop,eng/repo/frontend/,download,2.11
2026-08-11 09:47:00.508770,u06,u06-laptop,finance/vendor_invoices/,read,5.42
2026-08-11 09:47:28.150299,u06,u06-laptop,finance/budget_2026.xlsx,read,3.23
2026-08-11 09:47:42.586618,u01,u01-mobile,finance/general_ledger.xlsx,write,2.38
2026-08-11 09:47:54.581374,u08,u08-laptop,hr/leave_records.xlsx,read,3.15
2026-08-11 09:48:01.261775,u01,u01-mobile,finance/vendor_invoices/,read,1.45
2026-08-11 09:49:46.696851,u06,u06-laptop,finance/vendor_invoices/,write,3.39
2026-08-11 09:51:04.744419,u06,u06-laptop,finance/expense_reports/,read,5.57
2026-08-11 09:51:07.762636,u07,u07-laptop,eng/repo/backend/,write,6.17
2026-08-11 09:51:09.963961,u07,u07-laptop,eng/repo/frontend/,download,3.49
2026-08-11 09:51:58.988029,u06,u06-laptop,finance/vendor_invoices/,read,2.95
2026-08-11 09:52:20.005716,u15,u15-laptop,it/scripts/,read,4.25
2026-08-11 09:52:39.854501,u08,u08-laptop,hr/onboarding/,write,5.13
2026-08-11 09:53:31.082221,u02,u02-laptop,eng/design_docs/,write,1.64
2026-08-11 09:54:12.478865,u02,u02-laptop,eng/repo/frontend/,download,2.93
2026-08-11 09:54:38.741059,u07,u07-laptop,eng/ci_logs/,read,5.74
2026-08-11 09:57:02.594160,u14,u14-laptop,sales/pipeline.xlsx,download,1.03
2026-08-11 09:57:06.377643,u08,u08-laptop,hr/policies/,download,1.84
2026-08-11 09:57:11.339622,u05,u05-mobile,it/tickets/,read,1.5
2026-08-11 09:57:13.384647,u13,u13-mobile,hr/onboarding/,read,6.01
2026-08-11 09:57:14.473966,u09,u09-laptop,sales/decks/,read,1.04
2026-08-11 09:57:14.643208,u07,u07-laptop,eng/repo/frontend/,read,1.07
2026-08-11 09:57:50.317476,u02,u02-laptop,eng/design_docs/,read,1.54
2026-08-11 09:58:05.271734,u02,u02-laptop,eng/repo/frontend/,read,3.65
2026-08-11 10:00:52.517259,u06,u06-laptop,finance/general_ledger.xlsx,read,2.15
2026-08-11 10:01:21.781086,u02,u02-laptop,eng/repo/backend/,read,0.85
2026-08-11 10:01:27.608385,u13,u13-mobile,hr/onboarding/,write,1.73
2026-08-11 10:01:33.082929,u07,u07-laptop,eng/design_docs/,download,13.85
2026-08-11 10:01:50.254940,u02,u02-laptop,eng/design_docs/,read,3.1
2026-08-11 10:04:32.075982,u09,u09-laptop,sales/pipeline.xlsx,read,1.16
2026-08-11 10:04:36.635896,u01,u01-mobile,finance/budget_2026.xlsx,write,1.19
2026-08-11 10:04:50.355504,u07,u07-laptop,eng/repo/frontend/,write,6.75
2026-08-11 10:04:58.975081,u02,u02-laptop,eng/prod_credentials.env,read,1.8
2026-08-11 10:05:35.842745,u08,u08-laptop,hr/onboarding/,read,1.21
2026-08-11 10:07:03.883479,u06,u06-laptop,finance/general_ledger.xlsx,read,3.49
2026-08-11 10:07:49.449927,u01,u01-mobile,finance/general_ledger.xlsx,read,0.98
2026-08-11 10:08:18.764909,u14,u14-laptop,sales/decks/,write,2.05
2026-08-11 10:08:36.422587,u05,u05-mobile,it/scripts/,write,0.72
2026-08-11 10:09:22.177848,u06,u06-laptop,finance/budget_2026.xlsx,read,2.45
2026-08-11 10:09:54.541914,u05,u05-mobile,it/tickets/,read,3.26
2026-08-11 10:10:54.761880,u03,u03-laptop,hr/leave_records.xlsx,read,0.86
2026-08-11 10:11:11.214992,u01,u01-mobile,finance/general_ledger.xlsx,read,2.06
2026-08-11 10:11:16.916378,u03,u03-laptop,hr/onboarding/,write,2.96
2026-08-11 10:11:17.501640,u13,u13-mobile,hr/policies/,read,7.12
2026-08-11 10:11:52.796653,u06,u06-laptop,finance/vendor_invoices/,write,2.51
2026-08-11 10:12:40.334391,u11,u11-laptop,finance/expense_reports/,download,0.97
2026-08-11 10:16:00.816679,u03,u03-laptop,hr/onboarding/,download,1.63
2026-08-11 10:17:15.598213,u13,u13-mobile,hr/leave_records.xlsx,write,2.63
2026-08-11 10:19:33.025020,u09,u09-laptop,sales/pipeline.xlsx,read,1.76
2026-08-11 10:20:08.534741,u08,u08-laptop,hr/policies/,read,2.12
2026-08-11 10:20:11.346727,u13,u13-mobile,hr/policies/,read,2.61
2026-08-11 10:20:47.488706,u01,u01-mobile,finance/budget_2026.xlsx,download,2.65
2026-08-11 10:21:09.477834,u06,u06-laptop,finance/vendor_invoices/,write,1.51
2026-08-11 10:21:28.070403,u08,u08-laptop,hr/leave_records.xlsx,read,1.33
2026-08-11 10:21:29.271543,u03,u03-laptop,hr/onboarding/,read,1.36
2026-08-11 10:21:46.895740,u14,u14-laptop,sales/contracts/,download,0.59
2026-08-11 10:22:04.044411,u07,u07-laptop,eng/ci_logs/,read,2.11
2026-08-11 10:22:57.485180,u07,u07-laptop,eng/design_docs/,write,1.63
2026-08-11 10:23:54.734865,u06,u06-laptop,finance/budget_2026.xlsx,download,5.75
2026-08-11 10:25:28.244141,u03,u03-laptop,hr/policies/,read,2.53
2026-08-11 10:26:14.539204,u08,u08-laptop,hr/leave_records.xlsx,write,0.98
2026-08-11 10:26:26.090297,u07,u07-laptop,eng/design_docs/,read,3.29
2026-08-11 10:27:13.289698,u03,u03-laptop,hr/leave_records.xlsx,read,1.04
2026-08-11 10:27:49.477084,u07,u07-laptop,eng/design_docs/,read,7.1
2026-08-11 10:28:01.938520,u01,u01-mobile,finance/expense_reports/,read,1.38
2026-08-11 10:28:11.646199,u14,u14-laptop,sales/decks/,read,0.97
2026-08-11 10:29:20.201139,u03,u03-laptop,hr/leave_records.xlsx,read,0.71
2026-08-11 10:30:12.635685,u07,u07-laptop,eng/repo/backend/,write,6.0
2026-08-11 10:30:18.364014,u09,u09-laptop,sales/pipeline.xlsx,read,1.43
2026-08-11 10:34:01.677850,u07,u07-laptop,eng/repo/frontend/,read,6.65
2026-08-11 10:34:42.551373,u13,u13-mobile,hr/leave_records.xlsx,write,1.23
2026-08-11 10:34:59.781910,u01,u01-mobile,finance/expense_reports/,read,0.94
2026-08-11 10:35:26.379271,u07,u07-laptop,eng/design_docs/,write,1.45
2026-08-11 10:36:48.018963,u01,u01-mobile,finance/general_ledger.xlsx,read,0.62
2026-08-11 10:39:01.215376,u07,u07-laptop,eng/ci_logs/,read,6.1
2026-08-11 10:40:10.097059,u13,u13-mobile,hr/policies/,read,2.88
2026-08-11 10:41:25.272000,u05,u05-mobile,it/asset_inventory.xlsx,download,0.71
2026-08-11 10:44:20.300297,u08,u08-laptop,hr/onboarding/,read,1.46
2026-08-11 10:46:06.022086,u05,u05-mobile,it/tickets/,read,3.0
2026-08-11 10:47:12.743861,u05,u05-mobile,it/asset_inventory.xlsx,read,2.23
2026-08-11 10:49:44.645327,u07,u07-laptop,eng/repo/frontend/,read,4.99
2026-08-11 10:49:55.072801,u07,u07-laptop,eng/repo/frontend/,write,2.65
2026-08-11 10:50:44.713933,u07,u07-laptop,eng/repo/backend/,read,5.28
2026-08-11 10:51:55.619036,u14,u14-laptop,sales/contracts/,read,2.96
2026-08-11 10:52:42.774820,u05,u05-mobile,it/tickets/,download,4.01
2026-08-11 10:53:50.487103,u14,u14-laptop,sales/decks/,read,0.98
2026-08-11 10:54:49.770430,u07,u07-laptop,eng/design_docs/,read,10.15
2026-08-11 10:58:23.828116,u07,u07-laptop,eng/repo/frontend/,read,3.07
2026-08-11 10:59:08.349933,u11,u11-laptop,finance/budget_2026.xlsx,read,1.21
2026-08-11 11:00:20.065921,u07,u07-laptop,eng/design_docs/,read,4.94
2026-08-11 11:01:06.283668,u07,u07-laptop,eng/repo/backend/,write,2.43
2026-08-11 11:04:15.238935,u13,u13-mobile,hr/policies/,read,1.54
2026-08-11 11:04:53.743142,u13,u13-mobile,hr/leave_records.xlsx,read,1.89
2026-08-11 11:09:51.486601,u07,u07-laptop,eng/design_docs/,read,6.16
2026-08-11 11:09:54.197420,u13,u13-mobile,hr/leave_records.xlsx,read,2.27
2026-08-11 11:10:00.622777,u05,u05-mobile,it/asset_inventory.xlsx,write,0.73
2026-08-11 11:11:17.388980,u11,u11-laptop,finance/budget_2026.xlsx,write,1.24
2026-08-11 11:14:27.769530,u08,u08-laptop,hr/leave_records.xlsx,download,3.62
2026-08-11 11:16:08.785498,u07,u07-laptop,eng/repo/backend/,download,3.82
2026-08-11 11:18:11.398013,u13,u13-mobile,hr/onboarding/,write,3.81
2026-08-11 11:19:12.060847,u13,u13-mobile,hr/policies/,read,1.34
2026-08-11 11:20:24.993584,u14,u14-laptop,sales/pipeline.xlsx,download,0.53
2026-08-11 11:22:53.755056,u08,u08-laptop,hr/leave_records.xlsx,read,4.24
2026-08-11 11:23:43.340572,u08,u08-laptop,hr/leave_records.xlsx,read,5.63
2026-08-11 11:24:06.324899,u13,u13-mobile,hr/leave_records.xlsx,download,0.57
2026-08-11 11:26:00.964421,u08,u08-laptop,hr/leave_records.xlsx,read,2.9
2026-08-11 11:30:56.832458,u14,u14-laptop,sales/client_contracts_confidential/,read,1.84
2026-08-11 11:34:21.020824,u14,u14-laptop,sales/pipeline.xlsx,read,1.38
2026-08-11 11:38:22.361066,u13,u13-mobile,hr/policies/,write,2.81
2026-08-11 11:39:07.858830,u11,u11-laptop,finance/budget_2026.xlsx,read,1.31
2026-08-11 11:40:57.375613,u07,u07-laptop,eng/repo/backend/,write,2.7
2026-08-11 11:43:05.502075,u07,u07-laptop,eng/repo/backend/,read,2.9
2026-08-11 11:44:37.330077,u11,u11-laptop,finance/general_ledger.xlsx,read,2.52
2026-08-11 11:44:48.715219,u07,u07-laptop,eng/repo/frontend/,read,2.56
2026-08-11 11:45:29.512519,u14,u14-laptop,sales/contracts/,read,0.82
2026-08-11 11:45:37.782343,u13,u13-mobile,hr/policies/,read,0.82
2026-08-11 11:45:53.151156,u11,u11-laptop,finance/budget_2026.xlsx,read,3.87
2026-08-11 11:47:37.748010,u08,u08-laptop,hr/policies/,download,2.74
2026-08-11 11:53:00.022668,u07,u07-laptop,eng/design_docs/,download,4.11
2026-08-11 11:53:18.230954,u08,u08-laptop,hr/policies/,read,2.07
2026-08-11 11:53:58.556019,u07,u07-laptop,eng/ci_logs/,read,2.98
2026-08-11 11:56:28.594242,u11,u11-laptop,finance/general_ledger.xlsx,read,1.39
2026-08-11 11:57:01.191506,u14,u14-laptop,sales/decks/,read,1.02
2026-08-11 11:57:03.886864,u13,u13-mobile,hr/policies/,read,1.19
2026-08-11 12:01:45.214313,u05,u05-mobile,it/asset_inventory.xlsx,write,3.2
2026-08-11 12:02:26.064975,u08,u08-laptop,hr/policies/,download,7.12
2026-08-11 12:03:47.096114,u12,u12-laptop,eng/design_docs/,read,2.09
2026-08-11 12:05:22.443044,u12,u12-laptop,eng/ci_logs/,download,2.9
2026-08-11 12:08:18.298357,u05,u05-mobile,it/tickets/,read,2.04
2026-08-11 12:12:19.781115,u13,u13-mobile,hr/policies/,read,4.96
2026-08-11 12:13:45.783935,u12,u12-laptop,eng/design_docs/,read,2.27
2026-08-11 12:14:25.014838,u12,u12-laptop,eng/ci_logs/,read,5.29
2026-08-11 12:15:16.382176,u12,u12-laptop,eng/repo/frontend/,download,1.91
2026-08-11 12:17:38.070761,u13,u13-mobile,hr/onboarding/,read,2.33
2026-08-11 12:18:27.899759,u11,u11-laptop,finance/vendor_invoices/,read,1.56
2026-08-11 12:18:44.053762,u11,u11-laptop,finance/general_ledger.xlsx,read,3.25
2026-08-11 12:23:12.993810,u04,u04-laptop,sales/decks/,write,6.09
2026-08-11 12:25:40.669903,u12,u12-laptop,eng/ci_logs/,write,1.41
2026-08-11 12:25:57.376192,u08,u08-laptop,hr/onboarding/,read,4.38
2026-08-11 12:26:54.144030,u13,u13-mobile,hr/leave_records.xlsx,read,2.05
2026-08-11 12:28:24.112963,u08,u08-laptop,hr/policies/,read,1.17
2026-08-11 12:29:59.275327,u12,u12-laptop,eng/repo/backend/,read,2.35
2026-08-11 12:30:10.277195,u04,u04-laptop,sales/contracts/,download,0.59
2026-08-11 12:30:33.039324,u04,u04-laptop,sales/contracts/,read,2.53
2026-08-11 12:33:33.658365,u05,u05-mobile,it/tickets/,read,0.62
2026-08-11 12:33:50.260826,u04,u04-laptop,sales/decks/,read,1.93
2026-08-11 12:33:57.242820,u04,u04-laptop,sales/pipeline.xlsx,read,1.57
2026-08-11 12:35:06.136858,u04,u04-laptop,sales/decks/,write,5.79
2026-08-11 12:35:40.859782,u12,u12-laptop,eng/repo/frontend/,read,7.13
2026-08-11 12:35:58.794814,u12,u12-laptop,eng/repo/frontend/,read,3.73
2026-08-11 12:37:55.848026,u05,u05-mobile,it/tickets/,read,1.1
2026-08-11 12:38:31.701858,u04,u04-laptop,sales/pipeline.xlsx,read,5.12
2026-08-11 12:40:12.122605,u04,u04-laptop,sales/pipeline.xlsx,read,3.88
2026-08-11 12:42:50.332619,u05,u05-mobile,it/asset_inventory.xlsx,read,0.37
2026-08-11 12:45:10.763428,u12,u12-laptop,eng/repo/frontend/,write,3.53
2026-08-11 12:46:01.027849,u12,u12-laptop,eng/ci_logs/,read,3.85
2026-08-11 12:49:39.728967,u04,u04-laptop,sales/decks/,read,1.59
2026-08-11 12:51:01.451157,u12,u12-laptop,eng/repo/frontend/,read,6.04
2026-08-11 12:51:39.542899,u04,u04-laptop,sales/pipeline.xlsx,read,5.37
2026-08-11 12:52:38.340416,u14,u14-laptop,sales/pipeline.xlsx,read,0.46
2026-08-11 12:54:37.486149,u04,u04-laptop,sales/pipeline.xlsx,download,9.76
2026-08-11 12:55:26.950158,u04,u04-laptop,sales/contracts/,read,1.07
2026-08-11 12:56:59.147540,u04,u04-laptop,sales/decks/,write,6.51
2026-08-11 12:59:29.796462,u04,u04-laptop,sales/contracts/,write,2.44
2026-08-11 13:01:15.399143,u12,u12-laptop,eng/design_docs/,read,1.58
2026-08-11 13:05:18.818756,u04,u04-laptop,sales/contracts/,read,2.98
2026-08-11 13:06:10.577286,u04,u04-laptop,sales/pipeline.xlsx,read,2.76
2026-08-11 13:07:54.564293,u12,u12-laptop,eng/ci_logs/,write,0.51
2026-08-11 13:12:56.107130,u14,u14-laptop,sales/decks/,read,1.0
2026-08-11 13:16:05.866178,u04,u04-laptop,sales/decks/,write,1.28
2026-08-11 13:16:37.682573,u04,u04-laptop,sales/decks/,read,2.02
2026-08-11 13:21:59.588712,u12,u12-laptop,eng/ci_logs/,read,2.21
2026-08-11 13:23:17.163823,u12,u12-laptop,eng/ci_logs/,read,0.83
2026-08-11 13:31:38.175051,u04,u04-laptop,sales/decks/,read,2.91
2026-08-11 13:32:52.055994,u04,u04-laptop,sales/decks/,read,2.17
2026-08-11 13:33:00.465343,u04,u04-laptop,sales/contracts/,read,2.27
2026-08-11 13:39:11.292663,u14,u14-laptop,sales/contracts/,download,0.44
2026-08-11 14:02:41.121617,u14,u14-laptop,sales/decks/,read,0.75
2026-08-11 14:34:06.285060,u14,u14-laptop,sales/contracts/,read,1.69
2026-08-11 20:04:25.077048,u10,u10-laptop,it/scripts/,read,3.53
2026-08-11 20:36:28.264122,u10,u10-laptop,it/scripts/,read,0.6
2026-08-11 20:36:58.815301,u10,u10-laptop,it/asset_inventory.xlsx,write,5.05
2026-08-11 20:45:09.763466,u10,u10-laptop,it/tickets/,read,1.06
2026-08-11 20:51:07.268213,u10,u10-laptop,it/asset_inventory.xlsx,read,2.34
2026-08-11 21:16:08.467600,u10,u10-laptop,it/scripts/,read,2.25
2026-08-11 21:30:17.181222,u10,u10-laptop,it/tickets/,download,2.2
2026-08-11 23:17:52.635272,u10,u10-laptop,it/tickets/,read,0.81
2026-08-12 00:12:24.056394,u10,u10-laptop,it/tickets/,read,1.12
2026-08-12 08:21:49.452837,u08,u08-laptop,hr/onboarding/,read,1.45
2026-08-12 08:34:18.563949,u08,u08-laptop,hr/leave_records.xlsx,write,1.93
2026-08-12 08:37:30.731279,u04,u04-laptop,sales/decks/,read,5.39
2026-08-12 08:47:04.741542,u13,u13-mobile,hr/policies/,read,4.68
2026-08-12 08:48:37.607626,u05,u05-mobile,it/asset_inventory.xlsx,read,1.28
2026-08-12 08:52:59.198454,u15,u15-laptop,it/tickets/,read,2.42
2026-08-12 08:57:56.108866,u15,u15-laptop,it/tickets/,read,2.62
2026-08-12 08:59:16.252251,u04,u04-laptop,sales/decks/,read,4.3
2026-08-12 08:59:31.662741,u02,u02-laptop,eng/repo/frontend/,read,1.66
2026-08-12 09:02:40.631303,u07,u07-laptop,eng/design_docs/,write,1.42
2026-08-12 09:02:48.083874,u05,u05-mobile,it/tickets/,write,1.49
2026-08-12 09:06:36.483015,u02,u02-laptop,eng/repo/frontend/,read,2.12
2026-08-12 09:10:05.705187,u15,u15-laptop,it/tickets/,write,4.42
2026-08-12 09:10:49.430547,u15,u15-laptop,it/network_diagram.vsdx,read,1.75
2026-08-12 09:12:20.379918,u15,u15-laptop,it/asset_inventory.xlsx,read,2.17
2026-08-12 09:15:24.312424,u14,u14-laptop,sales/decks/,download,1.33
2026-08-12 09:18:39.660208,u07,u07-laptop,eng/ci_logs/,read,2.33
2026-08-12 09:20:23.365787,u04,u04-laptop,sales/contracts/,write,1.04
2026-08-12 09:22:53.792105,u04,u04-laptop,sales/contracts/,read,2.2
2026-08-12 09:25:11.959360,u15,u15-laptop,it/asset_inventory.xlsx,read,1.91
2026-08-12 09:26:49.851493,u15,u15-laptop,it/scripts/,read,1.88
2026-08-12 09:34:45.194789,u14,u14-laptop,sales/pipeline.xlsx,write,0.63
2026-08-12 09:36:49.920607,u06,u06-laptop,finance/budget_2026.xlsx,download,2.22
2026-08-12 09:37:30.719064,u04,u04-laptop,sales/pipeline.xlsx,read,2.66
2026-08-12 09:38:31.038856,u04,u04-laptop,sales/decks/,download,5.33
2026-08-12 09:40:14.395327,u02,u02-laptop,eng/repo/frontend/,write,1.02
2026-08-12 09:41:46.778393,u06,u06-laptop,finance/vendor_invoices/,read,1.95
2026-08-12 09:43:45.021510,u15,u15-laptop,it/tickets/,read,3.96
2026-08-12 09:43:56.634171,u04,u04-laptop,sales/decks/,download,4.84
2026-08-12 09:45:09.398375,u11,u11-laptop,finance/vendor_invoices/,read,0.97
2026-08-12 09:45:35.178618,u15,u15-laptop,it/scripts/,write,0.58
2026-08-12 09:45:57.877117,u15,u15-laptop,it/asset_inventory.xlsx,write,1.55
2026-08-12 09:48:09.301184,u14,u14-laptop,sales/decks/,read,1.29
2026-08-12 09:48:29.292467,u12,u12-laptop,eng/repo/frontend/,write,3.58
2026-08-12 09:48:49.469868,u12,u12-laptop,eng/repo/frontend/,write,3.79
2026-08-12 09:51:54.682413,u11,u11-laptop,finance/expense_reports/,download,1.17
2026-08-12 09:54:56.839397,u04,u04-laptop,sales/pipeline.xlsx,download,0.59
2026-08-12 09:55:27.198219,u07,u07-laptop,eng/ci_logs/,read,4.33
2026-08-12 09:55:34.440507,u11,u11-laptop,finance/budget_2026.xlsx,read,1.22
2026-08-12 09:56:25.843450,u06,u06-laptop,finance/vendor_invoices/,read,4.57
2026-08-12 09:57:53.033119,u06,u06-laptop,finance/budget_2026.xlsx,download,2.39
2026-08-12 09:57:59.817858,u15,u15-laptop,it/tickets/,read,10.94
2026-08-12 09:58:14.545793,u08,u08-laptop,hr/policies/,download,4.51
2026-08-12 09:58:20.916539,u04,u04-laptop,sales/decks/,download,3.22
2026-08-12 09:58:23.632281,u15,u15-laptop,it/scripts/,write,3.49
2026-08-12 09:58:36.024619,u07,u07-laptop,eng/design_docs/,download,1.09
2026-08-12 10:00:20.498612,u07,u07-laptop,eng/repo/backend/,write,3.09
2026-08-12 10:00:36.538449,u02,u02-laptop,eng/repo/backend/,read,3.31
2026-08-12 10:01:57.089691,u06,u06-laptop,finance/general_ledger.xlsx,read,7.93
2026-08-12 10:02:09.080760,u01,u01-laptop,finance/vendor_invoices/,read,1.39
2026-08-12 10:02:35.995395,u07,u07-laptop,eng/repo/backend/,read,2.08
2026-08-12 10:02:36.486616,u02,u02-laptop,eng/ci_logs/,download,6.44
2026-08-12 10:03:01.724006,u06,u06-laptop,finance/expense_reports/,read,4.0
2026-08-12 10:04:40.568223,u15,u15-laptop,it/asset_inventory.xlsx,read,1.36
2026-08-12 10:05:01.535343,u04,u04-laptop,sales/decks/,read,2.36
2026-08-12 10:05:21.335367,u08,u08-laptop,hr/leave_records.xlsx,read,2.75
2026-08-12 10:05:35.416184,u01,u01-laptop,finance/budget_2026.xlsx,download,1.3
2026-08-12 10:08:03.292716,u01,u01-laptop,finance/expense_reports/,read,0.64
2026-08-12 10:10:21.189006,u15,u15-laptop,it/scripts/,read,4.42
2026-08-12 10:10:55.011160,u08,u08-laptop,hr/policies/,read,1.86
2026-08-12 10:11:40.096253,u08,u08-laptop,hr/leave_records.xlsx,read,22.52
2026-08-12 10:12:46.050793,u04,u04-laptop,sales/contracts/,write,11.62
2026-08-12 10:13:04.358997,u07,u07-laptop,eng/repo/frontend/,read,11.29
2026-08-12 10:13:08.490583,u09,u09-laptop,sales/pipeline.xlsx,write,0.98
2026-08-12 10:13:46.672834,u01,u01-laptop,finance/expense_reports/,read,4.6
2026-08-12 10:15:54.187543,u14,u14-laptop,sales/pipeline.xlsx,read,0.74
2026-08-12 10:16:22.809360,u06,u06-laptop,finance/budget_2026.xlsx,read,3.52
2026-08-12 10:16:56.003948,u13,u13-mobile,hr/leave_records.xlsx,read,7.04
2026-08-12 10:19:07.484951,u04,u04-laptop,sales/contracts/,download,6.41
2026-08-12 10:19:23.619727,u06,u06-laptop,finance/budget_2026.xlsx,read,2.05
2026-08-12 10:20:49.714127,u06,u06-laptop,finance/general_ledger.xlsx,read,1.98
2026-08-12 10:21:15.254870,u14,u14-laptop,sales/pipeline.xlsx,read,1.77
2026-08-12 10:22:37.450480,u01,u01-laptop,finance/budget_2026.xlsx,read,1.47
2026-08-12 10:23:29.111468,u09,u09-laptop,sales/pipeline.xlsx,read,1.05
2026-08-12 10:23:57.198577,u13,u13-mobile,hr/onboarding/,read,3.77
2026-08-12 10:24:06.704095,u12,u12-laptop,eng/repo/frontend/,read,14.45
2026-08-12 10:24:52.808978,u01,u01-laptop,finance/general_ledger.xlsx,write,1.07
2026-08-12 10:25:36.440479,u09,u09-laptop,sales/pipeline.xlsx,read,3.23
2026-08-12 10:26:24.154602,u04,u04-laptop,sales/contracts/,read,5.44
2026-08-12 10:26:35.065001,u01,u01-laptop,finance/vendor_invoices/,read,1.01
2026-08-12 10:26:36.624436,u11,u11-laptop,finance/general_ledger.xlsx,read,0.72
2026-08-12 10:26:47.691161,u07,u07-laptop,eng/repo/backend/,read,9.6
2026-08-12 10:26:50.764044,u11,u11-laptop,finance/expense_reports/,download,1.08
2026-08-12 10:27:11.856082,u07,u07-laptop,eng/repo/backend/,read,2.2
2026-08-12 10:27:56.677361,u04,u04-laptop,sales/decks/,write,7.08
2026-08-12 10:29:28.280035,u06,u06-laptop,finance/vendor_invoices/,read,3.31
2026-08-12 10:29:37.735479,u13,u13-mobile,hr/policies/,read,3.99
2026-08-12 10:29:45.305496,u07,u07-laptop,eng/design_docs/,read,9.44
2026-08-12 10:30:11.136028,u01,u01-laptop,finance/general_ledger.xlsx,write,1.74
2026-08-12 10:31:01.106999,u13,u13-mobile,hr/onboarding/,read,4.2
2026-08-12 10:31:56.677059,u14,u14-laptop,sales/contracts/,read,0.34
2026-08-12 10:32:57.446543,u12,u12-laptop,eng/repo/frontend/,write,1.08
2026-08-12 10:33:50.726054,u08,u08-laptop,hr/onboarding/,read,2.18
2026-08-12 10:34:22.037805,u08,u08-laptop,hr/leave_records.xlsx,download,3.95
2026-08-12 10:34:35.292405,u01,u01-laptop,finance/budget_2026.xlsx,read,0.96
2026-08-12 10:34:53.437292,u07,u07-laptop,eng/ci_logs/,read,1.92
2026-08-12 10:35:16.301720,u04,u04-laptop,sales/pipeline.xlsx,read,0.77
2026-08-12 10:35:34.771089,u13,u13-mobile,hr/policies/,read,1.47
2026-08-12 10:36:02.405943,u04,u04-laptop,sales/contracts/,write,4.79
2026-08-12 10:36:15.948442,u13,u13-mobile,hr/leave_records.xlsx,write,4.09
2026-08-12 10:36:16.986351,u06,u06-laptop,finance/vendor_invoices/,write,1.46
2026-08-12 10:37:01.543022,u01,u01-laptop,finance/vendor_invoices/,read,1.74
2026-08-12 10:37:45.866265,u13,u13-mobile,hr/leave_records.xlsx,read,4.44
2026-08-12 10:37:53.899285,u13,u13-mobile,hr/leave_records.xlsx,download,3.12
2026-08-12 10:38:12.552832,u04,u04-laptop,sales/contracts/,read,1.21
2026-08-12 10:38:14.259769,u07,u07-laptop,eng/design_docs/,read,6.36
2026-08-12 10:39:03.551902,u04,u04-laptop,sales/decks/,download,14.1
2026-08-12 10:40:02.527094,u07,u07-laptop,eng/repo/frontend/,write,1.83
2026-08-12 10:40:19.244419,u11,u11-laptop,finance/expense_reports/,read,1.07
2026-08-12 10:41:44.171788,u08,u08-laptop,hr/policies/,read,5.42
2026-08-12 10:42:12.144791,u07,u07-laptop,eng/repo/backend/,read,3.46
2026-08-12 10:42:12.851155,u04,u04-laptop,sales/decks/,write,2.33
2026-08-12 10:43:01.642650,u07,u07-laptop,eng/repo/frontend/,read,3.13
2026-08-12 10:43:11.131767,u02,u02-laptop,eng/repo/frontend/,read,1.08
2026-08-12 10:44:36.131613,u12,u12-laptop,eng/ci_logs/,read,4.69
2026-08-12 10:45:33.297352,u12,u12-laptop,eng/ci_logs/,read,1.48
2026-08-12 10:47:15.559207,u09,u09-laptop,sales/contracts/,read,1.37
2026-08-12 10:48:54.976494,u06,u06-laptop,finance/general_ledger.xlsx,write,6.24
2026-08-12 10:51:05.556214,u15,u15-laptop,it/scripts/,write,2.72
2026-08-12 10:51:07.995070,u08,u08-laptop,hr/onboarding/,read,2.74
2026-08-12 10:51:22.443763,u07,u07-laptop,eng/design_docs/,download,3.27
2026-08-12 10:51:42.292826,u13,u13-mobile,hr/leave_records.xlsx,read,1.39
2026-08-12 10:51:54.886958,u07,u07-laptop,eng/repo/backend/,write,1.55
2026-08-12 10:52:23.532068,u15,u15-laptop,it/asset_inventory.xlsx,read,6.03
2026-08-12 10:54:37.112154,u06,u06-laptop,finance/vendor_invoices/,read,2.19
2026-08-12 10:55:05.476146,u06,u06-laptop,finance/budget_2026.xlsx,write,1.1
2026-08-12 10:55:46.580469,u08,u08-laptop,hr/onboarding/,read,2.17
2026-08-12 10:55:53.631731,u03,u03-laptop,hr/leave_records.xlsx,read,1.64
2026-08-12 10:56:16.665215,u08,u08-laptop,hr/policies/,read,2.57
2026-08-12 10:56:53.138909,u08,u08-laptop,hr/policies/,download,5.24
2026-08-12 10:56:58.589690,u08,u08-laptop,hr/onboarding/,read,1.62
2026-08-12 10:57:58.663260,u14,u14-laptop,sales/decks/,read,1.63
2026-08-12 10:57:59.676702,u07,u07-laptop,eng/repo/backend/,read,0.55
2026-08-12 10:58:43.772479,u12,u12-laptop,eng/repo/backend/,read,5.47
2026-08-12 10:59:43.995844,u06,u06-laptop,finance/vendor_invoices/,download,2.44
2026-08-12 10:59:47.777507,u01,u01-laptop,finance/expense_reports/,write,0.59
2026-08-12 11:01:23.633422,u09,u09-laptop,sales/pipeline.xlsx,download,2.38
2026-08-12 11:02:43.685961,u15,u15-laptop,it/tickets/,read,3.53
2026-08-12 11:03:21.624047,u04,u04-laptop,sales/contracts/,read,3.99
2026-08-12 11:03:24.963912,u13,u13-mobile,hr/onboarding/,write,5.3
2026-08-12 11:04:37.355518,u15,u15-laptop,it/tickets/,read,1.18
2026-08-12 11:06:08.725656,u08,u08-laptop,hr/onboarding/,download,2.44
2026-08-12 11:07:04.817929,u01,u01-laptop,finance/vendor_invoices/,read,1.52
2026-08-12 11:07:07.502126,u15,u15-laptop,it/asset_inventory.xlsx,read,1.0
2026-08-12 11:07:31.732405,u02,u02-laptop,eng/ci_logs/,read,1.97
2026-08-12 11:07:46.513065,u02,u02-laptop,eng/repo/frontend/,write,1.33
2026-08-12 11:07:50.827282,u07,u07-laptop,eng/infra/terraform_state.tfstate,read,2.82
2026-08-12 11:09:54.409684,u09,u09-laptop,sales/decks/,read,3.73
2026-08-12 11:10:45.402578,u06,u06-laptop,finance/vendor_invoices/,write,4.37
2026-08-12 11:11:05.023985,u13,u13-mobile,hr/policies/,read,0.95
2026-08-12 11:11:08.642064,u03,u03-laptop,hr/leave_records.xlsx,write,0.95
2026-08-12 11:12:28.046429,u15,u15-laptop,it/tickets/,read,4.24
2026-08-12 11:12:54.771105,u08,u08-laptop,hr/policies/,read,4.43
2026-08-12 11:15:33.580844,u15,u15-laptop,it/tickets/,read,3.47
2026-08-12 11:17:40.902513,u13,u13-mobile,hr/policies/,download,1.03
2026-08-12 11:19:35.195060,u06,u06-laptop,finance/vendor_invoices/,read,2.49
2026-08-12 11:19:35.865053,u08,u08-laptop,hr/policies/,read,4.36
2026-08-12 11:20:03.854883,u05,u05-mobile,it/asset_inventory.xlsx,read,0.58
2026-08-12 11:21:38.212452,u09,u09-laptop,sales/decks/,write,2.15
2026-08-12 11:21:41.934892,u08,u08-laptop,hr/onboarding/,read,2.72
2026-08-12 11:21:50.477177,u15,u15-laptop,it/scripts/,read,6.9
2026-08-12 11:22:02.889740,u06,u06-laptop,finance/vendor_invoices/,read,1.6
2026-08-12 11:22:06.727988,u05,u05-mobile,it/scripts/,read,2.84
2026-08-12 11:22:29.200356,u06,u06-laptop,finance/vendor_invoices/,write,1.44
2026-08-12 11:22:56.096048,u07,u07-laptop,eng/repo/backend/,read,5.24
2026-08-12 11:23:01.879123,u15,u15-laptop,it/scripts/,read,2.77
2026-08-12 11:24:36.426385,u06,u06-laptop,finance/budget_2026.xlsx,read,12.91
2026-08-12 11:24:55.586461,u06,u06-laptop,finance/general_ledger.xlsx,read,3.15
2026-08-12 11:25:15.883755,u04,u04-laptop,sales/pipeline.xlsx,read,1.89
2026-08-12 11:25:20.292583,u13,u13-mobile,hr/onboarding/,download,3.76
2026-08-12 11:30:12.172044,u05,u05-mobile,it/tickets/,write,3.8
2026-08-12 11:31:38.290864,u07,u07-laptop,eng/repo/frontend/,write,3.3
2026-08-12 11:34:18.135353,u13,u13-mobile,hr/policies/,read,3.6
2026-08-12 11:36:14.929095,u09,u09-laptop,sales/contracts/,read,1.48
2026-08-12 11:37:02.934899,u13,u13-mobile,hr/onboarding/,read,6.16
2026-08-12 11:38:52.703610,u09,u09-laptop,sales/pipeline.xlsx,read,2.85
2026-08-12 11:39:08.934721,u13,u13-mobile,hr/leave_records.xlsx,read,7.41
2026-08-12 11:43:39.378518,u05,u05-mobile,it/asset_inventory.xlsx,read,1.04
2026-08-12 11:43:55.908098,u14,u14-laptop,sales/pipeline.xlsx,read,2.53
2026-08-12 11:43:56.508908,u15,u15-laptop,it/tickets/,read,3.88
2026-08-12 11:47:29.408554,u03,u03-laptop,hr/onboarding/,read,4.71
2026-08-12 11:49:18.046742,u03,u03-laptop,hr/leave_records.xlsx,read,4.81
2026-08-12 11:50:03.714023,u07,u07-laptop,eng/repo/frontend/,read,3.14
2026-08-12 11:57:04.259857,u11,u11-laptop,finance/expense_reports/,download,1.64
2026-08-12 11:58:30.125528,u13,u13-mobile,hr/onboarding/,read,1.43
2026-08-12 12:00:15.979196,u03,u03-laptop,hr/leave_records.xlsx,read,1.72
2026-08-12 12:01:29.063415,u03,u03-laptop,hr/policies/,read,1.61
2026-08-12 12:03:38.063501,u08,u08-laptop,hr/leave_records.xlsx,read,6.33
2026-08-12 12:03:39.492751,u13,u13-mobile,hr/leave_records.xlsx,read,1.94
2026-08-12 12:05:22.357753,u15,u15-laptop,it/asset_inventory.xlsx,read,1.45
2026-08-12 12:05:22.467156,u03,u03-laptop,hr/leave_records.xlsx,download,3.36
2026-08-12 12:06:06.750054,u11,u11-laptop,finance/expense_reports/,read,1.54
2026-08-12 12:06:11.654861,u11,u11-laptop,finance/general_ledger.xlsx,read,0.7
2026-08-12 12:06:29.779592,u15,u15-laptop,it/scripts/,read,4.53
2026-08-12 12:06:41.526410,u15,u15-laptop,it/tickets/,write,2.3
2026-08-12 12:07:05.305814,u15,u15-laptop,it/tickets/,read,3.08
2026-08-12 12:10:04.749305,u03,u03-laptop,hr/onboarding/,read,3.01
2026-08-12 12:11:10.801210,u07,u07-laptop,eng/design_docs/,read,2.66
2026-08-12 12:13:19.974022,u08,u08-laptop,hr/leave_records.xlsx,write,3.12
2026-08-12 12:13:51.040897,u15,u15-laptop,it/tickets/,download,6.44
2026-08-12 12:14:28.441665,u15,u15-laptop,it/asset_inventory.xlsx,write,1.74
2026-08-12 12:15:40.415446,u15,u15-laptop,it/scripts/,read,1.56
2026-08-12 12:18:57.637174,u11,u11-laptop,finance/vendor_invoices/,write,1.57
2026-08-12 12:19:13.103328,u13,u13-mobile,hr/policies/,read,2.02
2026-08-12 12:19:14.844482,u13,u13-mobile,hr/policies/,read,3.52
2026-08-12 12:19:58.809485,u11,u11-laptop,finance/vendor_invoices/,write,2.26
2026-08-12 12:20:09.362011,u05,u05-mobile,it/scripts/,read,0.45
2026-08-12 12:21:38.394536,u02,u02-laptop,eng/repo/backend/,write,3.77
2026-08-12 12:24:17.671923,u05,u05-mobile,it/asset_inventory.xlsx,read,0.8
2026-08-12 12:24:23.399201,u09,u09-laptop,sales/pipeline.xlsx,read,1.03
2026-08-12 12:25:32.725592,u08,u08-laptop,hr/onboarding/,read,5.04
2026-08-12 12:26:55.462565,u08,u08-laptop,hr/policies/,download,3.13
2026-08-12 12:27:24.614852,u07,u07-laptop,eng/ci_logs/,read,3.51
2026-08-12 12:31:29.322904,u02,u02-laptop,eng/design_docs/,read,5.52
2026-08-12 12:32:05.621166,u12,u12-laptop,eng/ci_logs/,write,2.98
2026-08-12 12:36:44.614971,u05,u05-mobile,it/scripts/,read,2.67
2026-08-12 12:48:57.115781,u07,u07-laptop,eng/ci_logs/,read,2.16
2026-08-12 12:54:56.818223,u12,u12-laptop,eng/design_docs/,read,4.98
2026-08-12 12:57:17.585948,u12,u12-laptop,eng/repo/frontend/,read,0.94
2026-08-12 13:03:18.158454,u12,u12-laptop,eng/design_docs/,read,6.68
2026-08-12 13:04:26.013749,u11,u11-laptop,finance/expense_reports/,read,1.0
2026-08-12 13:04:55.694414,u02,u02-laptop,eng/repo/frontend/,read,0.92
2026-08-12 13:07:57.485554,u14,u14-laptop,sales/contracts/,read,0.54
2026-08-12 13:17:06.756450,u05,u05-mobile,it/scripts/,write,3.48
2026-08-12 13:21:46.547022,u12,u12-laptop,eng/ci_logs/,write,2.16
2026-08-12 13:22:48.250137,u11,u11-laptop,finance/general_ledger.xlsx,read,2.23
2026-08-12 13:23:08.953772,u14,u14-laptop,sales/pipeline.xlsx,read,1.46
2026-08-12 13:26:08.831469,u11,u11-laptop,finance/expense_reports/,read,1.23
2026-08-12 13:30:20.598505,u12,u12-laptop,eng/repo/backend/,read,2.84
2026-08-12 13:39:16.061117,u14,u14-laptop,sales/contracts/,read,1.55
2026-08-12 13:52:46.435134,u12,u12-laptop,eng/design_docs/,read,0.82
2026-08-12 13:54:27.184890,u05,u05-mobile,it/tickets/,write,1.05
2026-08-12 13:56:00.580155,u05,u05-mobile,it/scripts/,write,0.31
2026-08-12 14:10:26.237986,u14,u14-laptop,sales/pipeline.xlsx,read,0.92
2026-08-12 14:17:56.749427,u14,u14-laptop,sales/pipeline.xlsx,read,1.59
2026-08-12 14:19:30.441931,u09,u09-laptop,sales/contracts/,download,2.0
2026-08-12 14:39:53.477996,u09,u09-laptop,sales/pipeline.xlsx,download,1.47
2026-08-12 14:43:11.770810,u09,u09-laptop,sales/decks/,read,2.27
2026-08-12 14:47:00.904803,u09,u09-laptop,sales/contracts/,download,1.23
2026-08-12 14:48:15.975554,u09,u09-laptop,sales/decks/,read,1.08
2026-08-12 14:51:05.431565,u09,u09-laptop,sales/decks/,read,1.43
2026-08-12 14:59:58.613746,u09,u09-laptop,sales/pipeline.xlsx,read,1.73
2026-08-12 15:00:20.128076,u09,u09-laptop,sales/pipeline.xlsx,write,1.2
2026-08-12 15:00:25.434369,u09,u09-laptop,sales/contracts/,read,1.18
2026-08-12 15:05:35.759473,u09,u09-laptop,sales/pipeline.xlsx,read,4.87
2026-08-12 15:14:12.713133,u09,u09-laptop,sales/pipeline.xlsx,write,1.41
2026-08-12 15:29:58.142078,u09,u09-laptop,sales/contracts/,write,3.6
2026-08-12 15:34:53.863342,u09,u09-laptop,sales/contracts/,read,2.8
2026-08-12 22:23:55.798365,u10,u10-laptop,it/tickets/,read,1.87
2026-08-12 22:47:44.312251,u10,u10-laptop,it/tickets/,read,3.61
2026-08-12 22:53:19.362387,u10,u10-laptop,it/tickets/,read,3.12
2026-08-12 23:20:53.455537,u10,u10-laptop,it/asset_inventory.xlsx,download,0.7
2026-08-12 23:32:01.884430,u10,u10-laptop,it/tickets/,read,0.82
2026-08-12 23:33:50.956122,u10,u10-laptop,it/tickets/,read,2.73
2026-08-12 23:38:12.017865,u10,u10-laptop,it/asset_inventory.xlsx,read,1.05
2026-08-12 23:41:43.205322,u10,u10-laptop,it/asset_inventory.xlsx,write,0.96
2026-08-12 23:43:54.075339,u10,u10-laptop,it/tickets/,download,2.44
2026-08-13 00:00:06.600304,u10,u10-laptop,it/asset_inventory.xlsx,read,1.33
2026-08-13 00:05:58.470187,u10,u10-laptop,it/scripts/,download,0.5
2026-08-13 00:18:09.704818,u10,u10-laptop,it/asset_inventory.xlsx,write,1.65
2026-08-13 00:28:57.652363,u10,u10-laptop,it/asset_inventory.xlsx,read,2.12
2026-08-13 08:10:37.228900,u13,u13-mobile,hr/policies/,download,4.33
2026-08-13 08:17:57.841501,u13,u13-mobile,hr/leave_records.xlsx,write,1.7
2026-08-13 08:35:22.263822,u13,u13-mobile,hr/leave_records.xlsx,read,7.87
2026-08-13 08:37:13.189383,u13,u13-mobile,hr/policies/,read,3.07
2026-08-13 08:44:02.444784,u15,u15-laptop,it/asset_inventory.xlsx,write,0.71
2026-08-13 08:47:10.600545,u13,u13-mobile,hr/onboarding/,read,7.54
2026-08-13 08:48:32.342260,u15,u15-laptop,it/tickets/,read,1.76
2026-08-13 08:50:04.846277,u13,u13-mobile,hr/leave_records.xlsx,read,5.55
2026-08-13 08:52:45.715302,u06,u06-laptop,finance/budget_2026.xlsx,read,2.93
2026-08-13 08:53:32.008862,u13,u13-mobile,hr/policies/,write,3.71
2026-08-13 08:55:38.684792,u13,u13-mobile,hr/policies/,write,2.04
2026-08-13 08:55:45.504192,u13,u13-mobile,hr/leave_records.xlsx,read,3.42
2026-08-13 08:58:17.388411,u06,u06-laptop,finance/vendor_invoices/,read,3.45
2026-08-13 08:59:55.239851,u13,u13-mobile,hr/onboarding/,download,7.46
2026-08-13 09:01:06.055813,u06,u06-laptop,finance/general_ledger.xlsx,write,1.56
2026-08-13 09:02:24.786310,u06,u06-laptop,finance/general_ledger.xlsx,read,15.17
2026-08-13 09:02:27.805019,u06,u06-laptop,finance/budget_2026.xlsx,read,2.32
2026-08-13 09:03:52.843056,u06,u06-laptop,finance/expense_reports/,read,3.2
2026-08-13 09:07:40.135626,u13,u13-mobile,hr/policies/,read,1.9
2026-08-13 09:08:56.866752,u15,u15-laptop,it/scripts/,write,13.99
2026-08-13 09:10:18.995821,u15,u15-laptop,it/scripts/,read,2.99
2026-08-13 09:10:21.707913,u13,u13-mobile,hr/leave_records.xlsx,download,1.67
2026-08-13 09:10:29.895686,u01,u01-mobile,finance/budget_2026.xlsx,read,2.35
2026-08-13 09:12:11.206534,u05,u05-laptop,it/scripts/,download,0.89
2026-08-13 09:12:22.066231,u15,u15-laptop,it/tickets/,write,5.65
2026-08-13 09:13:18.490049,u06,u06-laptop,finance/expense_reports/,read,0.95
2026-08-13 09:14:12.229142,u05,u05-laptop,it/scripts/,download,0.47
2026-08-13 09:15:24.539299,u01,u01-mobile,finance/budget_2026.xlsx,read,2.46
2026-08-13 09:17:03.767484,u06,u06-laptop,finance/general_ledger.xlsx,write,1.01
2026-08-13 09:17:15.663791,u06,u06-laptop,finance/vendor_invoices/,write,2.08
2026-08-13 09:19:00.855963,u06,u06-laptop,finance/vendor_invoices/,read,4.05
2026-08-13 09:19:12.243043,u06,u06-laptop,finance/general_ledger.xlsx,write,2.34
2026-08-13 09:21:21.589022,u13,u13-mobile,hr/onboarding/,read,3.44
2026-08-13 09:24:22.832036,u13,u13-mobile,hr/leave_records.xlsx,read,1.01
2026-08-13 09:24:23.131060,u08,u08-laptop,hr/onboarding/,write,6.33
2026-08-13 09:24:27.295916,u01,u01-mobile,finance/budget_2026.xlsx,read,2.04
2026-08-13 09:25:31.871669,u01,u01-mobile,finance/budget_2026.xlsx,read,1.6
2026-08-13 09:25:35.350924,u13,u13-mobile,hr/onboarding/,read,3.19
2026-08-13 09:28:18.643709,u01,u01-mobile,finance/budget_2026.xlsx,read,3.31
2026-08-13 09:29:01.764854,u01,u01-mobile,finance/budget_2026.xlsx,read,1.87
2026-08-13 09:29:44.037693,u13,u13-mobile,hr/policies/,read,3.77
2026-08-13 09:31:25.253939,u13,u13-mobile,hr/onboarding/,read,1.05
2026-08-13 09:33:03.889083,u13,u13-mobile,hr/policies/,read,1.16
2026-08-13 09:33:09.900118,u05,u05-laptop,it/asset_inventory.xlsx,read,1.32
2026-08-13 09:36:19.760150,u06,u06-laptop,finance/general_ledger.xlsx,read,5.1
2026-08-13 09:38:09.194468,u13,u13-mobile,hr/leave_records.xlsx,read,1.83
2026-08-13 09:39:26.919062,u01,u01-mobile,finance/budget_2026.xlsx,write,1.86
2026-08-13 09:42:09.195544,u01,u01-mobile,finance/expense_reports/,read,1.87
2026-08-13 09:42:34.671118,u06,u06-laptop,finance/general_ledger.xlsx,read,0.74
2026-08-13 09:43:10.297456,u13,u13-mobile,hr/leave_records.xlsx,download,1.08
2026-08-13 09:43:54.088882,u01,u01-mobile,finance/vendor_invoices/,read,0.44
2026-08-13 09:43:54.283186,u05,u05-laptop,it/asset_inventory.xlsx,read,5.37
2026-08-13 09:44:43.424684,u01,u01-mobile,finance/general_ledger.xlsx,write,2.43
2026-08-13 09:45:14.031446,u13,u13-mobile,hr/onboarding/,read,1.99
2026-08-13 09:47:42.230921,u08,u08-laptop,hr/leave_records.xlsx,read,6.73
2026-08-13 09:47:48.223424,u08,u08-laptop,hr/policies/,write,2.43
2026-08-13 09:47:54.417205,u05,u05-laptop,it/scripts/,read,1.28
2026-08-13 09:50:10.950762,u13,u13-mobile,hr/leave_records.xlsx,read,4.39
2026-08-13 09:51:08.056229,u07,u07-laptop,eng/repo/backend/,read,4.88
2026-08-13 09:51:34.807937,u13,u13-mobile,hr/leave_records.xlsx,read,1.41
2026-08-13 09:53:00.188276,u13,u13-mobile,hr/leave_records.xlsx,read,4.49
2026-08-13 09:54:52.702399,u11,u11-laptop,finance/vendor_invoices/,read,1.74
2026-08-13 09:55:46.691316,u01,u01-mobile,finance/general_ledger.xlsx,read,1.87
2026-08-13 09:56:59.008607,u07,u07-laptop,eng/repo/frontend/,read,3.08
2026-08-13 09:57:26.757413,u06,u06-laptop,finance/vendor_invoices/,write,3.05
2026-08-13 10:00:18.120153,u07,u07-laptop,eng/repo/backend/,read,4.93
2026-08-13 10:03:15.257725,u07,u07-laptop,eng/design_docs/,read,1.95
2026-08-13 10:03:19.279099,u05,u05-laptop,it/asset_inventory.xlsx,read,0.79
2026-08-13 10:03:20.865251,u11,u11-laptop,finance/expense_reports/,write,2.09
2026-08-13 10:04:43.545101,u05,u05-laptop,it/scripts/,read,0.21
2026-08-13 10:05:37.240280,u07,u07-laptop,eng/repo/frontend/,write,4.06
2026-08-13 10:05:44.066767,u11,u11-laptop,finance/general_ledger.xlsx,read,3.03
2026-08-13 10:05:50.610287,u04,u04-laptop,sales/pipeline.xlsx,read,3.45
2026-08-13 10:06:08.274632,u04,u04-laptop,sales/contracts/,read,1.83
2026-08-13 10:07:34.679804,u13,u13-mobile,hr/policies/,write,1.45
2026-08-13 10:07:42.026098,u07,u07-laptop,eng/repo/frontend/,read,10.31
2026-08-13 10:07:47.555721,u06,u06-laptop,finance/expense_reports/,read,6.23
2026-08-13 10:08:35.607062,u04,u04-laptop,sales/pipeline.xlsx,read,9.39
2026-08-13 10:08:52.730745,u05,u05-laptop,it/asset_inventory.xlsx,read,0.72
2026-08-13 10:09:11.885506,u01,u01-mobile,finance/expense_reports/,read,1.12
2026-08-13 10:09:32.287503,u06,u06-laptop,finance/general_ledger.xlsx,read,6.26
2026-08-13 10:09:57.647810,u01,u01-mobile,finance/vendor_invoices/,read,1.35
2026-08-13 10:10:25.151225,u08,u08-laptop,hr/policies/,read,10.97
2026-08-13 10:11:30.942391,u04,u04-laptop,sales/pipeline.xlsx,write,2.98
2026-08-13 10:13:03.597232,u05,u05-laptop,it/asset_inventory.xlsx,read,1.23
2026-08-13 10:15:04.383199,u08,u08-laptop,hr/onboarding/,read,3.36
2026-08-13 10:15:21.577845,u07,u07-laptop,eng/repo/frontend/,download,2.91
2026-08-13 10:16:27.286266,u08,u08-laptop,hr/leave_records.xlsx,read,0.32
2026-08-13 10:16:44.652868,u11,u11-laptop,finance/general_ledger.xlsx,read,2.09
2026-08-13 10:17:38.412871,u01,u01-mobile,finance/vendor_invoices/,read,1.25
2026-08-13 10:19:46.525758,u01,u01-mobile,finance/vendor_invoices/,write,2.47
2026-08-13 10:20:34.994039,u07,u07-laptop,eng/repo/frontend/,write,1.99
2026-08-13 10:21:28.501363,u01,u01-mobile,finance/expense_reports/,write,1.72
2026-08-13 10:22:53.116667,u01,u01-mobile,finance/vendor_invoices/,read,0.99
2026-08-13 10:23:50.353997,u01,u01-mobile,finance/vendor_invoices/,read,1.3
2026-08-13 10:24:58.741430,u14,u14-laptop,sales/pipeline.xlsx,write,0.89
2026-08-13 10:25:57.173078,u14,u14-laptop,sales/pipeline.xlsx,read,0.64
2026-08-13 10:27:10.196557,u11,u11-laptop,finance/expense_reports/,write,2.33
2026-08-13 10:28:36.568713,u08,u08-laptop,hr/onboarding/,read,4.13
2026-08-13 10:28:51.069614,u11,u11-laptop,finance/expense_reports/,read,2.74
2026-08-13 10:29:14.276777,u07,u07-laptop,eng/repo/frontend/,read,1.37
2026-08-13 10:31:05.196935,u08,u08-laptop,hr/leave_records.xlsx,download,3.31
2026-08-13 10:32:10.126634,u07,u07-laptop,eng/design_docs/,read,4.23
2026-08-13 10:33:42.456128,u08,u08-laptop,hr/leave_records.xlsx,read,5.06
2026-08-13 10:33:47.409998,u07,u07-laptop,eng/design_docs/,read,1.69
2026-08-13 10:33:52.496544,u07,u07-laptop,eng/repo/frontend/,read,3.19
2026-08-13 10:36:13.986098,u07,u07-laptop,eng/repo/frontend/,download,4.06
2026-08-13 10:36:32.341128,u08,u08-laptop,hr/onboarding/,read,1.65
2026-08-13 10:37:48.608643,u14,u14-laptop,sales/contracts/,write,1.11
2026-08-13 10:37:58.466479,u11,u11-laptop,finance/vendor_invoices/,download,2.37
2026-08-13 10:38:45.309755,u11,u11-laptop,finance/budget_2026.xlsx,write,1.77
2026-08-13 10:39:50.056342,u04,u04-laptop,sales/contracts/,read,11.39
2026-08-13 10:40:10.629280,u04,u04-laptop,sales/pipeline.xlsx,download,1.98
2026-08-13 10:41:13.441707,u04,u04-laptop,sales/decks/,read,5.21
2026-08-13 10:42:53.361062,u11,u11-laptop,finance/budget_2026.xlsx,read,3.33
2026-08-13 10:44:51.549345,u08,u08-laptop,hr/policies/,write,4.64
2026-08-13 10:45:55.729105,u08,u08-laptop,hr/policies/,read,11.85
2026-08-13 10:47:05.050410,u08,u08-laptop,hr/leave_records.xlsx,read,2.41
2026-08-13 10:47:21.877351,u07,u07-laptop,eng/ci_logs/,read,5.82
2026-08-13 10:47:39.752733,u04,u04-laptop,sales/pipeline.xlsx,read,3.67
2026-08-13 10:47:48.589448,u04,u04-laptop,sales/pipeline.xlsx,read,2.45
2026-08-13 10:48:50.647798,u11,u11-laptop,finance/vendor_invoices/,read,1.65
2026-08-13 10:50:26.005833,u04,u04-laptop,sales/pipeline.xlsx,download,6.25
2026-08-13 10:51:03.253511,u08,u08-laptop,hr/onboarding/,read,5.48
2026-08-13 10:53:39.791108,u14,u14-laptop,sales/decks/,read,0.39
2026-08-13 10:53:42.431311,u11,u11-laptop,finance/general_ledger.xlsx,read,0.67
2026-08-13 10:55:39.091542,u07,u07-laptop,eng/repo/frontend/,write,1.3
2026-08-13 11:00:25.694000,u08,u08-laptop,hr/onboarding/,read,5.74
2026-08-13 11:00:51.650394,u04,u04-laptop,sales/pipeline.xlsx,read,4.28
2026-08-13 11:01:43.225675,u05,u05-laptop,it/asset_inventory.xlsx,read,2.42
2026-08-13 11:01:55.559950,u08,u08-laptop,hr/onboarding/,download,5.94
2026-08-13 11:02:08.512963,u11,u11-laptop,finance/general_ledger.xlsx,read,0.83
2026-08-13 11:02:37.085788,u11,u11-laptop,finance/expense_reports/,write,0.51
2026-08-13 11:04:06.643383,u11,u11-laptop,finance/vendor_invoices/,read,2.18
2026-08-13 11:04:33.964096,u11,u11-laptop,finance/budget_2026.xlsx,read,0.73
2026-08-13 11:07:29.181923,u04,u04-laptop,sales/pipeline.xlsx,read,3.49
2026-08-13 11:07:39.410001,u08,u08-laptop,hr/policies/,read,0.92
2026-08-13 11:14:29.121145,u15,u15-laptop,it/asset_inventory.xlsx,read,2.67
2026-08-13 11:16:50.708331,u12,u12-laptop,eng/repo/backend/,read,2.22
2026-08-13 11:19:31.368723,u08,u08-laptop,hr/leave_records.xlsx,read,4.37
2026-08-13 11:19:31.370860,u15,u15-laptop,it/scripts/,read,8.77
2026-08-13 11:19:47.688146,u04,u04-laptop,sales/decks/,write,8.08
2026-08-13 11:20:52.958052,u11,u11-laptop,finance/expense_reports/,read,2.01
2026-08-13 11:23:39.764476,u15,u15-laptop,it/tickets/,read,1.49
2026-08-13 11:24:09.205000,u04,u04-laptop,sales/contracts/,read,1.83
2026-08-13 11:24:29.960630,u11,u11-laptop,finance/vendor_invoices/,read,2.03
2026-08-13 11:25:09.611067,u05,u05-laptop,it/scripts/,read,0.64
2026-08-13 11:25:49.403458,u04,u04-laptop,sales/decks/,write,3.68
2026-08-13 11:26:27.783132,u15,u15-laptop,it/tickets/,read,3.03
2026-08-13 11:28:25.924858,u05,u05-laptop,it/asset_inventory.xlsx,read,0.73
2026-08-13 11:29:18.072702,u11,u11-laptop,finance/vendor_invoices/,read,1.86
2026-08-13 11:29:48.896444,u08,u08-laptop,hr/policies/,read,3.88
2026-08-13 11:34:24.786124,u05,u05-laptop,it/asset_inventory.xlsx,read,0.69
2026-08-13 11:35:07.963306,u05,u05-laptop,it/scripts/,read,1.46
2026-08-13 11:36:32.577803,u12,u12-laptop,eng/design_docs/,read,3.43
2026-08-13 11:40:46.458742,u15,u15-laptop,it/tickets/,read,6.52
2026-08-13 11:43:53.996016,u12,u12-laptop,eng/design_docs/,read,2.55
2026-08-13 11:44:22.456997,u07,u07-laptop,eng/ci_logs/,read,2.45
2026-08-13 11:45:40.193573,u12,u12-laptop,eng/repo/frontend/,download,0.94
2026-08-13 11:46:35.038805,u15,u15-laptop,it/asset_inventory.xlsx,read,3.52
2026-08-13 11:46:37.200489,u02,u02-laptop,eng/repo/frontend/,read,2.07
2026-08-13 11:47:02.656313,u15,u15-laptop,it/asset_inventory.xlsx,write,5.29
2026-08-13 11:47:08.845571,u02,u02-laptop,eng/design_docs/,read,0.54
2026-08-13 11:47:10.212618,u08,u08-laptop,hr/onboarding/,read,2.23
2026-08-13 11:48:13.009686,u02,u02-laptop,eng/ci_logs/,read,0.88
2026-08-13 11:49:44.656070,u12,u12-laptop,eng/repo/frontend/,read,7.64
2026-08-13 11:51:02.506385,u12,u12-laptop,eng/repo/frontend/,read,3.21
2026-08-13 11:52:00.130635,u15,u15-laptop,it/scripts/,read,2.51
2026-08-13 11:53:02.485667,u15,u15-laptop,it/scripts/,write,2.84
2026-08-13 11:53:05.262199,u02,u02-laptop,eng/repo/backend/,write,4.03
2026-08-13 11:55:23.270340,u12,u12-laptop,eng/repo/backend/,write,2.5
2026-08-13 11:55:31.909528,u12,u12-laptop,eng/repo/backend/,read,1.42
2026-08-13 11:56:17.439455,u02,u02-laptop,eng/design_docs/,read,5.04
2026-08-13 11:56:30.380215,u15,u15-laptop,it/tickets/,read,6.12
2026-08-13 11:58:32.483636,u15,u15-laptop,it/tickets/,read,6.54
2026-08-13 11:58:40.005587,u15,u15-laptop,it/tickets/,write,1.49
2026-08-13 12:02:48.093907,u12,u12-laptop,eng/repo/backend/,read,0.95
2026-08-13 12:04:19.593882,u02,u02-laptop,eng/repo/backend/,read,3.42
2026-08-13 12:04:51.194232,u15,u15-laptop,it/tickets/,read,5.28
2026-08-13 12:06:09.071962,u15,u15-laptop,it/tickets/,read,2.07
2026-08-13 12:07:11.192728,u02,u02-laptop,eng/ci_logs/,read,3.33
2026-08-13 12:07:25.809179,u14,u14-laptop,sales/decks/,read,0.97
2026-08-13 12:08:07.624587,u14,u14-laptop,sales/pipeline.xlsx,read,1.19
2026-08-13 12:08:28.107619,u02,u02-laptop,eng/ci_logs/,read,0.86
2026-08-13 12:08:37.671326,u14,u14-laptop,sales/decks/,read,1.38
2026-08-13 12:09:53.087010,u14,u14-laptop,sales/pipeline.xlsx,read,0.75
2026-08-13 12:10:15.389261,u15,u15-laptop,it/tickets/,read,4.69
2026-08-13 12:10:55.532859,u05,u05-laptop,it/scripts/,read,2.79
2026-08-13 12:11:25.958419,u12,u12-laptop,eng/repo/backend/,read,4.6
2026-08-13 12:13:17.515447,u07,u07-laptop,eng/design_docs/,read,9.32
2026-08-13 12:14:22.231714,u12,u12-laptop,eng/design_docs/,read,2.13
2026-08-13 12:22:13.068688,u15,u15-laptop,it/tickets/,write,4.88
2026-08-13 12:22:21.533499,u07,u07-laptop,eng/repo/frontend/,read,5.0
2026-08-13 12:22:34.451960,u12,u12-laptop,eng/repo/backend/,write,1.62
2026-08-13 12:23:24.672594,u15,u15-laptop,it/tickets/,download,1.61
2026-08-13 12:23:50.548313,u02,u02-laptop,eng/ci_logs/,read,0.63
2026-08-13 12:24:03.667681,u12,u12-laptop,eng/repo/backend/,write,2.55
2026-08-13 12:25:07.927227,u12,u12-laptop,eng/design_docs/,read,2.18
2026-08-13 12:25:30.798355,u07,u07-laptop,eng/repo/backend/,read,3.38
2026-08-13 12:25:39.092561,u14,u14-laptop,sales/decks/,read,2.3
2026-08-13 12:26:18.087617,u08,u08-laptop,hr/onboarding/,read,0.83
2026-08-13 12:27:22.000183,u15,u15-laptop,it/asset_inventory.xlsx,read,9.27
2026-08-13 12:27:41.005208,u07,u07-laptop,eng/ci_logs/,read,4.54
2026-08-13 12:28:48.160522,u07,u07-laptop,eng/ci_logs/,read,2.48
2026-08-13 12:29:29.662856,u12,u12-laptop,eng/ci_logs/,read,8.12
2026-08-13 12:29:45.725314,u12,u12-laptop,eng/design_docs/,read,1.35
2026-08-13 12:32:51.537564,u15,u15-laptop,it/tickets/,download,3.29
2026-08-13 12:33:40.583190,u02,u02-laptop,eng/repo/backend/,read,2.68
2026-08-13 12:38:13.582685,u07,u07-laptop,eng/design_docs/,read,2.54
2026-08-13 12:38:53.205798,u02,u02-laptop,eng/design_docs/,read,1.73
2026-08-13 12:41:28.640760,u03,u03-laptop,hr/onboarding/,download,1.81
2026-08-13 12:42:44.248290,u05,u05-laptop,it/asset_inventory.xlsx,read,1.95
2026-08-13 12:43:49.233354,u07,u07-laptop,eng/repo/frontend/,read,4.02
2026-08-13 12:46:08.717828,u02,u02-laptop,eng/repo/backend/,read,2.44
2026-08-13 12:47:49.088257,u05,u05-laptop,it/asset_inventory.xlsx,read,1.32
2026-08-13 12:50:13.788629,u03,u03-laptop,hr/leave_records.xlsx,read,1.67
2026-08-13 12:52:49.634518,u14,u14-laptop,sales/contracts/,read,2.88
2026-08-13 12:54:46.433114,u02,u02-laptop,eng/repo/backend/,read,8.77
2026-08-13 12:54:52.285332,u02,u02-laptop,eng/ci_logs/,read,3.69
2026-08-13 12:55:09.648425,u07,u07-laptop,eng/ci_logs/,read,1.38
2026-08-13 12:56:44.591445,u07,u07-laptop,eng/design_docs/,read,6.58
2026-08-13 13:01:18.768692,u03,u03-laptop,hr/leave_records.xlsx,download,0.99
2026-08-13 13:04:03.528662,u14,u14-laptop,sales/contracts/,read,1.57
2026-08-13 13:04:04.825689,u02,u02-laptop,eng/ci_logs/,read,2.63
2026-08-13 13:05:06.625330,u03,u03-laptop,hr/leave_records.xlsx,read,0.52
2026-08-13 13:05:40.361657,u03,u03-laptop,hr/leave_records.xlsx,read,2.43
2026-08-13 13:06:25.085700,u03,u03-laptop,hr/leave_records.xlsx,read,1.79
2026-08-13 13:10:15.821405,u02,u02-laptop,eng/repo/frontend/,read,1.83
2026-08-13 13:10:51.567036,u08,u08-laptop,hr/policies/,read,2.82
2026-08-13 13:11:23.413302,u02,u02-laptop,eng/repo/backend/,read,1.17
2026-08-13 13:16:43.897521,u14,u14-laptop,sales/decks/,read,0.77
2026-08-13 13:16:55.762877,u03,u03-laptop,hr/policies/,write,3.34
2026-08-13 13:17:44.867071,u08,u08-laptop,hr/policies/,read,3.0
2026-08-13 13:20:20.549706,u03,u03-laptop,hr/policies/,read,1.12
2026-08-13 13:23:20.569923,u03,u03-laptop,hr/onboarding/,read,0.85
2026-08-13 13:26:57.561664,u08,u08-laptop,hr/onboarding/,read,2.81
2026-08-13 13:31:11.588611,u14,u14-laptop,sales/pipeline.xlsx,write,1.8
2026-08-13 13:35:35.517701,u03,u03-laptop,hr/onboarding/,read,1.18
2026-08-13 13:41:22.146529,u03,u03-laptop,hr/onboarding/,read,0.98
2026-08-13 13:43:52.687290,u03,u03-laptop,hr/leave_records.xlsx,read,0.79
2026-08-13 13:47:08.644766,u03,u03-laptop,hr/policies/,read,3.66
2026-08-13 13:48:39.492618,u03,u03-laptop,hr/onboarding/,read,1.54
2026-08-13 14:03:33.924438,u09,u09-mobile,sales/pipeline.xlsx,read,1.89
2026-08-13 14:10:45.348982,u09,u09-mobile,sales/pipeline.xlsx,write,0.29
2026-08-13 14:16:44.025429,u09,u09-mobile,sales/decks/,read,0.94
2026-08-13 14:17:05.383796,u09,u09-mobile,sales/decks/,read,1.03
2026-08-13 14:17:32.211695,u14,u14-laptop,sales/pipeline.xlsx,download,0.42
2026-08-13 14:20:29.757571,u14,u14-laptop,sales/contracts/,read,2.32
2026-08-13 14:30:56.936327,u09,u09-mobile,sales/pipeline.xlsx,read,0.55
2026-08-13 14:31:19.308871,u09,u09-mobile,sales/pipeline.xlsx,write,2.75
2026-08-13 14:33:17.612730,u09,u09-mobile,sales/contracts/,read,2.8
2026-08-13 14:35:10.496142,u09,u09-mobile,sales/contracts/,read,1.18
2026-08-13 14:36:20.608181,u09,u09-mobile,sales/decks/,write,3.41
2026-08-13 14:47:09.315010,u09,u09-mobile,sales/decks/,read,1.43
2026-08-13 15:18:27.494524,u09,u09-mobile,sales/contracts/,write,0.93
2026-08-13 15:18:58.841789,u09,u09-mobile,sales/decks/,write,3.93
2026-08-13 15:29:42.900000,u09,u09-mobile,sales/contracts/,download,3.04
2026-08-13 15:31:19.684592,u09,u09-mobile,sales/client_contracts_confidential/,write,1.63
2026-08-14 00:51:40.599404,u10,u10-laptop,it/scripts/,write,1.03
2026-08-14 01:02:53.825032,u10,u10-laptop,it/tickets/,read,1.76
2026-08-14 01:11:09.930715,u10,u10-laptop,it/tickets/,write,4.54
2026-08-14 01:16:55.935593,u10,u10-laptop,it/scripts/,read,0.51
2026-08-14 01:20:43.568513,u10,u10-laptop,it/scripts/,read,1.02
2026-08-14 01:21:30.444687,u10,u10-laptop,it/scripts/,read,1.51
2026-08-14 01:22:34.212397,u10,u10-laptop,it/tickets/,read,5.01
2026-08-14 01:32:45.401108,u10,u10-laptop,it/tickets/,download,2.81
2026-08-14 01:41:39.629188,u10,u10-laptop,it/scripts/,read,1.26
2026-08-14 01:45:22.065010,u10,u10-laptop,it/asset_inventory.xlsx,read,0.77
2026-08-14 01:52:57.340413,u10,u10-laptop,it/asset_inventory.xlsx,read,2.85
2026-08-14 01:56:17.688730,u10,u10-laptop,it/scripts/,read,1.96
2026-08-14 02:06:28.563881,u10,u10-laptop,it/scripts/,read,4.6
2026-08-14 02:08:04.930290,u10,u10-laptop,it/asset_inventory.xlsx,read,2.69
2026-08-14 07:54:46.412185,u03,u03-laptop,hr/leave_records.xlsx,read,1.73
2026-08-14 08:11:17.511253,u03,u03-laptop,hr/policies/,write,0.82
2026-08-14 08:23:22.197377,u03,u03-laptop,hr/leave_records.xlsx,download,1.23
2026-08-14 08:26:26.817086,u03,u03-laptop,hr/leave_records.xlsx,read,3.5
2026-08-14 08:27:55.671186,u07,u07-laptop,eng/repo/backend/,download,3.41
2026-08-14 08:35:58.134006,u04,u04-laptop,sales/contracts/,read,3.92
2026-08-14 08:38:02.566893,u04,u04-laptop,sales/pipeline.xlsx,read,2.48
2026-08-14 08:39:46.537388,u05,u05-laptop,it/scripts/,read,1.19
2026-08-14 08:44:52.397468,u05,u05-laptop,it/scripts/,read,1.27
2026-08-14 08:50:20.549550,u11,u11-laptop,finance/general_ledger.xlsx,read,1.64
2026-08-14 08:51:33.923340,u07,u07-laptop,eng/ci_logs/,read,1.95
2026-08-14 08:54:41.295550,u07,u07-laptop,eng/repo/frontend/,read,6.02
2026-08-14 08:55:47.725690,u04,u04-laptop,sales/decks/,read,1.82
2026-08-14 08:58:25.964540,u02,u02-laptop,eng/ci_logs/,read,1.21
2026-08-14 09:03:23.675012,u04,u04-laptop,sales/pipeline.xlsx,write,2.56
2026-08-14 09:04:23.185203,u05,u05-laptop,it/asset_inventory.xlsx,read,0.9
2026-08-14 09:05:03.686840,u09,u09-mobile,sales/contracts/,read,1.31
2026-08-14 09:08:12.814859,u02,u02-laptop,eng/design_docs/,download,3.05
2026-08-14 09:17:52.865579,u07,u07-laptop,eng/ci_logs/,read,7.82
2026-08-14 09:21:22.298724,u11,u11-laptop,finance/vendor_invoices/,read,1.25
2026-08-14 09:24:39.765664,u06,u06-laptop,finance/expense_reports/,read,6.47
2026-08-14 09:25:32.387979,u03,u03-laptop,hr/onboarding/,write,0.95
2026-08-14 09:27:22.525419,u05,u05-laptop,it/asset_inventory.xlsx,read,1.56
2026-08-14 09:27:49.180748,u02,u02-laptop,eng/repo/backend/,write,6.26
2026-08-14 09:29:57.743883,u04,u04-laptop,sales/decks/,read,2.98
2026-08-14 09:32:35.518727,u04,u04-laptop,sales/contracts/,read,3.79
2026-08-14 09:35:20.795995,u04,u04-laptop,sales/decks/,write,3.92
2026-08-14 09:36:44.689892,u05,u05-laptop,it/scripts/,write,0.79
2026-08-14 09:41:39.792239,u07,u07-laptop,eng/repo/backend/,read,2.09
2026-08-14 09:41:54.136180,u04,u04-laptop,sales/pipeline.xlsx,write,1.93
2026-08-14 09:43:26.124348,u15,u15-laptop,it/asset_inventory.xlsx,read,3.18
2026-08-14 09:45:10.313673,u07,u07-laptop,eng/design_docs/,read,2.9
2026-08-14 09:45:41.488250,u05,u05-laptop,it/scripts/,read,6.97
2026-08-14 09:46:55.275073,u13,u13-mobile,hr/leave_records.xlsx,read,2.12
2026-08-14 09:46:58.386505,u07,u07-laptop,eng/design_docs/,read,4.48
2026-08-14 09:48:35.452209,u15,u15-laptop,it/asset_inventory.xlsx,download,4.64
2026-08-14 09:48:59.483390,u09,u09-mobile,sales/pipeline.xlsx,write,1.43
2026-08-14 09:49:26.252876,u04,u04-laptop,sales/decks/,download,2.44
2026-08-14 09:51:25.951245,u13,u13-mobile,hr/leave_records.xlsx,read,4.15
2026-08-14 09:52:03.313391,u04,u04-laptop,sales/contracts/,read,6.57
2026-08-14 09:52:50.463652,u15,u15-laptop,it/tickets/,read,8.28
2026-08-14 09:53:29.261467,u09,u09-mobile,sales/decks/,write,2.63
2026-08-14 09:53:59.213190,u07,u07-laptop,eng/ci_logs/,download,6.52
2026-08-14 09:54:14.445388,u04,u04-laptop,sales/pipeline.xlsx,write,4.26
2026-08-14 09:54:29.921572,u04,u04-laptop,sales/contracts/,read,3.28
2026-08-14 09:54:40.573987,u04,u04-laptop,sales/pipeline.xlsx,read,2.53
2026-08-14 09:56:51.254893,u06,u06-laptop,finance/vendor_invoices/,read,1.56
2026-08-14 09:57:02.462779,u06,u06-laptop,finance/expense_reports/,download,2.53
2026-08-14 09:57:41.643012,u04,u04-laptop,sales/contracts/,download,1.26
2026-08-14 09:57:55.888017,u14,u14-laptop,sales/contracts/,read,0.7
2026-08-14 09:58:05.989885,u15,u15-laptop,it/scripts/,read,4.03
2026-08-14 10:01:24.609353,u13,u13-mobile,hr/onboarding/,download,1.88
2026-08-14 10:01:33.288798,u07,u07-laptop,eng/repo/backend/,read,4.22
2026-08-14 10:01:34.164923,u04,u04-laptop,sales/decks/,read,2.15
2026-08-14 10:03:14.989673,u08,u08-laptop,hr/leave_records.xlsx,write,4.67
2026-08-14 10:03:29.501087,u13,u13-mobile,hr/leave_records.xlsx,read,3.37
2026-08-14 10:04:48.343832,u02,u02-laptop,eng/ci_logs/,read,1.53
2026-08-14 10:05:08.901572,u11,u11-laptop,finance/expense_reports/,write,2.33
2026-08-14 10:06:02.384938,u04,u04-laptop,sales/pipeline.xlsx,read,5.55
2026-08-14 10:07:55.803871,u09,u09-mobile,sales/decks/,read,3.42
2026-08-14 10:07:59.424140,u03,u03-laptop,hr/onboarding/,read,1.99
2026-08-14 10:09:15.776726,u15,u15-laptop,it/scripts/,read,4.17
2026-08-14 10:09:42.045574,u03,u03-laptop,hr/onboarding/,read,1.27
2026-08-14 10:09:57.489217,u07,u07-laptop,eng/repo/frontend/,read,5.85
2026-08-14 10:10:09.557439,u15,u15-laptop,it/tickets/,read,3.78
2026-08-14 10:10:42.743258,u15,u15-laptop,it/scripts/,read,2.0
2026-08-14 10:11:41.857583,u04,u04-laptop,sales/decks/,read,3.27
2026-08-14 10:11:42.112814,u11,u11-laptop,finance/expense_reports/,read,1.42
2026-08-14 10:12:07.979845,u08,u08-laptop,hr/leave_records.xlsx,write,3.19
2026-08-14 10:13:10.538447,u14,u14-laptop,sales/pipeline.xlsx,read,0.72
2026-08-14 10:14:38.174629,u13,u13-mobile,hr/leave_records.xlsx,write,2.45
2026-08-14 10:15:44.619559,u09,u09-mobile,sales/decks/,read,1.04
2026-08-14 10:16:17.027530,u09,u09-mobile,sales/contracts/,download,1.84
2026-08-14 10:18:05.963985,u07,u07-laptop,eng/ci_logs/,download,1.97
2026-08-14 10:18:21.231330,u11,u11-laptop,finance/expense_reports/,read,3.11
2026-08-14 10:18:55.279196,u04,u04-laptop,sales/contracts/,read,3.89
2026-08-14 10:19:18.602194,u12,u12-laptop,eng/repo/frontend/,download,1.28
2026-08-14 10:20:05.516957,u06,u06-laptop,finance/expense_reports/,read,3.42
2026-08-14 10:21:07.760778,u08,u08-laptop,hr/onboarding/,read,1.09
2026-08-14 10:22:31.887809,u11,u11-laptop,finance/budget_2026.xlsx,read,0.92
2026-08-14 10:22:32.654674,u08,u08-laptop,hr/leave_records.xlsx,read,2.91
2026-08-14 10:22:58.053118,u15,u15-laptop,it/admin_credentials.vault,download,1.28
2026-08-14 10:23:10.613672,u15,u15-laptop,it/asset_inventory.xlsx,read,7.78
2026-08-14 10:23:26.894906,u15,u15-laptop,it/tickets/,read,5.77
2026-08-14 10:23:26.901052,u08,u08-laptop,hr/onboarding/,read,1.44
2026-08-14 10:24:08.159604,u13,u13-mobile,hr/onboarding/,read,4.44
2026-08-14 10:25:39.427292,u15,u15-laptop,it/scripts/,read,1.72
2026-08-14 10:26:46.580007,u13,u13-mobile,hr/onboarding/,read,1.36
2026-08-14 10:31:30.925598,u08,u08-laptop,hr/policies/,write,4.35
2026-08-14 10:32:14.102236,u12,u12-laptop,eng/repo/frontend/,read,5.37
2026-08-14 10:34:52.109436,u06,u06-laptop,finance/budget_2026.xlsx,write,6.73
2026-08-14 10:35:26.798177,u13,u13-mobile,hr/leave_records.xlsx,write,0.85
2026-08-14 10:36:30.090741,u13,u13-mobile,hr/leave_records.xlsx,read,1.83
2026-08-14 10:37:16.030916,u08,u08-laptop,hr/leave_records.xlsx,read,3.29
2026-08-14 10:38:14.463409,u06,u06-laptop,finance/general_ledger.xlsx,download,4.74
2026-08-14 10:40:37.628956,u15,u15-laptop,it/asset_inventory.xlsx,download,1.31
2026-08-14 10:41:01.292074,u14,u14-laptop,sales/decks/,read,1.21
2026-08-14 10:42:15.662016,u13,u13-mobile,hr/leave_records.xlsx,read,2.37
2026-08-14 10:42:19.143741,u15,u15-laptop,it/tickets/,read,2.0
2026-08-14 10:42:24.631040,u11,u11-laptop,finance/expense_reports/,read,1.91
2026-08-14 10:43:04.835492,u15,u15-laptop,it/asset_inventory.xlsx,read,2.51
2026-08-14 10:43:10.416568,u13,u13-mobile,hr/onboarding/,read,2.36
2026-08-14 10:43:25.200753,u11,u11-laptop,finance/general_ledger.xlsx,write,1.28
2026-08-14 10:44:14.831503,u08,u08-laptop,hr/leave_records.xlsx,read,1.26
2026-08-14 10:45:52.705987,u08,u08-laptop,hr/policies/,write,2.35
2026-08-14 10:47:40.549341,u11,u11-laptop,finance/expense_reports/,write,1.34
2026-08-14 10:48:21.948509,u11,u11-laptop,finance/general_ledger.xlsx,read,1.18
2026-08-14 10:51:32.962762,u03,u03-laptop,hr/policies/,write,1.98
2026-08-14 10:55:05.392108,u04,u04-laptop,sales/pipeline.xlsx,read,4.12
2026-08-14 10:55:28.303482,u08,u08-laptop,hr/policies/,read,3.06
2026-08-14 10:56:50.378567,u15,u15-laptop,it/scripts/,read,4.61
2026-08-14 10:56:52.607550,u15,u15-laptop,it/scripts/,read,3.2
2026-08-14 10:57:06.461790,u15,u15-laptop,it/asset_inventory.xlsx,download,1.39
2026-08-14 10:57:20.762472,u13,u13-mobile,hr/onboarding/,download,1.35
2026-08-14 10:57:31.935963,u04,u04-laptop,sales/contracts/,read,0.99
2026-08-14 10:57:48.062668,u07,u07-laptop,eng/ci_logs/,read,7.05
2026-08-14 10:58:04.801226,u01,u01-mobile,finance/expense_reports/,read,2.48
2026-08-14 10:58:19.163471,u03,u03-laptop,hr/leave_records.xlsx,download,1.23
2026-08-14 10:59:02.895652,u14,u14-laptop,sales/contracts/,read,0.97
2026-08-14 11:00:15.458181,u04,u04-laptop,sales/pipeline.xlsx,read,2.8
2026-08-14 11:00:33.005611,u15,u15-laptop,it/tickets/,write,2.75
2026-08-14 11:00:55.630817,u15,u15-laptop,it/asset_inventory.xlsx,read,1.96
2026-08-14 11:01:40.158614,u13,u13-mobile,hr/onboarding/,read,2.18
2026-08-14 11:02:26.009930,u14,u14-laptop,sales/pipeline.xlsx,read,1.27
2026-08-14 11:03:47.637983,u08,u08-laptop,hr/onboarding/,read,6.39
2026-08-14 11:04:11.262307,u15,u15-laptop,it/scripts/,write,8.13
2026-08-14 11:05:29.515260,u07,u07-laptop,eng/ci_logs/,read,4.04
2026-08-14 11:05:54.367785,u12,u12-laptop,eng/repo/frontend/,write,2.31
2026-08-14 11:06:06.221719,u02,u02-laptop,eng/repo/backend/,download,1.26
2026-08-14 11:06:40.532671,u12,u12-laptop,eng/repo/backend/,read,7.33
2026-08-14 11:06:43.001328,u13,u13-mobile,hr/onboarding/,read,1.65
2026-08-14 11:07:12.066548,u04,u04-laptop,sales/pipeline.xlsx,read,4.3
2026-08-14 11:07:25.656484,u14,u14-laptop,sales/decks/,write,4.73
2026-08-14 11:07:51.852399,u12,u12-laptop,eng/repo/frontend/,read,0.93
2026-08-14 11:10:10.605886,u13,u13-mobile,hr/onboarding/,read,2.32
2026-08-14 11:11:39.465602,u06,u06-laptop,finance/vendor_invoices/,read,5.9
2026-08-14 11:12:01.611495,u12,u12-laptop,eng/repo/frontend/,read,2.58
2026-08-14 11:14:25.266415,u06,u06-laptop,finance/budget_2026.xlsx,read,9.45
2026-08-14 11:14:53.296180,u14,u14-laptop,sales/contracts/,read,0.99
2026-08-14 11:16:17.201877,u15,u15-laptop,it/tickets/,read,2.78
2026-08-14 11:16:30.336907,u08,u08-laptop,hr/onboarding/,read,2.17
2026-08-14 11:16:50.377280,u15,u15-laptop,it/asset_inventory.xlsx,write,1.98
2026-08-14 11:17:40.466695,u14,u14-laptop,sales/pipeline.xlsx,read,0.52
2026-08-14 11:17:47.415939,u15,u15-laptop,it/scripts/,write,4.42
2026-08-14 11:18:04.226763,u12,u12-laptop,eng/ci_logs/,read,2.88
2026-08-14 11:19:20.570235,u01,u01-mobile,finance/vendor_invoices/,read,0.83
2026-08-14 11:19:33.936218,u07,u07-laptop,eng/ci_logs/,read,2.99
2026-08-14 11:20:44.715564,u15,u15-laptop,it/tickets/,download,6.57
2026-08-14 11:21:35.156272,u04,u04-laptop,sales/pipeline.xlsx,write,5.42
2026-08-14 11:23:42.631087,u14,u14-laptop,sales/decks/,write,1.84
2026-08-14 11:23:56.351520,u15,u15-laptop,it/asset_inventory.xlsx,read,3.44
2026-08-14 11:24:27.455788,u06,u06-laptop,finance/expense_reports/,read,2.57
2026-08-14 11:24:39.201515,u11,u11-laptop,finance/expense_reports/,read,1.54
2026-08-14 11:25:15.919988,u05,u05-laptop,it/scripts/,download,1.2
2026-08-14 11:26:06.075566,u15,u15-laptop,it/tickets/,read,4.54
2026-08-14 11:28:57.245541,u12,u12-laptop,eng/design_docs/,read,0.79
2026-08-14 11:30:40.856338,u06,u06-laptop,finance/general_ledger.xlsx,download,3.15
2026-08-14 11:31:03.004254,u06,u06-laptop,finance/vendor_invoices/,download,3.72
2026-08-14 11:31:03.442846,u09,u09-mobile,sales/decks/,write,2.37
2026-08-14 11:31:45.540797,u06,u06-laptop,finance/budget_2026.xlsx,read,4.01
2026-08-14 11:32:09.946392,u06,u06-laptop,finance/vendor_invoices/,read,7.82
2026-08-14 11:33:23.722036,u01,u01-mobile,finance/general_ledger.xlsx,read,1.94
2026-08-14 11:35:29.365867,u12,u12-laptop,eng/repo/backend/,read,5.95
2026-08-14 11:35:58.595072,u05,u05-laptop,it/tickets/,write,1.66
2026-08-14 11:36:58.292055,u02,u02-laptop,eng/design_docs/,read,1.03
2026-08-14 11:37:41.235220,u08,u08-laptop,hr/policies/,read,2.03
2026-08-14 11:39:01.499175,u12,u12-laptop,eng/repo/frontend/,write,2.08
2026-08-14 11:39:36.377320,u05,u05-laptop,it/scripts/,write,1.36
2026-08-14 11:40:36.819076,u12,u12-laptop,eng/repo/backend/,read,4.43
2026-08-14 11:45:57.870829,u07,u07-laptop,eng/ci_logs/,read,5.57
2026-08-14 11:47:03.916604,u12,u12-laptop,eng/ci_logs/,write,3.32
2026-08-14 11:47:24.205847,u02,u02-laptop,eng/repo/backend/,read,2.17
2026-08-14 11:47:30.759225,u02,u02-laptop,eng/repo/frontend/,read,2.77
2026-08-14 11:48:20.596781,u03,u03-laptop,hr/onboarding/,read,1.94
2026-08-14 11:48:43.489032,u08,u08-laptop,hr/onboarding/,read,2.04
2026-08-14 11:49:36.293176,u02,u02-laptop,eng/repo/frontend/,read,3.01
2026-08-14 11:53:03.581319,u09,u09-mobile,sales/decks/,read,2.86
2026-08-14 11:55:13.353087,u02,u02-laptop,eng/ci_logs/,read,2.58
2026-08-14 11:57:33.972257,u05,u05-laptop,it/tickets/,read,0.68
2026-08-14 11:57:54.958988,u04,u04-laptop,sales/contracts/,read,7.11
2026-08-14 11:58:56.526594,u06,u06-laptop,finance/vendor_invoices/,write,4.31
2026-08-14 12:01:10.306410,u14,u14-laptop,sales/decks/,write,1.21
2026-08-14 12:01:17.809806,u13,u13-mobile,hr/onboarding/,read,1.25
2026-08-14 12:02:29.134840,u05,u05-laptop,it/asset_inventory.xlsx,read,1.86
2026-08-14 12:02:31.661599,u09,u09-mobile,sales/pipeline.xlsx,read,2.22
2026-08-14 12:03:21.056811,u08,u08-laptop,hr/employee_records.db,read,1.66
2026-08-14 12:04:32.404047,u01,u01-mobile,finance/expense_reports/,read,2.28
2026-08-14 12:05:10.184081,u07,u07-laptop,eng/ci_logs/,read,3.8
2026-08-14 12:06:40.201503,u05,u05-laptop,it/tickets/,read,1.76
2026-08-14 12:17:33.956010,u01,u01-mobile,finance/expense_reports/,write,1.43
2026-08-14 12:17:37.218800,u14,u14-laptop,sales/pipeline.xlsx,read,1.06
2026-08-14 12:18:59.045452,u08,u08-laptop,hr/leave_records.xlsx,read,2.85
2026-08-14 12:22:18.276940,u12,u12-laptop,eng/ci_logs/,read,4.37
2026-08-14 12:24:32.811571,u04,u04-laptop,sales/contracts/,write,1.54
2026-08-14 12:26:22.326030,u14,u14-laptop,sales/decks/,read,2.69
2026-08-14 12:26:26.361503,u03,u03-laptop,hr/policies/,read,2.46
2026-08-14 12:28:10.959455,u03,u03-laptop,hr/onboarding/,read,0.85
2026-08-14 12:29:21.287710,u08,u08-laptop,hr/policies/,read,1.42
2026-08-14 12:29:21.871605,u12,u12-laptop,eng/repo/backend/,read,2.4
2026-08-14 12:30:31.825484,u08,u08-laptop,hr/policies/,write,2.46
2026-08-14 12:32:10.705384,u01,u01-mobile,finance/vendor_invoices/,read,4.05
2026-08-14 12:32:13.228113,u05,u05-laptop,it/tickets/,read,0.92
2026-08-14 12:32:16.479039,u12,u12-laptop,eng/design_docs/,download,2.94
2026-08-14 12:32:58.916151,u02,u02-laptop,eng/design_docs/,read,2.41
2026-08-14 12:33:02.151516,u05,u05-laptop,it/scripts/,read,1.61
2026-08-14 12:33:57.250713,u02,u02-laptop,eng/repo/frontend/,read,2.75
2026-08-14 12:35:34.703595,u14,u14-laptop,sales/decks/,read,1.62
2026-08-14 12:36:40.652654,u05,u05-laptop,it/tickets/,read,1.78
2026-08-14 12:36:40.985730,u01,u01-mobile,finance/expense_reports/,read,2.68
2026-08-14 12:37:54.060663,u02,u02-laptop,eng/ci_logs/,read,4.6
2026-08-14 12:42:41.665247,u07,u07-laptop,eng/repo/backend/,read,7.37
2026-08-14 12:42:46.572938,u05,u05-laptop,it/tickets/,write,0.49
2026-08-14 12:42:53.342911,u02,u02-laptop,eng/repo/backend/,read,2.41
2026-08-14 12:42:54.839561,u05,u05-laptop,it/tickets/,read,1.42
2026-08-14 12:43:02.906233,u07,u07-laptop,eng/ci_logs/,download,13.89
2026-08-14 12:45:33.025165,u08,u08-laptop,hr/policies/,read,5.23
2026-08-14 12:46:14.769846,u09,u09-mobile,sales/contracts/,write,1.34
2026-08-14 12:46:38.482364,u05,u05-laptop,it/asset_inventory.xlsx,download,1.38
2026-08-14 12:50:44.885048,u01,u01-mobile,finance/expense_reports/,read,0.66
2026-08-14 12:51:14.609560,u09,u09-mobile,sales/contracts/,write,1.83
2026-08-14 12:52:18.313300,u01,u01-mobile,finance/vendor_invoices/,read,1.1
2026-08-14 12:53:26.788353,u12,u12-laptop,eng/repo/frontend/,read,7.67
2026-08-14 12:56:41.840639,u05,u05-laptop,it/asset_inventory.xlsx,write,3.97
2026-08-14 12:56:48.404156,u09,u09-mobile,sales/pipeline.xlsx,read,0.89
2026-08-14 13:01:21.199335,u07,u07-laptop,eng/repo/backend/,write,2.79
2026-08-14 13:04:53.008191,u09,u09-mobile,sales/decks/,read,1.35
2026-08-14 13:06:27.365222,u07,u07-laptop,eng/repo/backend/,read,2.94
2026-08-14 13:07:00.619151,u03,u03-laptop,hr/policies/,write,1.28
2026-08-14 13:10:54.862197,u09,u09-mobile,sales/pipeline.xlsx,read,1.32
2026-08-14 13:15:57.048530,u14,u14-laptop,sales/decks/,write,2.12
2026-08-14 13:18:04.708989,u07,u07-laptop,eng/repo/frontend/,read,3.36
2026-08-14 13:18:09.137048,u09,u09-mobile,sales/contracts/,write,0.65
2026-08-14 13:22:47.202998,u01,u01-mobile,finance/general_ledger.xlsx,read,1.84
2026-08-14 13:25:13.272279,u05,u05-laptop,it/tickets/,read,0.98
2026-08-14 13:30:32.243708,u01,u01-mobile,finance/expense_reports/,read,1.89
2026-08-14 13:31:52.722013,u07,u07-laptop,eng/design_docs/,read,1.14
2026-08-14 13:42:11.997993,u01,u01-mobile,finance/budget_2026.xlsx,read,3.88
2026-08-14 13:44:14.723098,u01,u01-mobile,finance/expense_reports/,read,0.99
2026-08-14 14:26:08.825303,u01,u01-mobile,finance/budget_2026.xlsx,read,3.78
2026-08-14 14:42:36.693197,u01,u01-mobile,finance/expense_reports/,download,0.64
2026-08-14 22:40:49.514104,u10,u10-laptop,it/tickets/,read,1.2
2026-08-14 22:49:20.265790,u10,u10-laptop,it/scripts/,download,1.72
2026-08-14 22:56:26.436758,u10,u10-laptop,it/tickets/,write,3.98
2026-08-14 23:10:38.906878,u10,u10-laptop,it/scripts/,read,2.96
2026-08-14 23:13:53.405218,u10,u10-laptop,it/tickets/,read,1.94
2026-08-15 00:06:48.953596,u10,u10-laptop,it/tickets/,write,1.69
2026-08-15 00:39:24.707465,u10,u10-laptop,it/tickets/,write,0.89
2026-08-15 01:07:57.120713,u10,u10-laptop,it/asset_inventory.xlsx,download,0.92
2026-08-15 08:24:55.811413,u13,u13-laptop,hr/leave_records.xlsx,read,2.81
2026-08-15 08:31:41.259800,u13,u13-laptop,hr/policies/,read,2.07
2026-08-15 08:31:54.143588,u13,u13-laptop,hr/onboarding/,read,1.46
2026-08-15 08:35:39.299687,u13,u13-laptop,hr/salary_bands.xlsx,read,2.78
2026-08-15 08:43:24.430380,u13,u13-laptop,hr/onboarding/,read,2.18
2026-08-15 09:06:49.919870,u12,u12-laptop,eng/design_docs/,read,2.14
2026-08-15 09:11:37.388761,u12,u12-laptop,eng/repo/backend/,read,5.49
2026-08-15 09:17:02.653411,u13,u13-laptop,hr/policies/,read,1.63
2026-08-15 09:23:06.237661,u13,u13-laptop,hr/policies/,write,3.61
2026-08-15 09:26:23.248388,u13,u13-laptop,hr/policies/,write,1.85
2026-08-15 09:33:43.140736,u12,u12-laptop,eng/ci_logs/,read,1.97
2026-08-15 09:33:47.302504,u12,u12-laptop,eng/repo/backend/,read,1.74
2026-08-15 09:38:07.262641,u12,u12-laptop,eng/ci_logs/,read,1.12
2026-08-15 09:41:11.247414,u12,u12-laptop,eng/repo/frontend/,read,3.58
2026-08-15 09:41:26.786176,u12,u12-laptop,eng/repo/backend/,write,2.01
2026-08-15 09:47:08.851848,u12,u12-laptop,eng/design_docs/,download,2.83
2026-08-15 09:49:45.824078,u09,u09-mobile,sales/decks/,read,3.02
2026-08-15 09:52:46.794307,u12,u12-laptop,eng/repo/backend/,read,0.81
2026-08-15 09:53:12.817180,u12,u12-laptop,eng/repo/frontend/,read,3.56
2026-08-15 09:53:40.787753,u12,u12-laptop,eng/repo/backend/,read,2.5
2026-08-15 09:54:03.383018,u09,u09-mobile,sales/pipeline.xlsx,write,4.47
2026-08-15 09:55:06.593248,u12,u12-laptop,eng/repo/backend/,read,2.61
2026-08-15 10:00:02.034719,u12,u12-laptop,eng/ci_logs/,download,1.85
2026-08-15 10:00:09.101704,u09,u09-mobile,sales/decks/,read,2.63
2026-08-15 10:06:36.830420,u12,u12-laptop,eng/ci_logs/,read,5.53
2026-08-15 10:08:55.148667,u12,u12-laptop,eng/repo/frontend/,read,3.02
2026-08-15 10:11:09.011048,u09,u09-mobile,sales/decks/,read,2.04
2026-08-15 10:11:37.082797,u12,u12-laptop,eng/ci_logs/,read,3.37
2026-08-15 10:13:32.826068,u09,u09-mobile,sales/pipeline.xlsx,download,2.09
2026-08-15 10:14:58.916856,u12,u12-laptop,eng/design_docs/,write,3.86
2026-08-15 10:23:45.712387,u12,u12-laptop,eng/repo/backend/,read,1.47
2026-08-15 10:24:59.809187,u12,u12-laptop,eng/ci_logs/,read,1.03
2026-08-15 10:25:18.050826,u09,u09-mobile,sales/contracts/,read,1.44
2026-08-15 10:26:59.681674,u09,u09-mobile,sales/pipeline.xlsx,read,1.79
2026-08-15 10:30:09.663770,u09,u09-mobile,sales/contracts/,read,1.52
2026-08-15 10:31:04.238163,u12,u12-laptop,eng/design_docs/,read,2.54
2026-08-15 10:31:44.936627,u12,u12-laptop,eng/repo/backend/,read,3.19
2026-08-15 10:32:12.533148,u09,u09-mobile,sales/contracts/,write,0.16
2026-08-15 10:36:08.911413,u09,u09-mobile,sales/contracts/,read,1.44
2026-08-15 10:39:11.412848,u09,u09-mobile,sales/pipeline.xlsx,read,1.6
2026-08-15 10:39:11.727969,u09,u09-mobile,sales/contracts/,read,1.94
2026-08-15 10:42:08.196243,u09,u09-mobile,sales/decks/,read,0.73
2026-08-15 10:43:34.896019,u09,u09-mobile,sales/decks/,read,0.59
2026-08-15 10:44:01.982740,u09,u09-mobile,sales/decks/,read,2.74
2026-08-15 10:47:29.195469,u09,u09-mobile,sales/contracts/,read,0.74
2026-08-15 10:47:29.334500,u07,u07-laptop,eng/ci_logs/,read,4.51
2026-08-15 10:49:57.746652,u09,u09-mobile,sales/decks/,read,1.88
2026-08-15 10:50:33.012463,u07,u07-laptop,eng/ci_logs/,write,2.67
2026-08-15 10:50:35.851876,u07,u07-laptop,eng/repo/frontend/,read,4.9
2026-08-15 10:50:41.701919,u07,u07-laptop,eng/ci_logs/,read,1.04
2026-08-15 10:50:58.467620,u09,u09-mobile,sales/decks/,read,1.28
2026-08-15 10:51:27.460571,u07,u07-laptop,eng/repo/frontend/,read,4.44
2026-08-15 10:51:49.108493,u09,u09-mobile,sales/decks/,download,1.03
2026-08-15 10:51:59.284102,u09,u09-mobile,sales/decks/,download,2.19
2026-08-15 10:53:49.215249,u07,u07-laptop,eng/design_docs/,write,4.8
2026-08-15 11:03:52.074179,u07,u07-laptop,eng/ci_logs/,read,1.78
2026-08-15 11:06:12.802730,u07,u07-laptop,eng/repo/backend/,read,1.72
2026-08-15 11:07:32.802256,u09,u09-mobile,sales/contracts/,read,1.24
2026-08-15 11:16:08.807435,u13,u13-laptop,hr/policies/,download,2.9
2026-08-15 11:19:41.613072,u13,u13-laptop,hr/leave_records.xlsx,write,1.98
2026-08-15 11:26:19.151964,u13,u13-laptop,hr/leave_records.xlsx,write,2.9
2026-08-15 11:29:00.268680,u07,u07-laptop,eng/repo/frontend/,read,4.43
2026-08-15 11:30:57.377914,u07,u07-laptop,eng/design_docs/,read,11.83
2026-08-15 11:31:11.225408,u07,u07-laptop,eng/ci_logs/,read,4.99
2026-08-15 11:36:47.068695,u07,u07-laptop,eng/design_docs/,download,5.04
2026-08-15 11:44:25.759758,u07,u07-laptop,eng/design_docs/,download,3.19
2026-08-15 11:47:43.844265,u13,u13-laptop,hr/policies/,read,5.51
2026-08-15 11:49:57.061307,u07,u07-laptop,eng/ci_logs/,write,1.59
2026-08-15 11:51:17.726734,u13,u13-laptop,hr/policies/,read,2.57
2026-08-15 11:52:45.513622,u13,u13-laptop,hr/onboarding/,download,3.0
2026-08-15 11:55:40.920964,u07,u07-laptop,eng/repo/backend/,download,2.7
2026-08-15 11:55:58.907588,u13,u13-laptop,hr/policies/,read,1.97
2026-08-15 11:56:19.513723,u07,u07-laptop,eng/design_docs/,read,8.25
2026-08-15 11:57:04.212105,u07,u07-laptop,eng/design_docs/,read,1.64
2026-08-15 11:57:58.204747,u07,u07-laptop,eng/repo/backend/,read,1.96
2026-08-15 11:59:44.567537,u13,u13-laptop,hr/policies/,write,2.36
2026-08-15 12:00:52.960586,u13,u13-laptop,hr/policies/,read,1.26
2026-08-15 12:02:41.951779,u07,u07-laptop,eng/design_docs/,read,4.27
2026-08-15 12:04:40.225601,u13,u13-laptop,hr/onboarding/,read,2.56
2026-08-15 12:06:06.705444,u07,u07-laptop,eng/repo/frontend/,read,2.64
2026-08-15 12:07:19.960134,u13,u13-laptop,hr/policies/,read,1.15
2026-08-15 12:07:56.177029,u13,u13-laptop,hr/policies/,write,2.35
2026-08-15 12:08:09.232154,u07,u07-laptop,eng/repo/frontend/,read,5.08
2026-08-15 12:11:03.279310,u07,u07-laptop,eng/repo/frontend/,read,3.44
2026-08-15 12:11:43.999057,u07,u07-laptop,eng/ci_logs/,read,4.24
2026-08-15 12:22:37.109088,u13,u13-laptop,hr/leave_records.xlsx,read,3.29
2026-08-15 12:33:39.295797,u13,u13-laptop,hr/policies/,read,2.48
2026-08-15 12:39:29.202924,u13,u13-laptop,hr/onboarding/,download,7.46
2026-08-15 12:48:39.740760,u14,u14-laptop,sales/contracts/,download,1.01
2026-08-15 12:59:25.686861,u14,u14-laptop,sales/contracts/,read,0.79
2026-08-15 13:00:48.762351,u14,u14-laptop,sales/pipeline.xlsx,read,3.2
2026-08-15 13:03:13.413822,u14,u14-laptop,sales/pipeline.xlsx,download,0.79
2026-08-15 13:11:49.580896,u14,u14-laptop,sales/contracts/,read,0.82
2026-08-15 13:12:54.268893,u14,u14-laptop,sales/pipeline.xlsx,write,1.24
2026-08-15 13:14:37.950464,u14,u14-laptop,sales/contracts/,read,0.71
2026-08-15 13:17:10.837228,u14,u14-laptop,sales/pipeline.xlsx,read,0.61
2026-08-15 13:19:29.019247,u14,u14-laptop,sales/pipeline.xlsx,write,1.85
2026-08-15 13:24:43.445863,u14,u14-laptop,sales/decks/,read,0.65
2026-08-15 13:33:31.457295,u14,u14-laptop,sales/contracts/,read,0.82
2026-08-15 13:41:15.300654,u14,u14-laptop,sales/pipeline.xlsx,read,0.66
2026-08-15 13:55:49.513625,u14,u14-laptop,sales/contracts/,read,0.65
2026-08-15 13:59:17.038378,u14,u14-laptop,sales/decks/,read,1.57
2026-08-15 14:01:04.336678,u14,u14-laptop,sales/contracts/,download,1.81
2026-08-15 14:03:22.066383,u14,u14-laptop,sales/decks/,read,2.09
2026-08-15 14:09:22.505783,u14,u14-laptop,sales/contracts/,read,1.19
2026-08-15 21:25:22.777802,u10,u10-laptop,it/asset_inventory.xlsx,write,0.96
2026-08-15 22:06:13.476422,u10,u10-laptop,it/tickets/,write,2.78
2026-08-15 22:18:44.925363,u10,u10-laptop,it/asset_inventory.xlsx,read,1.19
2026-08-15 22:19:02.639159,u10,u10-laptop,it/tickets/,download,2.07
2026-08-15 22:23:30.411959,u10,u10-laptop,it/asset_inventory.xlsx,read,1.89
2026-08-16 07:50:43.238350,u13,u13-laptop,hr/onboarding/,read,1.82
2026-08-16 07:51:19.819020,u13,u13-laptop,hr/onboarding/,write,1.87
2026-08-16 07:53:04.914067,u13,u13-laptop,hr/leave_records.xlsx,write,4.37
2026-08-16 07:55:48.799653,u13,u13-laptop,hr/onboarding/,read,2.66
2026-08-16 07:55:55.089622,u13,u13-laptop,hr/leave_records.xlsx,read,2.42
2026-08-16 08:05:25.317992,u13,u13-laptop,hr/policies/,read,1.44
2026-08-16 08:27:52.283606,u13,u13-laptop,hr/leave_records.xlsx,read,1.9
2026-08-16 08:29:07.951978,u13,u13-laptop,hr/policies/,read,3.95
2026-08-16 08:35:37.868467,u13,u13-laptop,hr/leave_records.xlsx,read,1.5
2026-08-16 08:35:48.215308,u13,u13-laptop,hr/leave_records.xlsx,read,4.4
2026-08-16 08:38:39.012364,u13,u13-laptop,hr/policies/,read,7.91
2026-08-16 08:44:41.432756,u13,u13-laptop,hr/onboarding/,read,4.36
2026-08-16 08:57:00.375056,u13,u13-laptop,hr/policies/,read,1.58
2026-08-16 08:57:20.622871,u13,u13-laptop,hr/policies/,download,1.46
2026-08-16 09:06:33.330069,u13,u13-laptop,hr/leave_records.xlsx,write,2.09
2026-08-16 09:09:09.730395,u13,u13-laptop,hr/onboarding/,read,2.19
2026-08-16 09:11:26.448507,u13,u13-laptop,hr/leave_records.xlsx,read,6.41
2026-08-16 09:17:44.107801,u13,u13-laptop,hr/onboarding/,read,1.6
2026-08-16 09:17:54.194880,u13,u13-laptop,hr/leave_records.xlsx,write,4.69
2026-08-16 09:38:23.285954,u15,u15-laptop,it/asset_inventory.xlsx,write,2.68
2026-08-16 10:05:46.162997,u15,u15-laptop,it/scripts/,read,1.87
2026-08-16 10:06:00.714470,u15,u15-laptop,it/asset_inventory.xlsx,write,3.51
2026-08-16 10:07:33.132642,u15,u15-laptop,it/tickets/,read,2.88
2026-08-16 10:14:39.450865,u15,u15-laptop,it/tickets/,read,9.71
2026-08-16 10:14:45.214568,u15,u15-laptop,it/scripts/,write,1.52
2026-08-16 10:16:43.855265,u15,u15-laptop,it/scripts/,read,2.24
2026-08-16 10:17:11.448080,u15,u15-laptop,it/scripts/,read,2.51
2026-08-16 10:19:07.788208,u15,u15-laptop,it/asset_inventory.xlsx,read,6.07
2026-08-16 10:19:15.511996,u15,u15-laptop,it/tickets/,read,3.04
2026-08-16 10:20:00.344163,u15,u15-laptop,it/tickets/,write,7.28
2026-08-16 10:20:10.583770,u15,u15-laptop,it/asset_inventory.xlsx,read,11.6
2026-08-16 10:25:08.581179,u15,u15-laptop,it/asset_inventory.xlsx,download,4.07
2026-08-16 10:30:50.604470,u02,u02-laptop,eng/design_docs/,read,1.98
2026-08-16 10:32:20.235754,u15,u15-laptop,it/tickets/,read,3.99
2026-08-16 10:37:17.947249,u06,u06-laptop,finance/general_ledger.xlsx,read,4.75
2026-08-16 10:42:48.209932,u15,u15-laptop,it/asset_inventory.xlsx,write,1.88
2026-08-16 10:44:10.959332,u15,u15-laptop,it/tickets/,write,2.44
2026-08-16 10:47:50.581250,u14,u14-laptop,sales/pipeline.xlsx,download,0.62
2026-08-16 10:48:52.007705,u06,u06-laptop,finance/vendor_invoices/,read,4.48
2026-08-16 10:50:01.497753,u14,u14-laptop,sales/pipeline.xlsx,read,0.99
2026-08-16 10:50:07.991692,u15,u15-laptop,it/tickets/,read,2.44
2026-08-16 10:50:16.776279,u14,u14-laptop,sales/decks/,read,0.58
2026-08-16 10:50:33.593983,u14,u14-laptop,sales/contracts/,read,1.2
2026-08-16 10:51:18.096376,u15,u15-laptop,it/asset_inventory.xlsx,read,1.58
2026-08-16 10:53:53.681470,u14,u14-laptop,sales/contracts/,read,0.82
2026-08-16 10:54:49.302461,u06,u06-laptop,finance/expense_reports/,write,1.8
2026-08-16 10:57:24.129218,u15,u15-laptop,it/tickets/,write,7.22
2026-08-16 10:58:13.762755,u15,u15-laptop,it/scripts/,read,5.07
2026-08-16 11:02:52.221719,u14,u14-laptop,sales/contracts/,write,1.17
2026-08-16 11:03:21.558406,u15,u15-laptop,it/scripts/,read,4.56
2026-08-16 11:05:52.001379,u06,u06-laptop,finance/expense_reports/,read,7.74
2026-08-16 11:05:54.485833,u15,u15-laptop,it/tickets/,read,4.02
2026-08-16 11:12:21.962372,u14,u14-laptop,sales/contracts/,read,0.96
2026-08-16 11:14:57.184685,u02,u02-laptop,eng/repo/frontend/,write,1.49
2026-08-16 11:18:18.359339,u14,u14-laptop,sales/contracts/,read,2.52
2026-08-16 11:22:35.274427,u02,u02-laptop,eng/ci_logs/,read,0.6
2026-08-16 11:26:23.075913,u02,u02-laptop,eng/repo/frontend/,read,0.74
2026-08-16 11:27:04.783364,u14,u14-laptop,sales/decks/,read,1.44
2026-08-16 11:30:08.238737,u06,u06-laptop,finance/vendor_invoices/,read,2.25
2026-08-16 11:37:33.147212,u06,u06-laptop,finance/budget_2026.xlsx,write,8.52
2026-08-16 11:41:02.494592,u02,u02-laptop,eng/repo/frontend/,write,2.41
2026-08-16 11:42:05.031208,u06,u06-laptop,finance/vendor_invoices/,read,5.18
2026-08-16 11:45:41.456829,u14,u14-laptop,sales/pipeline.xlsx,read,0.6
2026-08-16 11:51:07.418963,u02,u02-laptop,eng/ci_logs/,read,2.27
2026-08-16 12:15:13.788429,u02,u02-laptop,eng/design_docs/,read,5.86
2026-08-16 12:17:11.555883,u02,u02-laptop,eng/ci_logs/,write,2.21
2026-08-16 12:45:35.406622,u02,u02-laptop,eng/repo/frontend/,write,3.04
2026-08-16 12:55:37.534846,u14,u14-laptop,sales/contracts/,write,0.72
2026-08-16 13:00:49.123287,u14,u14-laptop,sales/decks/,download,1.44
2026-08-16 13:01:15.602033,u14,u14-laptop,sales/decks/,write,0.56
2026-08-16 13:01:35.570899,u02,u02-laptop,eng/repo/frontend/,read,2.6
2026-08-16 13:14:25.402921,u14,u14-laptop,sales/pipeline.xlsx,write,1.4
2026-08-16 13:24:49.255025,u14,u14-laptop,sales/contracts/,read,0.39
2026-08-16 13:26:04.403669,u14,u14-laptop,sales/decks/,read,0.56
2026-08-16 13:30:17.065440,u14,u14-laptop,sales/contracts/,write,1.25
2026-08-16 13:35:54.221779,u14,u14-laptop,sales/pipeline.xlsx,read,1.17
2026-08-16 13:54:14.225027,u02,u02-laptop,eng/repo/backend/,read,1.1
2026-08-16 14:08:19.066439,u14,u14-laptop,sales/pipeline.xlsx,read,0.46
2026-08-16 14:23:53.846185,u14,u14-laptop,sales/contracts/,read,0.95
2026-08-17 08:17:03.959512,u15,u15-laptop,it/asset_inventory.xlsx,read,2.04
2026-08-17 08:17:15.798926,u04,u04-laptop,sales/contracts/,read,3.91
2026-08-17 08:27:46.438460,u02,u02-laptop,eng/repo/frontend/,write,3.87
2026-08-17 08:33:03.509431,u02,u02-laptop,eng/repo/frontend/,read,2.09
2026-08-17 08:38:59.790210,u15,u15-laptop,it/scripts/,read,3.8
2026-08-17 08:39:50.456003,u14,u14-laptop,sales/pipeline.xlsx,read,1.59
2026-08-17 08:40:33.124795,u15,u15-laptop,it/asset_inventory.xlsx,read,1.72
2026-08-17 08:41:12.640114,u02,u02-laptop,eng/design_docs/,read,1.38
2026-08-17 08:49:30.687353,u15,u15-laptop,it/asset_inventory.xlsx,write,3.8
2026-08-17 08:52:09.121767,u03,u03-laptop,hr/onboarding/,read,0.83
2026-08-17 08:55:44.882749,u04,u04-laptop,sales/pipeline.xlsx,read,3.95
2026-08-17 08:58:52.377813,u02,u02-laptop,eng/repo/backend/,download,1.05
2026-08-17 09:00:25.579044,u04,u04-laptop,sales/decks/,read,4.41
2026-08-17 09:07:25.128372,u03,u03-laptop,hr/leave_records.xlsx,read,3.45
2026-08-17 09:08:11.344876,u15,u15-laptop,it/tickets/,write,2.88
2026-08-17 09:09:49.214798,u15,u15-laptop,it/tickets/,read,4.67
2026-08-17 09:10:14.541786,u15,u15-laptop,it/asset_inventory.xlsx,read,4.6
2026-08-17 09:10:28.386222,u14,u14-laptop,sales/decks/,read,0.78
2026-08-17 09:11:21.021248,u04,u04-laptop,sales/pipeline.xlsx,write,3.14
2026-08-17 09:15:25.111228,u04,u04-laptop,sales/pipeline.xlsx,read,1.77
2026-08-17 09:17:02.209315,u13,u13-mobile,hr/onboarding/,read,0.93
2026-08-17 09:17:56.358255,u05,u05-mobile,it/tickets/,read,0.93
2026-08-17 09:18:45.176309,u04,u04-laptop,sales/client_contracts_confidential/,read,2.37
2026-08-17 09:20:46.719767,u14,u14-laptop,sales/decks/,write,1.23
2026-08-17 09:21:06.537011,u13,u13-mobile,hr/leave_records.xlsx,download,2.99
2026-08-17 09:23:56.696834,u02,u02-laptop,eng/ci_logs/,read,1.96
2026-08-17 09:24:10.010463,u11,u11-laptop,finance/vendor_invoices/,read,1.74
2026-08-17 09:24:14.396394,u14,u14-laptop,sales/contracts/,write,3.97
2026-08-17 09:24:33.899259,u04,u04-laptop,sales/contracts/,write,3.97
2026-08-17 09:28:03.710382,u05,u05-mobile,it/scripts/,read,0.81
2026-08-17 09:29:12.299894,u11,u11-laptop,finance/budget_2026.xlsx,write,0.85
2026-08-17 09:30:31.722421,u13,u13-mobile,hr/leave_records.xlsx,read,2.83
2026-08-17 09:30:47.630701,u11,u11-laptop,finance/vendor_invoices/,read,1.64
2026-08-17 09:32:28.999333,u04,u04-laptop,sales/contracts/,read,2.15
2026-08-17 09:33:20.744229,u05,u05-mobile,it/asset_inventory.xlsx,write,2.37
2026-08-17 09:35:20.415530,u04,u04-laptop,sales/contracts/,read,7.0
2026-08-17 09:35:28.743779,u11,u11-laptop,finance/budget_2026.xlsx,read,1.28
2026-08-17 09:36:39.316587,u14,u14-laptop,sales/decks/,write,2.38
2026-08-17 09:39:33.554604,u05,u05-mobile,it/tickets/,read,0.5
2026-08-17 09:40:02.756700,u03,u03-laptop,hr/leave_records.xlsx,download,1.16
2026-08-17 09:40:59.495278,u04,u04-laptop,sales/decks/,read,2.75
2026-08-17 09:42:15.638649,u06,u06-laptop,finance/vendor_invoices/,write,4.01
2026-08-17 09:42:35.081147,u06,u06-laptop,finance/general_ledger.xlsx,read,7.99
2026-08-17 09:45:59.882151,u13,u13-mobile,hr/policies/,write,1.91
2026-08-17 09:47:30.459619,u03,u03-laptop,hr/leave_records.xlsx,read,2.55
2026-08-17 09:47:43.114612,u04,u04-laptop,sales/decks/,read,3.2
2026-08-17 09:48:45.658794,u14,u14-laptop,sales/decks/,write,1.14
2026-08-17 09:50:40.055185,u06,u06-laptop,finance/vendor_invoices/,write,0.97
2026-08-17 09:50:41.938232,u07,u07-laptop,eng/design_docs/,read,3.33
2026-08-17 09:51:04.979314,u06,u06-laptop,finance/vendor_invoices/,write,3.5
2026-08-17 09:51:30.074041,u06,u06-laptop,finance/expense_reports/,download,1.74
2026-08-17 09:52:26.519236,u04,u04-laptop,sales/contracts/,read,5.47
2026-08-17 09:53:35.006329,u06,u06-laptop,finance/expense_reports/,read,3.45
2026-08-17 09:54:46.898592,u13,u13-mobile,hr/leave_records.xlsx,read,3.63
2026-08-17 09:56:04.384893,u05,u05-mobile,it/asset_inventory.xlsx,download,1.49
2026-08-17 09:56:06.889614,u04,u04-laptop,sales/pipeline.xlsx,read,2.96
2026-08-17 09:56:17.774144,u11,u11-laptop,finance/budget_2026.xlsx,write,1.25
2026-08-17 09:58:19.506766,u11,u11-laptop,finance/general_ledger.xlsx,read,2.0
2026-08-17 09:59:05.130963,u04,u04-laptop,sales/pipeline.xlsx,download,6.03
2026-08-17 10:00:05.001168,u04,u04-laptop,sales/pipeline.xlsx,write,2.3
2026-08-17 10:01:02.513959,u03,u03-laptop,hr/policies/,read,0.82
2026-08-17 10:04:00.133039,u14,u14-laptop,sales/client_contracts_confidential/,read,0.41
2026-08-17 10:04:36.852486,u15,u15-laptop,it/asset_inventory.xlsx,write,3.79
2026-08-17 10:04:42.235308,u04,u04-laptop,sales/contracts/,read,9.93
2026-08-17 10:08:49.757836,u13,u13-mobile,hr/policies/,read,2.12
2026-08-17 10:09:32.291688,u08,u08-laptop,hr/leave_records.xlsx,write,5.36
2026-08-17 10:10:10.948715,u08,u08-laptop,hr/leave_records.xlsx,write,3.91
2026-08-17 10:10:12.247839,u07,u07-laptop,eng/ci_logs/,read,3.27
2026-08-17 10:10:12.908792,u03,u03-laptop,hr/leave_records.xlsx,read,0.92
2026-08-17 10:10:51.832287,u05,u05-mobile,it/asset_inventory.xlsx,read,2.26
2026-08-17 10:10:56.992871,u01,u01-mobile,finance/budget_2026.xlsx,write,2.37
2026-08-17 10:11:55.510759,u05,u05-mobile,it/tickets/,download,1.32
2026-08-17 10:12:25.286634,u14,u14-laptop,sales/decks/,download,1.06
2026-08-17 10:12:48.984240,u15,u15-laptop,it/tickets/,read,5.06
2026-08-17 10:14:24.460493,u03,u03-laptop,hr/onboarding/,read,2.48
2026-08-17 10:14:54.593730,u08,u08-laptop,hr/leave_records.xlsx,read,4.26
2026-08-17 10:15:26.913409,u08,u08-laptop,hr/onboarding/,read,3.52
2026-08-17 10:16:10.572595,u11,u11-laptop,finance/budget_2026.xlsx,read,4.09
2026-08-17 10:16:57.261364,u08,u08-laptop,hr/policies/,write,2.35
2026-08-17 10:17:03.379303,u06,u06-laptop,finance/budget_2026.xlsx,write,2.29
2026-08-17 10:17:37.940353,u13,u13-mobile,hr/onboarding/,read,3.16
2026-08-17 10:19:50.313321,u11,u11-laptop,finance/vendor_invoices/,read,0.69
2026-08-17 10:22:10.103620,u13,u13-mobile,hr/policies/,read,2.02
2026-08-17 10:23:20.381019,u08,u08-laptop,hr/leave_records.xlsx,read,3.83
2026-08-17 10:23:59.785174,u06,u06-laptop,finance/vendor_invoices/,write,3.99
2026-08-17 10:24:11.786014,u11,u11-laptop,finance/budget_2026.xlsx,write,3.54
2026-08-17 10:24:13.152068,u01,u01-mobile,finance/expense_reports/,read,1.32
2026-08-17 10:24:19.846242,u15,u15-laptop,it/asset_inventory.xlsx,read,4.63
2026-08-17 10:24:30.489677,u08,u08-laptop,hr/leave_records.xlsx,write,6.44
2026-08-17 10:24:37.807725,u06,u06-laptop,finance/general_ledger.xlsx,download,2.16
2026-08-17 10:24:38.640905,u06,u06-laptop,finance/vendor_invoices/,download,1.22
2026-08-17 10:24:47.800412,u13,u13-mobile,hr/policies/,read,1.23
2026-08-17 10:25:10.703424,u05,u05-mobile,it/tickets/,write,5.45
2026-08-17 10:25:21.847914,u08,u08-laptop,hr/leave_records.xlsx,read,2.52
2026-08-17 10:26:09.685496,u13,u13-mobile,hr/leave_records.xlsx,write,1.9
2026-08-17 10:26:27.221751,u01,u01-mobile,finance/budget_2026.xlsx,read,1.17
2026-08-17 10:26:40.009026,u06,u06-laptop,finance/expense_reports/,read,3.81
2026-08-17 10:26:57.781666,u14,u14-laptop,sales/pipeline.xlsx,read,1.27
2026-08-17 10:28:39.818812,u07,u07-laptop,eng/design_docs/,read,6.27
2026-08-17 10:28:59.694360,u03,u03-laptop,hr/leave_records.xlsx,write,2.37
2026-08-17 10:29:56.118268,u07,u07-laptop,eng/repo/backend/,read,2.01
2026-08-17 10:29:56.285853,u05,u05-mobile,it/tickets/,read,1.56
2026-08-17 10:31:02.842994,u06,u06-laptop,finance/general_ledger.xlsx,download,2.01
2026-08-17 10:31:08.082488,u06,u06-laptop,finance/general_ledger.xlsx,write,1.25
2026-08-17 10:31:15.428708,u13,u13-mobile,hr/onboarding/,read,2.02
2026-08-17 10:31:50.297839,u04,u04-laptop,sales/pipeline.xlsx,write,3.13
2026-08-17 10:31:57.746055,u08,u08-laptop,hr/policies/,read,1.9
2026-08-17 10:33:08.182747,u13,u13-mobile,hr/policies/,read,1.9
2026-08-17 10:33:15.328563,u05,u05-mobile,it/tickets/,write,2.78
2026-08-17 10:35:35.339564,u05,u05-mobile,it/asset_inventory.xlsx,read,1.05
2026-08-17 10:35:50.659485,u07,u07-laptop,eng/ci_logs/,download,4.45
2026-08-17 10:35:59.321437,u01,u01-mobile,finance/general_ledger.xlsx,read,0.83
2026-08-17 10:36:04.234863,u15,u15-laptop,it/tickets/,read,3.06
2026-08-17 10:36:51.991014,u05,u05-mobile,it/asset_inventory.xlsx,write,3.05
2026-08-17 10:37:28.810268,u07,u07-laptop,eng/design_docs/,write,3.31
2026-08-17 10:38:30.058724,u06,u06-laptop,finance/expense_reports/,download,8.85
2026-08-17 10:38:52.849643,u13,u13-mobile,hr/onboarding/,write,1.72
2026-08-17 10:38:54.873692,u01,u01-mobile,finance/budget_2026.xlsx,read,0.99
2026-08-17 10:38:58.536923,u01,u01-mobile,finance/general_ledger.xlsx,download,1.32
2026-08-17 10:39:04.232658,u05,u05-mobile,it/scripts/,read,0.89
2026-08-17 10:39:58.020701,u05,u05-mobile,it/tickets/,read,0.44
2026-08-17 10:40:37.042415,u01,u01-mobile,finance/budget_2026.xlsx,read,2.03
2026-08-17 10:41:14.944319,u02,u02-laptop,eng/design_docs/,read,11.81
2026-08-17 10:41:45.235662,u08,u08-laptop,hr/policies/,read,1.04
2026-08-17 10:41:58.120985,u13,u13-mobile,hr/policies/,read,1.42
2026-08-17 10:42:02.874693,u08,u08-laptop,hr/onboarding/,read,5.21
2026-08-17 10:42:31.904603,u08,u08-laptop,hr/leave_records.xlsx,read,3.0
2026-08-17 10:44:17.598189,u08,u08-laptop,hr/policies/,write,4.26
2026-08-17 10:47:40.101969,u08,u08-laptop,hr/leave_records.xlsx,read,0.83
2026-08-17 10:47:46.962226,u14,u14-laptop,sales/decks/,read,0.24
2026-08-17 10:47:56.711856,u06,u06-laptop,finance/vendor_invoices/,read,1.19
2026-08-17 10:48:05.564831,u03,u03-laptop,hr/policies/,read,1.52
2026-08-17 10:48:52.306024,u01,u01-mobile,finance/general_ledger.xlsx,write,0.59
2026-08-17 10:49:44.573654,u06,u06-laptop,finance/general_ledger.xlsx,write,4.89
2026-08-17 10:49:49.952378,u06,u06-laptop,finance/expense_reports/,read,4.3
2026-08-17 10:50:00.294303,u14,u14-laptop,sales/decks/,write,0.85
2026-08-17 10:50:17.864925,u13,u13-mobile,hr/onboarding/,read,1.64
2026-08-17 10:50:25.833481,u01,u01-mobile,finance/general_ledger.xlsx,download,1.17
2026-08-17 10:50:41.401620,u13,u13-mobile,hr/policies/,read,1.42
2026-08-17 10:50:51.152313,u15,u15-laptop,it/tickets/,read,3.82
2026-08-17 10:51:30.347837,u04,u04-laptop,sales/contracts/,read,3.5
2026-08-17 10:52:02.462489,u11,u11-laptop,finance/vendor_invoices/,read,2.44
2026-08-17 10:52:10.537195,u01,u01-mobile,finance/general_ledger.xlsx,download,2.87
2026-08-17 10:52:52.332819,u13,u13-mobile,hr/leave_records.xlsx,read,2.36
2026-08-17 10:53:57.410612,u06,u06-laptop,finance/budget_2026.xlsx,read,2.03
2026-08-17 10:54:19.860437,u11,u11-laptop,finance/expense_reports/,read,3.53
2026-08-17 10:54:29.528998,u15,u15-laptop,it/scripts/,read,5.81
2026-08-17 10:54:43.760915,u07,u07-laptop,eng/repo/backend/,read,3.44
2026-08-17 10:56:04.230241,u03,u03-laptop,hr/onboarding/,write,3.5
2026-08-17 10:56:06.635339,u05,u05-mobile,it/tickets/,write,1.55
2026-08-17 10:58:50.118682,u08,u08-laptop,hr/leave_records.xlsx,read,2.53
2026-08-17 10:59:29.826381,u01,u01-mobile,finance/expense_reports/,read,2.02
2026-08-17 11:00:38.658261,u03,u03-laptop,hr/policies/,download,0.61
2026-08-17 11:01:05.800960,u05,u05-mobile,it/scripts/,write,1.39
2026-08-17 11:02:19.503620,u07,u07-laptop,eng/repo/frontend/,read,5.02
2026-08-17 11:03:12.223553,u01,u01-mobile,finance/expense_reports/,write,1.4
2026-08-17 11:03:32.359539,u09,u09-mobile,sales/pipeline.xlsx,read,1.45
2026-08-17 11:03:46.515688,u13,u13-mobile,hr/onboarding/,write,5.2
2026-08-17 11:05:28.000607,u07,u07-laptop,eng/repo/backend/,download,3.26
2026-08-17 11:05:45.038882,u01,u01-mobile,finance/general_ledger.xlsx,write,0.72
2026-08-17 11:06:59.777164,u13,u13-mobile,hr/onboarding/,write,2.11
2026-08-17 11:07:03.133208,u13,u13-mobile,hr/onboarding/,read,1.59
2026-08-17 11:07:26.164948,u08,u08-laptop,hr/policies/,write,1.89
2026-08-17 11:07:46.386341,u15,u15-laptop,it/scripts/,download,3.61
2026-08-17 11:08:04.181603,u08,u08-laptop,hr/onboarding/,write,2.12
2026-08-17 11:10:00.324324,u15,u15-laptop,it/asset_inventory.xlsx,write,5.13
2026-08-17 11:10:35.195479,u13,u13-mobile,hr/leave_records.xlsx,read,5.13
2026-08-17 11:10:48.145346,u11,u11-laptop,finance/expense_reports/,write,2.19
2026-08-17 11:11:32.147495,u01,u01-mobile,finance/expense_reports/,read,0.79
2026-08-17 11:11:58.050504,u01,u01-mobile,finance/general_ledger.xlsx,read,1.68
2026-08-17 11:12:49.255952,u08,u08-laptop,hr/leave_records.xlsx,read,2.67
2026-08-17 11:12:54.871500,u14,u14-laptop,sales/pipeline.xlsx,read,0.37
2026-08-17 11:14:03.418505,u15,u15-laptop,it/scripts/,read,6.47
2026-08-17 11:14:14.300200,u15,u15-laptop,it/tickets/,read,2.0
2026-08-17 11:14:26.086707,u01,u01-mobile,finance/budget_2026.xlsx,download,2.45
2026-08-17 11:15:49.787461,u03,u03-laptop,hr/onboarding/,read,1.15
2026-08-17 11:16:03.614571,u08,u08-laptop,hr/onboarding/,download,1.47
2026-08-17 11:16:06.976988,u08,u08-laptop,hr/policies/,read,4.01
2026-08-17 11:18:55.732240,u15,u15-laptop,it/tickets/,read,2.95
2026-08-17 11:19:21.207950,u08,u08-laptop,hr/onboarding/,read,1.55
2026-08-17 11:22:35.480399,u03,u03-laptop,hr/onboarding/,read,2.17
2026-08-17 11:22:51.105328,u07,u07-laptop,eng/repo/frontend/,read,4.94
2026-08-17 11:23:04.263907,u05,u05-mobile,it/asset_inventory.xlsx,download,1.07
2026-08-17 11:25:58.081626,u01,u01-mobile,finance/vendor_invoices/,read,0.76
2026-08-17 11:28:24.857361,u01,u01-mobile,finance/expense_reports/,download,7.0
2026-08-17 11:28:49.035141,u08,u08-laptop,hr/leave_records.xlsx,write,3.86
2026-08-17 11:30:38.492099,u02,u02-laptop,eng/design_docs/,read,2.42
2026-08-17 11:31:04.491529,u01,u01-mobile,finance/budget_2026.xlsx,download,1.44
2026-08-17 11:31:31.943582,u05,u05-mobile,it/scripts/,read,1.1
2026-08-17 11:31:47.634382,u01,u01-mobile,finance/budget_2026.xlsx,read,1.32
2026-08-17 11:32:21.616772,u14,u14-laptop,sales/contracts/,read,1.15
2026-08-17 11:32:57.129434,u01,u01-mobile,finance/budget_2026.xlsx,write,0.52
2026-08-17 11:33:30.394712,u08,u08-laptop,hr/onboarding/,read,3.75
2026-08-17 11:34:47.261613,u08,u08-laptop,hr/leave_records.xlsx,read,5.18
2026-08-17 11:37:15.198185,u11,u11-laptop,finance/budget_2026.xlsx,write,6.09
2026-08-17 11:39:44.688094,u14,u14-laptop,sales/decks/,read,0.93
2026-08-17 11:41:24.542557,u01,u01-mobile,finance/vendor_invoices/,download,0.93
2026-08-17 11:41:44.098243,u15,u15-laptop,it/asset_inventory.xlsx,read,3.88
2026-08-17 11:46:26.403422,u09,u09-mobile,sales/pipeline.xlsx,write,1.07
2026-08-17 11:49:13.844265,u07,u07-laptop,eng/design_docs/,read,4.05
2026-08-17 11:51:16.428062,u07,u07-laptop,eng/ci_logs/,read,3.23
2026-08-17 11:51:39.107363,u14,u14-laptop,sales/contracts/,read,1.63
2026-08-17 11:53:11.354554,u05,u05-mobile,it/scripts/,read,1.01
2026-08-17 11:56:56.449708,u15,u15-laptop,it/scripts/,read,5.61
2026-08-17 11:58:31.660236,u05,u05-mobile,it/scripts/,read,6.74
2026-08-17 12:03:21.118034,u07,u07-laptop,eng/repo/backend/,read,6.03
2026-08-17 12:03:41.885972,u15,u15-laptop,it/tickets/,read,2.95
2026-08-17 12:08:26.022050,u15,u15-laptop,it/tickets/,write,3.34
2026-08-17 12:12:17.046836,u07,u07-laptop,eng/repo/backend/,read,2.71
2026-08-17 12:18:11.207378,u09,u09-mobile,sales/contracts/,read,0.84
2026-08-17 12:20:41.020049,u09,u09-mobile,sales/contracts/,download,4.95
2026-08-17 12:22:09.211185,u09,u09-mobile,sales/pipeline.xlsx,read,1.69
2026-08-17 12:22:58.906611,u09,u09-mobile,sales/pipeline.xlsx,download,2.03
2026-08-17 12:23:20.228661,u07,u07-laptop,eng/repo/backend/,download,3.76
2026-08-17 12:26:31.869857,u07,u07-laptop,eng/repo/frontend/,read,9.12
2026-08-17 12:27:27.553900,u07,u07-laptop,eng/repo/backend/,read,2.57
2026-08-17 12:32:14.788141,u03,u03-laptop,hr/leave_records.xlsx,read,2.03
2026-08-17 12:37:31.428175,u09,u09-mobile,sales/decks/,download,1.31
2026-08-17 12:39:28.199664,u03,u03-laptop,hr/onboarding/,read,1.18
2026-08-17 12:50:38.954024,u09,u09-mobile,sales/decks/,read,2.11
2026-08-17 12:57:21.244706,u07,u07-laptop,eng/repo/frontend/,read,2.93
2026-08-17 12:57:23.221346,u07,u07-laptop,eng/infra/terraform_state.tfstate,write,7.78
2026-08-17 12:58:14.288610,u09,u09-mobile,sales/decks/,read,2.55
2026-08-17 12:58:27.222074,u03,u03-laptop,hr/leave_records.xlsx,read,1.37
2026-08-17 13:04:19.108408,u09,u09-mobile,sales/decks/,read,1.31
2026-08-17 13:11:04.508832,u07,u07-laptop,eng/repo/frontend/,read,1.13
2026-08-17 13:14:04.519312,u12,u12-laptop,eng/design_docs/,write,5.25
2026-08-17 13:16:02.547370,u12,u12-laptop,eng/repo/backend/,download,2.35
2026-08-17 13:17:42.198665,u12,u12-laptop,eng/design_docs/,read,2.7
2026-08-17 13:21:50.712362,u03,u03-laptop,hr/salary_bands.xlsx,read,1.2
2026-08-17 13:25:23.475489,u12,u12-laptop,eng/design_docs/,read,0.82
2026-08-17 13:31:24.761358,u12,u12-laptop,eng/design_docs/,read,1.31
2026-08-17 13:39:10.436517,u12,u12-laptop,eng/design_docs/,read,1.2
2026-08-17 13:50:34.633647,u12,u12-laptop,eng/design_docs/,read,2.57
2026-08-17 14:02:13.782176,u12,u12-laptop,eng/design_docs/,read,3.97
2026-08-17 14:09:58.054665,u12,u12-laptop,eng/repo/backend/,read,2.36
2026-08-17 14:11:16.687382,u12,u12-laptop,eng/repo/frontend/,read,4.1
2026-08-17 14:13:30.264543,u12,u12-laptop,eng/ci_logs/,read,3.27
2026-08-17 14:15:08.748360,u12,u12-laptop,eng/ci_logs/,read,9.07
2026-08-17 14:22:52.210321,u12,u12-laptop,eng/ci_logs/,read,2.57
2026-08-17 14:24:07.346726,u12,u12-laptop,eng/design_docs/,read,4.98
2026-08-17 14:30:48.818980,u12,u12-laptop,eng/repo/frontend/,read,2.15
2026-08-17 14:40:00.431294,u12,u12-laptop,eng/design_docs/,read,3.12
2026-08-17 23:15:10.583004,u10,u10-laptop,it/tickets/,read,1.36
2026-08-17 23:32:32.232887,u10,u10-laptop,it/tickets/,read,1.94
2026-08-17 23:44:42.597969,u10,u10-laptop,it/scripts/,read,1.18
2026-08-17 23:47:06.570682,u10,u10-laptop,it/asset_inventory.xlsx,write,1.23
2026-08-17 23:55:44.173926,u10,u10-laptop,it/asset_inventory.xlsx,read,0.66
2026-08-18 00:06:51.889316,u10,u10-laptop,it/asset_inventory.xlsx,download,1.43
2026-08-18 00:08:43.123400,u10,u10-laptop,it/tickets/,read,1.89
2026-08-18 00:09:40.349355,u10,u10-laptop,it/scripts/,read,2.06
2026-08-18 00:22:12.340019,u10,u10-laptop,it/asset_inventory.xlsx,read,1.96
2026-08-18 00:32:38.586719,u10,u10-laptop,it/tickets/,read,3.32
2026-08-18 00:35:38.799708,u10,u10-laptop,it/scripts/,write,1.57
2026-08-18 00:36:41.656173,u10,u10-laptop,it/tickets/,read,1.87
2026-08-18 00:37:51.605824,u10,u10-laptop,it/tickets/,read,1.47
2026-08-18 00:50:33.544304,u10,u10-laptop,it/asset_inventory.xlsx,read,2.76
2026-08-18 00:55:08.314877,u10,u10-laptop,it/scripts/,write,1.09
2026-08-18 01:01:43.242950,u10,u10-laptop,it/scripts/,read,4.85
2026-08-18 05:49:42.098402,u03,u03-laptop,hr/leave_records.xlsx,read,1.18
2026-08-18 06:10:41.166625,u15,u15-laptop,it/asset_inventory.xlsx,read,2.08
2026-08-18 06:12:48.349976,u15,u15-laptop,it/asset_inventory.xlsx,read,2.97
2026-08-18 06:14:30.167450,u15,u15-laptop,it/asset_inventory.xlsx,read,7.34
2026-08-18 06:22:46.060114,u15,u15-laptop,it/asset_inventory.xlsx,read,3.54
2026-08-18 06:28:14.072728,u15,u15-laptop,it/asset_inventory.xlsx,write,5.03
2026-08-18 06:38:46.559109,u08,u08-laptop,hr/policies/,read,2.43
2026-08-18 06:42:55.475830,u15,u15-laptop,it/tickets/,read,4.11
2026-08-18 06:43:01.708759,u15,u15-laptop,it/tickets/,read,4.31
2026-08-18 06:43:13.324664,u08,u08-laptop,hr/policies/,read,4.17
2026-08-18 06:46:55.091145,u15,u15-laptop,it/scripts/,write,1.26
2026-08-18 06:58:55.905177,u08,u08-laptop,hr/policies/,read,2.92
2026-08-18 07:08:10.793939,u15,u15-laptop,it/tickets/,write,8.06
2026-08-18 07:09:57.772929,u08,u08-laptop,hr/policies/,read,4.16
2026-08-18 07:22:32.524894,u15,u15-laptop,it/asset_inventory.xlsx,read,1.57
2026-08-18 07:25:29.040910,u15,u15-laptop,it/tickets/,write,1.92
2026-08-18 07:30:06.117429,u15,u15-laptop,it/asset_inventory.xlsx,read,1.99
2026-08-18 07:39:41.693921,u08,u08-laptop,hr/onboarding/,download,6.54
2026-08-18 07:47:13.337552,u08,u08-laptop,hr/onboarding/,write,2.05
2026-08-18 07:50:43.718553,u13,u13-laptop,hr/onboarding/,download,1.56
2026-08-18 07:51:09.951624,u13,u13-laptop,hr/policies/,write,2.15
2026-08-18 08:05:16.585839,u13,u13-laptop,hr/onboarding/,read,1.93
2026-08-18 08:06:33.099944,u13,u13-laptop,hr/leave_records.xlsx,write,8.09
2026-08-18 08:36:59.353201,u07,u07-laptop,eng/repo/frontend/,read,6.55
2026-08-18 08:39:07.368974,u01,u01-laptop,finance/vendor_invoices/,read,0.86
2026-08-18 08:41:21.966612,u07,u07-laptop,eng/repo/backend/,read,6.11
2026-08-18 08:56:40.566374,u07,u07-laptop,eng/repo/frontend/,read,7.61
2026-08-18 08:56:51.744135,u01,u01-laptop,finance/employee_ssn_records.db,read,1.07
2026-08-18 09:00:18.456064,u07,u07-laptop,eng/ci_logs/,read,1.77
2026-08-18 09:01:03.657779,u01,u01-laptop,finance/general_ledger.xlsx,write,2.44
2026-08-18 09:02:38.567468,u03,u03-laptop,hr/policies/,read,2.39
2026-08-18 09:03:01.300812,u12,u12-laptop,eng/repo/backend/,write,5.46
2026-08-18 09:03:42.889340,u12,u12-laptop,eng/repo/backend/,read,4.39
2026-08-18 09:08:28.031909,u11,u11-laptop,finance/vendor_invoices/,read,3.13
2026-08-18 09:08:57.814344,u15,u15-laptop,it/asset_inventory.xlsx,read,9.95
2026-08-18 09:14:32.301570,u01,u01-laptop,finance/vendor_invoices/,write,1.81
2026-08-18 09:14:40.479703,u12,u12-laptop,eng/repo/backend/,read,3.17
2026-08-18 09:17:40.011811,u06,u06-laptop,finance/general_ledger.xlsx,read,5.1
2026-08-18 09:18:22.026929,u12,u12-laptop,eng/repo/frontend/,read,4.4
2026-08-18 09:21:44.729435,u15,u15-laptop,it/asset_inventory.xlsx,download,4.76
2026-08-18 09:22:13.873370,u12,u12-laptop,eng/ci_logs/,read,1.42
2026-08-18 09:25:19.126612,u12,u12-laptop,eng/ci_logs/,download,2.67
2026-08-18 09:25:54.376495,u07,u07-laptop,eng/design_docs/,read,2.42
2026-08-18 09:28:01.290187,u06,u06-laptop,finance/expense_reports/,read,2.04
2026-08-18 09:28:05.303578,u03,u03-laptop,hr/policies/,read,2.22
2026-08-18 09:28:20.507807,u12,u12-laptop,eng/design_docs/,read,5.84
2026-08-18 09:29:05.302696,u08,u08-laptop,hr/leave_records.xlsx,read,1.04
2026-08-18 09:30:02.434009,u01,u01-laptop,finance/vendor_invoices/,read,1.96
2026-08-18 09:32:24.080065,u12,u12-laptop,eng/repo/frontend/,read,2.89
2026-08-18 09:33:13.440749,u07,u07-laptop,eng/repo/frontend/,read,1.25
2026-08-18 09:33:43.016551,u12,u12-laptop,eng/design_docs/,read,1.43
2026-08-18 09:33:44.412430,u08,u08-laptop,hr/onboarding/,read,2.93
2026-08-18 09:34:31.935884,u06,u06-laptop,finance/expense_reports/,read,2.48
2026-08-18 09:34:52.989327,u14,u14-laptop,sales/decks/,read,1.13
2026-08-18 09:35:17.516141,u08,u08-laptop,hr/onboarding/,download,2.28
2026-08-18 09:35:40.212805,u03,u03-laptop,hr/leave_records.xlsx,read,1.2
2026-08-18 09:35:49.224555,u12,u12-laptop,eng/design_docs/,read,3.63
2026-08-18 09:36:23.175298,u11,u11-laptop,finance/expense_reports/,read,2.13
2026-08-18 09:37:44.260092,u01,u01-laptop,finance/expense_reports/,read,1.03
2026-08-18 09:41:23.549000,u11,u11-laptop,finance/vendor_invoices/,read,0.59
2026-08-18 09:42:07.500926,u06,u06-laptop,finance/budget_2026.xlsx,write,2.5
2026-08-18 09:42:37.796975,u07,u07-laptop,eng/ci_logs/,read,2.61
2026-08-18 09:43:19.709973,u15,u15-laptop,it/tickets/,read,2.79
2026-08-18 09:43:45.432814,u13,u13-laptop,hr/onboarding/,download,4.57
2026-08-18 09:44:59.801328,u01,u01-laptop,finance/vendor_invoices/,write,3.77
2026-08-18 09:45:20.381082,u03,u03-laptop,hr/onboarding/,read,2.36
2026-08-18 09:46:31.791556,u11,u11-laptop,finance/general_ledger.xlsx,read,1.23
2026-08-18 09:48:53.731213,u11,u11-laptop,finance/general_ledger.xlsx,read,0.59
2026-08-18 09:49:39.157187,u15,u15-laptop,it/tickets/,read,3.68
2026-08-18 09:50:16.603439,u08,u08-laptop,hr/policies/,download,3.35
2026-08-18 09:50:32.908885,u03,u03-laptop,hr/policies/,read,0.85
2026-08-18 09:50:48.421525,u12,u12-laptop,eng/design_docs/,read,2.14
2026-08-18 09:51:14.463943,u03,u03-laptop,hr/onboarding/,read,1.17
2026-08-18 09:51:52.883265,u14,u14-laptop,sales/decks/,read,0.66
2026-08-18 09:52:12.580594,u03,u03-laptop,hr/onboarding/,download,1.29
2026-08-18 09:53:44.203861,u06,u06-laptop,finance/vendor_invoices/,read,7.12
2026-08-18 09:54:56.950869,u06,u06-laptop,finance/general_ledger.xlsx,read,8.24
2026-08-18 09:55:57.714365,u12,u12-laptop,eng/ci_logs/,read,4.29
2026-08-18 09:57:34.027497,u06,u06-laptop,finance/budget_2026.xlsx,write,1.92
2026-08-18 09:58:30.232367,u06,u06-laptop,finance/expense_reports/,write,4.27
2026-08-18 09:58:54.311632,u13,u13-laptop,hr/onboarding/,read,3.57
2026-08-18 09:59:16.410331,u11,u11-laptop,finance/general_ledger.xlsx,read,2.43
2026-08-18 09:59:40.498046,u15,u15-laptop,it/asset_inventory.xlsx,read,2.82
2026-08-18 10:00:06.779223,u08,u08-laptop,hr/onboarding/,read,4.22
2026-08-18 10:00:41.341094,u15,u15-laptop,it/asset_inventory.xlsx,read,12.09
2026-08-18 10:02:05.235738,u01,u01-laptop,finance/general_ledger.xlsx,write,1.38
2026-08-18 10:02:35.555007,u14,u14-laptop,sales/pipeline.xlsx,read,0.23
2026-08-18 10:03:35.793975,u07,u07-laptop,eng/design_docs/,read,1.26
2026-08-18 10:05:58.397453,u15,u15-laptop,it/asset_inventory.xlsx,write,4.91
2026-08-18 10:06:00.339883,u01,u01-laptop,finance/vendor_invoices/,read,1.5
2026-08-18 10:10:01.178772,u11,u11-laptop,finance/budget_2026.xlsx,read,0.46
2026-08-18 10:10:37.174333,u06,u06-laptop,finance/general_ledger.xlsx,read,0.94
2026-08-18 10:10:43.988149,u12,u12-laptop,eng/repo/frontend/,read,2.33
2026-08-18 10:12:53.367412,u06,u06-laptop,finance/expense_reports/,read,2.38
2026-08-18 10:14:17.062465,u15,u15-laptop,it/tickets/,read,2.87
2026-08-18 10:15:27.345940,u14,u14-laptop,sales/pipeline.xlsx,read,1.34
2026-08-18 10:16:35.972087,u13,u13-laptop,hr/policies/,download,0.75
2026-08-18 10:18:35.776945,u13,u13-laptop,hr/onboarding/,read,2.27
2026-08-18 10:19:52.799042,u02,u02-laptop,eng/design_docs/,read,2.88
2026-08-18 10:21:08.579187,u12,u12-laptop,eng/repo/backend/,read,1.95
2026-08-18 10:22:37.864884,u06,u06-laptop,finance/expense_reports/,read,4.78
2026-08-18 10:23:03.708886,u07,u07-laptop,eng/design_docs/,read,4.45
2026-08-18 10:23:07.902963,u13,u13-laptop,hr/onboarding/,write,2.66
2026-08-18 10:24:44.606317,u06,u06-laptop,finance/budget_2026.xlsx,read,3.48
2026-08-18 10:27:55.206935,u06,u06-laptop,finance/expense_reports/,read,2.22
2026-08-18 10:31:01.358185,u15,u15-laptop,it/tickets/,write,3.45
2026-08-18 10:32:24.065439,u08,u08-laptop,hr/onboarding/,read,2.21
2026-08-18 10:32:30.186930,u07,u07-laptop,eng/repo/frontend/,read,11.91
2026-08-18 10:33:34.742098,u11,u11-laptop,finance/budget_2026.xlsx,write,3.71
2026-08-18 10:33:47.798516,u13,u13-laptop,hr/leave_records.xlsx,read,2.35
2026-08-18 10:35:59.998024,u09,u09-mobile,sales/decks/,write,0.9
2026-08-18 10:38:43.163695,u08,u08-laptop,hr/policies/,write,1.62
2026-08-18 10:39:12.486080,u11,u11-laptop,finance/expense_reports/,read,2.82
2026-08-18 10:40:00.077298,u09,u09-mobile,sales/contracts/,read,3.9
2026-08-18 10:43:19.150785,u03,u03-laptop,hr/onboarding/,read,1.77
2026-08-18 10:45:37.773238,u01,u01-laptop,finance/vendor_invoices/,write,2.85
2026-08-18 10:45:50.334080,u13,u13-laptop,hr/leave_records.xlsx,download,7.53
2026-08-18 10:46:28.809036,u05,u05-mobile,it/tickets/,read,1.43
2026-08-18 10:47:08.112274,u09,u09-mobile,sales/decks/,read,2.34
2026-08-18 10:48:46.415494,u03,u03-laptop,hr/leave_records.xlsx,read,0.92
2026-08-18 10:50:31.004513,u07,u07-laptop,eng/design_docs/,read,3.24
2026-08-18 10:52:25.905145,u14,u14-laptop,sales/contracts/,write,1.11
2026-08-18 10:52:34.737302,u14,u14-laptop,sales/contracts/,read,3.19
2026-08-18 10:55:50.331062,u15,u15-laptop,it/scripts/,write,2.62
2026-08-18 10:56:49.340074,u11,u11-laptop,finance/general_ledger.xlsx,read,0.68
2026-08-18 10:56:54.846756,u09,u09-mobile,sales/decks/,read,2.81
2026-08-18 10:57:40.263440,u03,u03-laptop,hr/policies/,read,1.43
2026-08-18 10:58:04.124864,u09,u09-mobile,sales/contracts/,read,0.73
2026-08-18 10:58:50.611758,u09,u09-mobile,sales/decks/,read,1.48
2026-08-18 10:59:48.741160,u07,u07-laptop,eng/design_docs/,read,2.97
2026-08-18 11:01:00.791444,u07,u07-laptop,eng/repo/frontend/,write,3.33
2026-08-18 11:02:04.554848,u13,u13-laptop,hr/onboarding/,write,1.82
2026-08-18 11:02:34.454025,u04,u04-laptop,sales/decks/,read,1.91
2026-08-18 11:02:46.812346,u07,u07-laptop,eng/repo/frontend/,read,3.39
2026-08-18 11:04:47.123477,u04,u04-laptop,sales/pipeline.xlsx,write,2.03
2026-08-18 11:05:16.522600,u02,u02-laptop,eng/ci_logs/,read,2.63
2026-08-18 11:09:06.319210,u04,u04-laptop,sales/decks/,read,2.21
2026-08-18 11:09:51.430747,u09,u09-mobile,sales/contracts/,read,2.65
2026-08-18 11:12:00.276514,u15,u15-laptop,it/tickets/,write,3.53
2026-08-18 11:17:30.982696,u07,u07-laptop,eng/ci_logs/,read,4.42
2026-08-18 11:17:43.687522,u04,u04-laptop,sales/contracts/,download,3.49
2026-08-18 11:17:50.313977,u09,u09-mobile,sales/contracts/,read,0.29
2026-08-18 11:17:57.035382,u14,u14-laptop,sales/pipeline.xlsx,read,3.88
2026-08-18 11:18:21.376692,u14,u14-laptop,sales/pipeline.xlsx,write,0.47
2026-08-18 11:18:53.380353,u09,u09-mobile,sales/decks/,read,1.64
2026-08-18 11:19:12.431476,u09,u09-mobile,sales/pipeline.xlsx,download,2.54
2026-08-18 11:20:12.388466,u07,u07-laptop,eng/ci_logs/,read,3.93
2026-08-18 11:20:32.380293,u02,u02-laptop,eng/design_docs/,read,2.12
2026-08-18 11:21:31.096972,u09,u09-mobile,sales/pipeline.xlsx,read,4.26
2026-08-18 11:22:29.981828,u02,u02-laptop,eng/repo/backend/,read,2.6
2026-08-18 11:22:54.429020,u07,u07-laptop,eng/ci_logs/,read,2.42
2026-08-18 11:24:13.550518,u02,u02-laptop,eng/ci_logs/,read,1.42
2026-08-18 11:25:53.144009,u05,u05-mobile,it/scripts/,download,1.5
2026-08-18 11:26:08.224388,u02,u02-laptop,eng/repo/frontend/,read,2.12
2026-08-18 11:27:46.356897,u09,u09-mobile,sales/pipeline.xlsx,download,1.27
2026-08-18 11:29:14.111745,u04,u04-laptop,sales/pipeline.xlsx,read,1.54
2026-08-18 11:30:01.739606,u02,u02-laptop,eng/design_docs/,read,5.46
2026-08-18 11:31:49.046503,u13,u13-laptop,hr/leave_records.xlsx,download,7.72
2026-08-18 11:34:15.018475,u05,u05-mobile,it/asset_inventory.xlsx,read,2.16
2026-08-18 11:35:05.428229,u02,u02-laptop,eng/ci_logs/,read,3.05
2026-08-18 11:35:12.049980,u13,u13-laptop,hr/policies/,read,2.42
2026-08-18 11:36:32.607837,u04,u04-laptop,sales/decks/,read,8.1
2026-08-18 11:37:12.866378,u15,u15-laptop,it/scripts/,read,4.91
2026-08-18 11:37:31.878157,u02,u02-laptop,eng/ci_logs/,write,1.48
2026-08-18 11:37:34.856077,u11,u11-laptop,finance/budget_2026.xlsx,write,2.46
2026-08-18 11:38:30.458302,u07,u07-laptop,eng/design_docs/,read,4.79
2026-08-18 11:38:47.845102,u09,u09-mobile,sales/decks/,read,2.76
2026-08-18 11:38:54.554283,u11,u11-laptop,finance/budget_2026.xlsx,write,0.93
2026-08-18 11:39:00.331881,u07,u07-laptop,eng/repo/frontend/,read,3.84
2026-08-18 11:39:36.336355,u11,u11-laptop,finance/general_ledger.xlsx,write,0.99
2026-08-18 11:40:11.191125,u03,u03-laptop,hr/policies/,read,1.41
2026-08-18 11:40:26.660050,u13,u13-laptop,hr/onboarding/,write,3.96
2026-08-18 11:40:40.472605,u04,u04-laptop,sales/decks/,read,2.85
2026-08-18 11:41:10.523405,u07,u07-laptop,eng/repo/backend/,read,2.73
2026-08-18 11:41:21.609848,u04,u04-laptop,sales/decks/,read,2.16
2026-08-18 11:42:09.568302,u08,u08-laptop,hr/onboarding/,write,2.56
2026-08-18 11:42:36.993851,u15,u15-laptop,it/scripts/,download,1.95
2026-08-18 11:43:09.936860,u07,u07-laptop,eng/design_docs/,read,1.38
2026-08-18 11:45:12.408516,u04,u04-laptop,sales/pipeline.xlsx,read,1.36
2026-08-18 11:45:40.557212,u09,u09-mobile,sales/pipeline.xlsx,read,2.04
2026-08-18 11:45:42.165374,u03,u03-laptop,hr/onboarding/,read,1.38
2026-08-18 11:45:52.407515,u05,u05-mobile,it/scripts/,read,0.86
2026-08-18 11:46:12.300732,u13,u13-laptop,hr/leave_records.xlsx,read,1.73
2026-08-18 11:47:30.085323,u14,u14-laptop,sales/pipeline.xlsx,read,2.14
2026-08-18 11:48:09.432022,u13,u13-laptop,hr/onboarding/,read,1.15
2026-08-18 11:48:40.017716,u04,u04-laptop,sales/decks/,write,3.85
2026-08-18 11:48:56.899266,u14,u14-laptop,sales/pipeline.xlsx,read,1.16
2026-08-18 11:49:38.985901,u13,u13-laptop,hr/onboarding/,download,5.51
2026-08-18 11:50:12.456452,u09,u09-mobile,sales/contracts/,download,0.49
2026-08-18 11:51:12.768220,u07,u07-laptop,eng/repo/frontend/,write,3.34
2026-08-18 11:51:52.574745,u03,u03-laptop,hr/onboarding/,read,1.07
2026-08-18 11:53:19.172289,u04,u04-laptop,sales/decks/,read,1.95
2026-08-18 11:53:25.083347,u08,u08-laptop,hr/leave_records.xlsx,read,2.85
2026-08-18 11:57:09.408058,u07,u07-laptop,eng/ci_logs/,write,1.94
2026-08-18 11:57:18.002506,u05,u05-mobile,it/scripts/,read,2.08
2026-08-18 11:59:05.755944,u05,u05-mobile,it/asset_inventory.xlsx,read,1.9
2026-08-18 12:00:03.054785,u04,u04-laptop,sales/decks/,read,1.73
2026-08-18 12:00:23.446697,u15,u15-laptop,it/admin_credentials.vault,read,4.26
2026-08-18 12:02:36.082216,u04,u04-laptop,sales/decks/,read,4.05
2026-08-18 12:02:49.710102,u05,u05-mobile,it/asset_inventory.xlsx,read,0.47
2026-08-18 12:03:27.655554,u08,u08-laptop,hr/onboarding/,read,5.42
2026-08-18 12:04:19.663885,u07,u07-laptop,eng/repo/backend/,read,2.65
2026-08-18 12:04:31.496047,u08,u08-laptop,hr/policies/,read,6.99
2026-08-18 12:05:09.987438,u07,u07-laptop,eng/design_docs/,read,2.1
2026-08-18 12:05:36.666366,u05,u05-mobile,it/asset_inventory.xlsx,write,0.33
2026-08-18 12:06:01.628842,u07,u07-laptop,eng/repo/frontend/,read,7.28
2026-08-18 12:07:36.736187,u05,u05-mobile,it/tickets/,read,3.16
2026-08-18 12:09:26.208393,u05,u05-mobile,it/scripts/,write,3.26
2026-08-18 12:10:36.035952,u04,u04-laptop,sales/contracts/,read,2.49
2026-08-18 12:10:44.644349,u07,u07-laptop,eng/design_docs/,write,3.32
2026-08-18 12:10:48.346559,u07,u07-laptop,eng/repo/backend/,read,1.65
2026-08-18 12:12:26.527740,u15,u15-laptop,it/asset_inventory.xlsx,write,7.86
2026-08-18 12:13:09.573800,u04,u04-laptop,sales/decks/,read,1.4
2026-08-18 12:13:44.505102,u05,u05-mobile,it/tickets/,write,0.88
2026-08-18 12:13:48.319160,u05,u05-mobile,it/scripts/,read,0.84
2026-08-18 12:14:48.668417,u08,u08-laptop,hr/leave_records.xlsx,read,1.76
2026-08-18 12:15:10.791662,u15,u15-laptop,it/scripts/,read,2.02
2026-08-18 12:15:21.648860,u02,u02-laptop,eng/repo/frontend/,write,0.95
2026-08-18 12:16:07.988766,u07,u07-laptop,eng/repo/frontend/,read,1.98
2026-08-18 12:17:21.891892,u04,u04-laptop,sales/contracts/,read,1.27
2026-08-18 12:20:15.868512,u04,u04-laptop,sales/decks/,write,2.47
2026-08-18 12:24:40.232778,u05,u05-mobile,it/asset_inventory.xlsx,read,3.53
2026-08-18 12:29:36.318212,u04,u04-laptop,sales/pipeline.xlsx,read,2.48
2026-08-18 12:30:32.445719,u01,u01-laptop,finance/expense_reports/,read,1.75
2026-08-18 12:31:00.610550,u08,u08-laptop,hr/policies/,read,1.06
2026-08-18 12:33:31.868518,u05,u05-mobile,it/asset_inventory.xlsx,read,1.69
2026-08-18 12:33:37.700052,u04,u04-laptop,sales/decks/,read,1.08
2026-08-18 12:33:50.928610,u04,u04-laptop,sales/decks/,write,2.55
2026-08-18 12:35:02.341131,u08,u08-laptop,hr/onboarding/,read,3.59
2026-08-18 12:35:20.723350,u09,u09-mobile,sales/pipeline.xlsx,download,2.37
2026-08-18 12:36:03.165425,u09,u09-mobile,sales/pipeline.xlsx,download,0.63
2026-08-18 12:36:07.025595,u05,u05-mobile,it/tickets/,read,1.43
2026-08-18 12:36:27.197981,u04,u04-laptop,sales/contracts/,write,4.09
2026-08-18 12:36:31.382233,u04,u04-laptop,sales/pipeline.xlsx,read,2.28
2026-08-18 12:37:41.403276,u04,u04-laptop,sales/contracts/,read,1.75
2026-08-18 12:38:17.782613,u09,u09-mobile,sales/pipeline.xlsx,read,1.15
2026-08-18 12:39:38.983422,u07,u07-laptop,eng/repo/backend/,write,8.2
2026-08-18 12:39:53.046224,u07,u07-laptop,eng/repo/frontend/,read,1.41
2026-08-18 12:41:23.124080,u04,u04-laptop,sales/decks/,write,1.88
2026-08-18 12:42:34.225752,u08,u08-laptop,hr/leave_records.xlsx,read,2.61
2026-08-18 12:42:39.440435,u01,u01-laptop,finance/budget_2026.xlsx,read,1.12
2026-08-18 12:43:11.183107,u07,u07-laptop,eng/design_docs/,read,3.25
2026-08-18 12:43:47.118525,u04,u04-laptop,sales/decks/,read,0.93
2026-08-18 12:46:13.377858,u14,u14-laptop,sales/contracts/,read,1.09
2026-08-18 12:46:33.744871,u01,u01-laptop,finance/vendor_invoices/,read,0.8
2026-08-18 12:47:42.393507,u04,u04-laptop,sales/pipeline.xlsx,read,3.18
2026-08-18 12:49:44.435590,u15,u15-laptop,it/asset_inventory.xlsx,read,8.35
2026-08-18 12:49:52.618796,u02,u02-laptop,eng/repo/backend/,read,8.02
2026-08-18 12:50:40.171405,u09,u09-mobile,sales/client_contracts_confidential/,read,1.11
2026-08-18 12:51:47.013044,u15,u15-laptop,it/asset_inventory.xlsx,read,1.59
2026-08-18 12:52:16.285691,u01,u01-laptop,finance/expense_reports/,read,1.63
2026-08-18 12:53:57.593207,u14,u14-laptop,sales/decks/,write,0.69
2026-08-18 12:55:29.672671,u04,u04-laptop,sales/pipeline.xlsx,read,1.6
2026-08-18 12:56:24.279800,u02,u02-laptop,eng/repo/backend/,read,1.97
2026-08-18 12:58:29.023676,u08,u08-laptop,hr/policies/,read,5.44
2026-08-18 12:59:30.859613,u08,u08-laptop,hr/policies/,read,11.65
2026-08-18 13:05:56.568194,u04,u04-laptop,sales/contracts/,read,2.51
2026-08-18 13:10:08.143613,u01,u01-laptop,finance/expense_reports/,write,1.05
2026-08-18 13:11:04.686131,u04,u04-laptop,sales/decks/,read,1.75
2026-08-18 13:12:08.972000,u15,u15-laptop,it/tickets/,read,2.58
2026-08-18 13:13:01.918936,u05,u05-mobile,it/scripts/,read,1.6
2026-08-18 13:15:29.361735,u02,u02-laptop,eng/ci_logs/,read,2.3
2026-08-18 13:17:35.262209,u09,u09-mobile,sales/client_contracts_confidential/,read,1.15
2026-08-18 13:21:16.486733,u15,u15-laptop,it/scripts/,write,3.98
2026-08-18 13:22:59.894798,u15,u15-laptop,it/scripts/,read,1.64
2026-08-18 13:23:19.420920,u02,u02-laptop,eng/design_docs/,write,3.55
2026-08-18 13:23:31.715874,u14,u14-laptop,sales/contracts/,read,0.77
2026-08-18 13:24:02.590504,u02,u02-laptop,eng/repo/backend/,read,0.95
2026-08-18 13:30:25.562197,u14,u14-laptop,sales/pipeline.xlsx,write,2.17
2026-08-18 13:31:37.657563,u02,u02-laptop,eng/ci_logs/,read,6.07
2026-08-18 13:40:25.778703,u09,u09-mobile,sales/decks/,write,0.86
2026-08-18 13:47:51.263286,u09,u09-mobile,sales/contracts/,read,0.81
2026-08-18 13:48:51.349779,u09,u09-mobile,sales/contracts/,write,1.16
2026-08-18 14:05:36.729651,u14,u14-laptop,sales/contracts/,read,0.63
2026-08-18 22:22:58.760177,u10,u10-laptop,it/scripts/,read,1.37
2026-08-18 22:54:24.860387,u10,u10-laptop,it/tickets/,read,1.44
2026-08-18 23:09:08.259811,u10,u10-laptop,it/asset_inventory.xlsx,read,1.84
2026-08-18 23:17:07.154174,u10,u10-laptop,it/asset_inventory.xlsx,read,1.38
2026-08-18 23:21:23.992025,u10,u10-laptop,it/asset_inventory.xlsx,download,5.47
2026-08-18 23:38:51.132649,u10,u10-laptop,it/asset_inventory.xlsx,write,0.81
2026-08-19 00:37:08.201782,u10,u10-laptop,it/scripts/,read,2.52
2026-08-19 01:01:11.182582,u10,u10-laptop,it/tickets/,read,1.18
2026-08-19 01:04:00.778727,u10,u10-laptop,it/asset_inventory.xlsx,read,2.04
2026-08-19 06:38:21.892942,u03,u03-laptop,hr/onboarding/,read,2.03
2026-08-19 07:31:56.337587,u03,u03-laptop,hr/leave_records.xlsx,read,1.7
2026-08-19 07:55:46.985979,u11,u11-laptop,finance/budget_2026.xlsx,read,1.23
2026-08-19 07:57:48.724376,u11,u11-laptop,finance/expense_reports/,write,1.25
2026-08-19 08:08:44.510866,u11,u11-laptop,finance/budget_2026.xlsx,read,0.93
2026-08-19 08:22:28.950391,u11,u11-laptop,finance/vendor_invoices/,read,2.51
2026-08-19 08:29:55.263234,u13,u13-mobile,hr/policies/,read,1.11
2026-08-19 08:36:46.968777,u13,u13-mobile,hr/onboarding/,write,2.93
2026-08-19 08:37:34.468660,u11,u11-laptop,finance/general_ledger.xlsx,write,1.67
2026-08-19 08:37:53.532333,u03,u03-laptop,hr/employee_records.db,read,1.46
2026-08-19 08:41:28.446462,u11,u11-laptop,finance/general_ledger.xlsx,read,1.07
2026-08-19 08:42:21.816917,u13,u13-mobile,hr/onboarding/,read,5.13
2026-08-19 08:45:19.106377,u11,u11-laptop,finance/vendor_invoices/,read,0.85
2026-08-19 08:50:16.036420,u01,u01-mobile,finance/budget_2026.xlsx,write,1.49
2026-08-19 08:54:23.594491,u01,u01-mobile,finance/general_ledger.xlsx,read,1.95
2026-08-19 08:57:13.661700,u13,u13-mobile,hr/onboarding/,write,3.83
2026-08-19 09:07:49.361096,u03,u03-laptop,hr/onboarding/,read,1.33
2026-08-19 09:08:08.657079,u11,u11-laptop,finance/budget_2026.xlsx,read,2.86
2026-08-19 09:08:51.748819,u01,u01-mobile,finance/general_ledger.xlsx,write,0.49
2026-08-19 09:09:02.708672,u03,u03-laptop,hr/leave_records.xlsx,read,0.86
2026-08-19 09:09:27.800727,u05,u05-laptop,it/tickets/,read,1.05
2026-08-19 09:09:40.164026,u11,u11-laptop,finance/general_ledger.xlsx,download,2.29
2026-08-19 09:11:42.529346,u05,u05-laptop,it/asset_inventory.xlsx,write,1.65
2026-08-19 09:12:32.142612,u03,u03-laptop,hr/policies/,read,1.07
2026-08-19 09:12:32.360900,u13,u13-mobile,hr/policies/,read,4.76
2026-08-19 09:15:20.356283,u13,u13-mobile,hr/policies/,read,1.32
2026-08-19 09:16:31.630969,u05,u05-laptop,it/asset_inventory.xlsx,write,0.64
2026-08-19 09:18:03.278312,u05,u05-laptop,it/scripts/,read,1.22
2026-08-19 09:18:16.762687,u01,u01-mobile,finance/budget_2026.xlsx,read,1.63
2026-08-19 09:23:40.188079,u06,u06-laptop,finance/general_ledger.xlsx,write,2.52
2026-08-19 09:24:57.008833,u06,u06-laptop,finance/expense_reports/,read,2.12
2026-08-19 09:25:15.851773,u06,u06-laptop,finance/general_ledger.xlsx,write,4.92
2026-08-19 09:26:00.043113,u05,u05-laptop,it/tickets/,read,2.04
2026-08-19 09:26:26.591865,u06,u06-laptop,finance/budget_2026.xlsx,read,1.84
2026-08-19 09:28:49.163110,u12,u12-laptop,eng/repo/backend/,read,0.96
2026-08-19 09:29:19.720331,u01,u01-mobile,finance/vendor_invoices/,read,3.07
2026-08-19 09:30:00.777153,u13,u13-mobile,hr/leave_records.xlsx,download,3.84
2026-08-19 09:32:42.849468,u08,u08-laptop,hr/policies/,read,5.52
2026-08-19 09:35:45.739622,u02,u02-laptop,eng/repo/backend/,read,2.39
2026-08-19 09:36:32.400214,u01,u01-mobile,finance/vendor_invoices/,read,7.09
2026-08-19 09:37:11.860996,u01,u01-mobile,finance/vendor_invoices/,write,0.46
2026-08-19 09:44:14.879008,u01,u01-mobile,finance/budget_2026.xlsx,read,2.6
2026-08-19 09:45:06.206103,u05,u05-laptop,it/tickets/,read,1.82
2026-08-19 09:45:34.975104,u05,u05-laptop,it/tickets/,read,3.61
2026-08-19 09:49:31.310906,u05,u05-laptop,it/asset_inventory.xlsx,read,0.78
2026-08-19 09:49:50.070915,u05,u05-laptop,it/asset_inventory.xlsx,read,2.21
2026-08-19 09:50:01.723415,u04,u04-laptop,sales/contracts/,read,3.48
2026-08-19 09:51:38.880593,u01,u01-mobile,finance/expense_reports/,download,1.12
2026-08-19 09:53:20.017954,u08,u08-laptop,hr/leave_records.xlsx,download,5.06
2026-08-19 09:54:29.922977,u08,u08-laptop,hr/leave_records.xlsx,write,12.47
2026-08-19 09:55:04.001221,u08,u08-laptop,hr/onboarding/,read,4.18
2026-08-19 09:57:55.197555,u06,u06-laptop,finance/general_ledger.xlsx,read,1.96
2026-08-19 10:00:35.308242,u08,u08-laptop,hr/leave_records.xlsx,read,5.0
2026-08-19 10:01:08.033815,u04,u04-laptop,sales/client_contracts_confidential/,read,2.2
2026-08-19 10:02:42.348328,u07,u07-laptop,eng/ci_logs/,write,4.03
2026-08-19 10:03:27.499438,u06,u06-laptop,finance/budget_2026.xlsx,read,2.41
2026-08-19 10:04:36.284713,u14,u14-laptop,sales/decks/,read,0.84
2026-08-19 10:04:46.536239,u14,u14-laptop,sales/decks/,read,0.8
2026-08-19 10:04:55.375286,u05,u05-laptop,it/scripts/,write,1.0
2026-08-19 10:11:47.773543,u08,u08-laptop,hr/leave_records.xlsx,read,4.2
2026-08-19 10:12:42.046938,u01,u01-mobile,finance/budget_2026.xlsx,download,1.18
2026-08-19 10:13:30.618814,u06,u06-laptop,finance/budget_2026.xlsx,read,2.19
2026-08-19 10:14:25.037088,u04,u04-laptop,sales/contracts/,read,4.49
2026-08-19 10:15:14.020100,u09,u09-mobile,sales/contracts/,download,1.41
2026-08-19 10:15:31.774533,u14,u14-laptop,sales/pipeline.xlsx,read,2.23
2026-08-19 10:17:54.022998,u02,u02-laptop,eng/design_docs/,write,3.07
2026-08-19 10:18:01.022709,u05,u05-laptop,it/scripts/,read,1.24
2026-08-19 10:18:33.031891,u11,u11-laptop,finance/general_ledger.xlsx,read,0.96
2026-08-19 10:18:59.337386,u04,u04-laptop,sales/contracts/,read,3.35
2026-08-19 10:20:27.547030,u11,u11-laptop,finance/budget_2026.xlsx,read,2.71
2026-08-19 10:22:48.484449,u03,u03-laptop,hr/policies/,read,1.79
2026-08-19 10:25:42.341893,u09,u09-mobile,sales/pipeline.xlsx,write,1.52
2026-08-19 10:26:39.168362,u09,u09-mobile,sales/pipeline.xlsx,read,1.41
2026-08-19 10:27:41.575987,u14,u14-laptop,sales/contracts/,read,3.97
2026-08-19 10:28:59.681864,u14,u14-laptop,sales/contracts/,write,0.69
2026-08-19 10:30:18.011683,u11,u11-laptop,finance/budget_2026.xlsx,read,1.84
2026-08-19 10:31:08.889806,u11,u11-laptop,finance/general_ledger.xlsx,read,1.93
2026-08-19 10:31:09.580070,u09,u09-mobile,sales/pipeline.xlsx,read,1.21
2026-08-19 10:31:28.586189,u03,u03-laptop,hr/leave_records.xlsx,read,3.13
2026-08-19 10:32:12.894343,u01,u01-mobile,finance/general_ledger.xlsx,read,0.67
2026-08-19 10:32:21.560690,u14,u14-laptop,sales/decks/,read,1.0
2026-08-19 10:33:11.730108,u09,u09-mobile,sales/pipeline.xlsx,read,2.6
2026-08-19 10:33:19.570235,u07,u07-laptop,eng/design_docs/,read,4.16
2026-08-19 10:33:35.301053,u05,u05-laptop,it/asset_inventory.xlsx,read,1.79
2026-08-19 10:36:09.911838,u14,u14-laptop,sales/decks/,read,1.58
2026-08-19 10:38:59.423452,u02,u02-laptop,eng/repo/frontend/,read,1.29
2026-08-19 10:40:00.028024,u08,u08-laptop,hr/leave_records.xlsx,write,4.61
2026-08-19 10:40:46.727416,u09,u09-mobile,sales/decks/,download,0.72
2026-08-19 10:41:38.850205,u14,u14-laptop,sales/contracts/,read,2.09
2026-08-19 10:43:22.388887,u02,u02-laptop,eng/repo/frontend/,read,4.69
2026-08-19 10:43:37.289256,u11,u11-laptop,finance/expense_reports/,read,1.92
2026-08-19 10:44:17.532167,u01,u01-mobile,finance/expense_reports/,read,0.43
2026-08-19 10:48:39.307401,u09,u09-mobile,sales/decks/,read,1.18
2026-08-19 10:48:43.762095,u09,u09-mobile,sales/decks/,write,5.51
2026-08-19 10:49:10.626522,u09,u09-mobile,sales/contracts/,read,3.07
2026-08-19 10:49:49.824765,u01,u01-mobile,finance/expense_reports/,write,1.26
2026-08-19 10:50:50.055819,u03,u03-laptop,hr/leave_records.xlsx,read,0.84
2026-08-19 10:53:16.816797,u12,u12-laptop,eng/design_docs/,read,4.15
2026-08-19 10:53:23.394550,u15,u15-laptop,it/scripts/,read,2.02
2026-08-19 10:55:21.325382,u15,u15-laptop,it/asset_inventory.xlsx,read,4.47
2026-08-19 10:55:55.294221,u02,u02-laptop,eng/repo/frontend/,read,1.77
2026-08-19 10:56:42.292906,u09,u09-mobile,sales/decks/,write,2.01
2026-08-19 10:58:58.798085,u01,u01-mobile,finance/expense_reports/,read,3.4
2026-08-19 10:59:08.128724,u09,u09-mobile,sales/contracts/,read,0.98
2026-08-19 10:59:08.331386,u09,u09-mobile,sales/pipeline.xlsx,read,2.19
2026-08-19 11:00:05.256343,u09,u09-mobile,sales/decks/,write,1.78
2026-08-19 11:01:41.735869,u09,u09-mobile,sales/pipeline.xlsx,write,1.88
2026-08-19 11:02:06.570014,u12,u12-laptop,eng/design_docs/,read,6.86
2026-08-19 11:02:11.654575,u02,u02-laptop,eng/design_docs/,download,1.21
2026-08-19 11:03:40.857518,u07,u07-laptop,eng/ci_logs/,read,9.03
2026-08-19 11:04:08.830167,u15,u15-laptop,it/tickets/,read,3.91
2026-08-19 11:04:24.610650,u07,u07-laptop,eng/repo/backend/,read,4.24
2026-08-19 11:05:07.273875,u03,u03-laptop,hr/policies/,read,1.3
2026-08-19 11:05:14.182145,u13,u13-mobile,hr/onboarding/,read,3.15
2026-08-19 11:06:28.902301,u15,u15-laptop,it/tickets/,read,3.04
2026-08-19 11:08:14.914064,u01,u01-mobile,finance/vendor_invoices/,write,3.24
2026-08-19 11:09:57.727723,u15,u15-laptop,it/tickets/,read,1.96
2026-08-19 11:10:43.027955,u13,u13-mobile,hr/policies/,download,7.6
2026-08-19 11:11:59.287990,u15,u15-laptop,it/asset_inventory.xlsx,read,6.26
2026-08-19 11:12:30.933426,u15,u15-laptop,it/tickets/,write,0.92
2026-08-19 11:13:00.308292,u04,u04-laptop,sales/pipeline.xlsx,read,10.97
2026-08-19 11:14:05.634929,u07,u07-laptop,eng/repo/backend/,read,1.81
2026-08-19 11:14:09.259697,u15,u15-laptop,it/scripts/,write,6.01
2026-08-19 11:16:20.498430,u12,u12-laptop,eng/ci_logs/,read,5.39
2026-08-19 11:17:02.948608,u13,u13-mobile,hr/onboarding/,read,3.14
2026-08-19 11:17:44.656375,u03,u03-laptop,hr/leave_records.xlsx,write,4.37
2026-08-19 11:18:23.384516,u15,u15-laptop,it/tickets/,read,8.84
2026-08-19 11:19:40.236451,u15,u15-laptop,it/asset_inventory.xlsx,write,3.74
2026-08-19 11:20:47.966146,u09,u09-mobile,sales/decks/,write,1.61
2026-08-19 11:21:21.680973,u11,u11-laptop,finance/vendor_invoices/,read,2.93
2026-08-19 11:21:34.982434,u13,u13-mobile,hr/onboarding/,read,2.69
2026-08-19 11:22:13.762701,u02,u02-laptop,eng/design_docs/,read,2.3
2026-08-19 11:22:17.862182,u15,u15-laptop,it/asset_inventory.xlsx,read,8.23
2026-08-19 11:22:27.172839,u02,u02-laptop,eng/repo/frontend/,read,3.35
2026-08-19 11:25:58.804454,u13,u13-mobile,hr/onboarding/,write,1.94
2026-08-19 11:26:37.843698,u14,u14-laptop,sales/pipeline.xlsx,read,1.06
2026-08-19 11:26:47.937095,u09,u09-mobile,sales/pipeline.xlsx,read,0.51
2026-08-19 11:27:42.258319,u15,u15-laptop,it/asset_inventory.xlsx,read,4.32
2026-08-19 11:28:05.624280,u01,u01-mobile,finance/budget_2026.xlsx,read,3.26
2026-08-19 11:28:15.266708,u13,u13-mobile,hr/policies/,read,2.4
2026-08-19 11:31:15.153539,u14,u14-laptop,sales/contracts/,write,2.03
2026-08-19 11:34:47.911579,u07,u07-laptop,eng/ci_logs/,read,4.81
2026-08-19 11:34:53.120625,u01,u01-mobile,finance/budget_2026.xlsx,read,0.81
2026-08-19 11:35:03.562943,u02,u02-laptop,eng/ci_logs/,read,2.86
2026-08-19 11:35:16.392097,u15,u15-laptop,it/scripts/,read,2.89
2026-08-19 11:35:43.146475,u15,u15-laptop,it/scripts/,read,1.73
2026-08-19 11:35:44.558283,u01,u01-mobile,finance/vendor_invoices/,write,0.68
2026-08-19 11:36:55.295869,u03,u03-laptop,hr/leave_records.xlsx,write,1.36
2026-08-19 11:36:55.739072,u02,u02-laptop,eng/repo/frontend/,write,5.37
2026-08-19 11:37:17.273400,u14,u14-laptop,sales/pipeline.xlsx,read,0.3
2026-08-19 11:37:19.102262,u09,u09-mobile,sales/contracts/,read,0.97
2026-08-19 11:37:53.257590,u15,u15-laptop,it/asset_inventory.xlsx,read,1.05
2026-08-19 11:39:12.711239,u09,u09-mobile,sales/decks/,write,1.32
2026-08-19 11:42:58.960065,u15,u15-laptop,it/tickets/,write,12.48
2026-08-19 11:43:13.671999,u09,u09-mobile,sales/pipeline.xlsx,read,1.67
2026-08-19 11:45:40.861509,u15,u15-laptop,it/tickets/,read,11.09
2026-08-19 11:47:18.915550,u15,u15-laptop,it/tickets/,download,3.34
2026-08-19 11:49:45.512608,u08,u08-laptop,hr/policies/,read,3.41
2026-08-19 11:50:31.728168,u09,u09-mobile,sales/decks/,write,3.04
2026-08-19 11:51:10.612753,u15,u15-laptop,it/asset_inventory.xlsx,read,3.06
2026-08-19 11:52:04.604685,u09,u09-mobile,sales/contracts/,read,1.69
2026-08-19 11:52:57.023157,u15,u15-laptop,it/asset_inventory.xlsx,write,2.78
2026-08-19 11:53:21.509115,u04,u04-laptop,sales/contracts/,read,3.78
2026-08-19 11:54:02.025660,u09,u09-mobile,sales/contracts/,read,0.76
2026-08-19 11:54:08.273009,u15,u15-laptop,it/tickets/,read,4.33
2026-08-19 11:55:10.615969,u07,u07-laptop,eng/repo/frontend/,read,5.72
2026-08-19 11:55:22.140749,u15,u15-laptop,it/tickets/,read,2.92
2026-08-19 11:56:53.658590,u02,u02-laptop,eng/design_docs/,write,1.35
2026-08-19 11:57:52.102354,u15,u15-laptop,it/tickets/,write,2.25
2026-08-19 11:58:16.359960,u01,u01-mobile,finance/general_ledger.xlsx,write,1.55
2026-08-19 11:58:42.520332,u12,u12-laptop,eng/repo/backend/,write,12.11
2026-08-19 11:59:43.098201,u13,u13-mobile,hr/leave_records.xlsx,read,1.13
2026-08-19 12:00:16.493571,u07,u07-laptop,eng/design_docs/,read,2.57
2026-08-19 12:00:49.493178,u15,u15-laptop,it/tickets/,read,6.78
2026-08-19 12:01:07.518324,u09,u09-mobile,sales/decks/,read,1.49
2026-08-19 12:01:12.270637,u12,u12-laptop,eng/repo/backend/,read,3.01
2026-08-19 12:01:27.300700,u12,u12-laptop,eng/repo/frontend/,write,2.32
2026-08-19 12:01:55.236246,u15,u15-laptop,it/asset_inventory.xlsx,write,2.95
2026-08-19 12:03:18.774368,u14,u14-laptop,sales/decks/,read,1.74
2026-08-19 12:04:04.003056,u15,u15-laptop,it/asset_inventory.xlsx,read,1.74
2026-08-19 12:05:06.874029,u14,u14-laptop,sales/decks/,read,1.26
2026-08-19 12:05:39.624824,u15,u15-laptop,it/asset_inventory.xlsx,write,9.52
2026-08-19 12:06:46.495472,u13,u13-mobile,hr/policies/,read,3.0
2026-08-19 12:07:04.327663,u12,u12-laptop,eng/design_docs/,download,4.0
2026-08-19 12:07:08.499901,u04,u04-laptop,sales/pipeline.xlsx,read,2.36
2026-08-19 12:08:32.822299,u07,u07-laptop,eng/design_docs/,read,2.06
2026-08-19 12:09:13.553398,u15,u15-laptop,it/scripts/,read,2.61
2026-08-19 12:09:40.639472,u15,u15-laptop,it/asset_inventory.xlsx,read,7.03
2026-08-19 12:10:17.246303,u15,u15-laptop,it/scripts/,read,2.11
2026-08-19 12:13:16.803483,u13,u13-mobile,hr/salary_bands.xlsx,read,3.3
2026-08-19 12:14:19.689195,u14,u14-laptop,sales/client_contracts_confidential/,read,2.32
2026-08-19 12:14:39.177443,u05,u05-laptop,it/asset_inventory.xlsx,read,4.92
2026-08-19 12:15:12.295151,u05,u05-laptop,it/tickets/,read,0.79
2026-08-19 12:16:25.112731,u07,u07-laptop,eng/repo/frontend/,read,3.97
2026-08-19 12:17:07.733024,u13,u13-mobile,hr/leave_records.xlsx,read,2.0
2026-08-19 12:17:53.210316,u05,u05-laptop,it/scripts/,read,1.39
2026-08-19 12:18:24.059549,u07,u07-laptop,eng/design_docs/,write,2.95
2026-08-19 12:20:08.555597,u05,u05-laptop,it/asset_inventory.xlsx,read,1.0
2026-08-19 12:20:21.414269,u04,u04-laptop,sales/pipeline.xlsx,read,2.69
2026-08-19 12:21:19.988985,u15,u15-laptop,it/tickets/,read,2.25
2026-08-19 12:26:20.359436,u04,u04-laptop,sales/pipeline.xlsx,write,1.3
2026-08-19 12:26:37.232903,u07,u07-laptop,eng/ci_logs/,read,9.38
2026-08-19 12:27:05.403649,u05,u05-laptop,it/asset_inventory.xlsx,read,1.01
2026-08-19 12:27:49.666622,u07,u07-laptop,eng/repo/backend/,read,3.37
2026-08-19 12:28:01.172926,u04,u04-laptop,sales/contracts/,write,2.35
2026-08-19 12:29:24.411500,u08,u08-laptop,hr/leave_records.xlsx,write,2.6
2026-08-19 12:30:05.098741,u14,u14-laptop,sales/contracts/,read,0.8
2026-08-19 12:32:31.120223,u09,u09-mobile,sales/decks/,read,1.92
2026-08-19 12:32:46.667318,u07,u07-laptop,eng/repo/frontend/,read,4.19
2026-08-19 12:33:04.071968,u04,u04-laptop,sales/decks/,read,3.28
2026-08-19 12:34:50.674248,u07,u07-laptop,eng/design_docs/,write,4.36
2026-08-19 12:34:55.346680,u13,u13-mobile,hr/onboarding/,read,8.19
2026-08-19 12:35:56.200403,u07,u07-laptop,eng/repo/frontend/,read,7.66
2026-08-19 12:43:42.397937,u09,u09-mobile,sales/decks/,read,2.5
2026-08-19 12:45:17.897106,u04,u04-laptop,sales/pipeline.xlsx,write,2.15
2026-08-19 12:48:22.946755,u09,u09-mobile,sales/contracts/,download,1.74
2026-08-19 12:49:02.762818,u07,u07-laptop,eng/repo/backend/,download,2.31
2026-08-19 12:49:54.074858,u07,u07-laptop,eng/repo/frontend/,read,10.73
2026-08-19 12:50:22.492961,u14,u14-laptop,sales/decks/,read,1.4
2026-08-19 12:50:31.510761,u08,u08-laptop,hr/leave_records.xlsx,read,1.19
2026-08-19 12:52:11.732747,u08,u08-laptop,hr/leave_records.xlsx,read,2.95
2026-08-19 12:53:57.924363,u08,u08-laptop,hr/onboarding/,write,4.26
2026-08-19 12:55:28.752829,u04,u04-laptop,sales/pipeline.xlsx,read,2.16
2026-08-19 12:57:12.447918,u05,u05-laptop,it/tickets/,read,1.86
2026-08-19 13:00:27.939927,u05,u05-laptop,it/asset_inventory.xlsx,read,0.87
2026-08-19 13:02:31.314163,u07,u07-laptop,eng/repo/backend/,write,3.54
2026-08-19 13:03:32.918748,u05,u05-laptop,it/tickets/,read,2.37
2026-08-19 13:04:38.720138,u05,u05-laptop,it/tickets/,read,1.32
2026-08-19 13:12:45.266437,u09,u09-mobile,sales/contracts/,read,1.93
2026-08-19 13:18:57.283120,u13,u13-mobile,hr/leave_records.xlsx,read,6.15
2026-08-19 13:20:20.555074,u05,u05-laptop,it/scripts/,read,2.06
2026-08-19 13:22:07.809274,u04,u04-laptop,sales/decks/,download,2.55
2026-08-19 13:25:32.855507,u09,u09-mobile,sales/pipeline.xlsx,read,1.33
2026-08-19 14:04:54.387930,u13,u13-mobile,hr/leave_records.xlsx,read,2.18
2026-08-19 21:00:26.770526,u10,u10-laptop,it/asset_inventory.xlsx,read,2.04
2026-08-19 21:13:08.248858,u10,u10-laptop,it/scripts/,read,1.39
2026-08-19 22:20:59.534922,u10,u10-laptop,it/scripts/,download,0.49
2026-08-19 22:25:05.043039,u10,u10-laptop,it/tickets/,write,2.81
2026-08-19 22:29:38.175792,u10,u10-laptop,it/scripts/,download,0.86
2026-08-19 22:52:23.383276,u10,u10-laptop,it/admin_credentials.vault,read,0.73
2026-08-19 23:40:54.090093,u10,u10-laptop,it/asset_inventory.xlsx,write,0.65
2026-08-19 23:43:26.392952,u10,u10-laptop,it/scripts/,download,1.91
2026-08-19 23:59:37.294833,u10,u10-laptop,it/scripts/,read,4.0
2026-08-20 00:11:41.522002,u10,u10-laptop,it/scripts/,read,1.41
2026-08-20 00:23:26.073677,u10,u10-laptop,it/scripts/,read,1.4
2026-08-20 08:00:18.451341,u03,u03-laptop,hr/leave_records.xlsx,read,1.04
2026-08-20 08:18:41.281125,u03,u03-laptop,hr/onboarding/,read,0.97
2026-08-20 08:25:48.241756,u13,u13-mobile,hr/policies/,read,1.8
2026-08-20 08:30:04.214003,u08,u08-laptop,hr/policies/,read,12.63
2026-08-20 08:30:17.652170,u08,u08-laptop,hr/leave_records.xlsx,read,4.09
2026-08-20 08:30:57.924966,u08,u08-laptop,hr/leave_records.xlsx,write,3.12
2026-08-20 08:35:20.178867,u08,u08-laptop,hr/onboarding/,read,2.4
2026-08-20 08:37:03.203585,u13,u13-mobile,hr/policies/,download,5.55
2026-08-20 08:38:58.038300,u08,u08-laptop,hr/policies/,read,4.38
2026-08-20 08:39:19.474351,u08,u08-laptop,hr/onboarding/,read,4.42
2026-08-20 08:39:57.344819,u13,u13-mobile,hr/onboarding/,download,1.3
2026-08-20 08:42:12.510166,u08,u08-laptop,hr/leave_records.xlsx,read,2.14
2026-08-20 08:42:16.165813,u13,u13-mobile,hr/onboarding/,download,0.52
2026-08-20 08:48:00.599483,u08,u08-laptop,hr/leave_records.xlsx,download,2.23
2026-08-20 08:48:12.963018,u05,u05-laptop,it/scripts/,read,2.19
2026-08-20 08:49:47.330381,u12,u12-laptop,eng/infra/terraform_state.tfstate,read,3.53
2026-08-20 08:53:58.311229,u12,u12-laptop,eng/ci_logs/,read,2.3
2026-08-20 08:54:22.921895,u15,u15-laptop,it/scripts/,download,4.66
2026-08-20 08:55:51.600475,u08,u08-laptop,hr/onboarding/,write,2.11
2026-08-20 08:56:12.715753,u15,u15-laptop,it/tickets/,read,3.55
2026-08-20 08:57:09.686535,u15,u15-laptop,it/scripts/,read,1.52
2026-08-20 09:00:16.037593,u11,u11-laptop,finance/general_ledger.xlsx,read,1.62
2026-08-20 09:00:43.282274,u13,u13-mobile,hr/policies/,read,1.78
2026-08-20 09:02:33.993016,u08,u08-laptop,hr/onboarding/,write,4.92
2026-08-20 09:02:47.628789,u15,u15-laptop,it/asset_inventory.xlsx,read,3.1
2026-08-20 09:03:30.174650,u15,u15-laptop,it/scripts/,read,4.5
2026-08-20 09:03:35.799227,u15,u15-laptop,it/asset_inventory.xlsx,read,7.68
2026-08-20 09:03:55.677530,u08,u08-laptop,hr/onboarding/,read,3.2
2026-08-20 09:05:45.082568,u03,u03-laptop,hr/policies/,read,0.84
2026-08-20 09:07:00.783659,u02,u02-laptop,eng/ci_logs/,write,2.93
2026-08-20 09:07:01.986647,u13,u13-mobile,hr/onboarding/,read,0.63
2026-08-20 09:07:22.165255,u15,u15-laptop,it/tickets/,download,2.07
2026-08-20 09:08:16.232290,u12,u12-laptop,eng/repo/backend/,read,6.55
2026-08-20 09:08:42.179571,u02,u02-laptop,eng/ci_logs/,read,4.19
2026-08-20 09:09:12.767714,u15,u15-laptop,it/tickets/,read,2.0
2026-08-20 09:09:35.215147,u03,u03-laptop,hr/leave_records.xlsx,read,0.44
2026-08-20 09:10:06.750961,u05,u05-laptop,it/scripts/,read,1.21
2026-08-20 09:10:06.754031,u15,u15-laptop,it/tickets/,read,4.2
2026-08-20 09:10:20.419705,u12,u12-laptop,eng/design_docs/,download,1.5
2026-08-20 09:13:12.952791,u07,u07-laptop,eng/design_docs/,read,1.36
2026-08-20 09:13:33.574247,u12,u12-laptop,eng/ci_logs/,read,5.23
2026-08-20 09:14:17.785499,u13,u13-mobile,hr/leave_records.xlsx,read,1.49
2026-08-20 09:16:11.830747,u15,u15-laptop,it/scripts/,download,5.6
2026-08-20 09:17:40.754776,u02,u02-laptop,eng/ci_logs/,read,3.77
2026-08-20 09:17:57.985761,u07,u07-laptop,eng/ci_logs/,read,1.42
2026-08-20 09:18:06.578496,u13,u13-mobile,hr/policies/,read,3.17
2026-08-20 09:18:18.986958,u12,u12-laptop,eng/repo/frontend/,read,5.83
2026-08-20 09:18:37.886863,u15,u15-laptop,it/scripts/,read,1.76
2026-08-20 09:19:12.722931,u08,u08-laptop,hr/onboarding/,download,2.07
2026-08-20 09:22:12.112932,u15,u15-laptop,it/scripts/,write,7.16
2026-08-20 09:26:10.194497,u12,u12-laptop,eng/repo/backend/,read,1.34
2026-08-20 09:26:29.959284,u13,u13-mobile,hr/leave_records.xlsx,read,4.74
2026-08-20 09:26:45.667395,u13,u13-mobile,hr/onboarding/,read,2.08
2026-08-20 09:26:54.148511,u15,u15-laptop,it/asset_inventory.xlsx,read,9.72
2026-08-20 09:26:58.945626,u15,u15-laptop,it/asset_inventory.xlsx,write,3.92
2026-08-20 09:28:08.513512,u15,u15-laptop,it/tickets/,read,3.12
2026-08-20 09:28:20.388285,u08,u08-laptop,hr/policies/,read,6.52
2026-08-20 09:29:34.416177,u05,u05-laptop,it/asset_inventory.xlsx,read,1.32
2026-08-20 09:30:13.195338,u15,u15-laptop,it/asset_inventory.xlsx,read,6.03
2026-08-20 09:30:24.194772,u15,u15-laptop,it/scripts/,read,2.1
2026-08-20 09:31:31.841092,u05,u05-laptop,it/asset_inventory.xlsx,download,0.85
2026-08-20 09:32:03.879989,u13,u13-mobile,hr/policies/,download,1.38
2026-08-20 09:32:19.390341,u07,u07-laptop,eng/design_docs/,read,10.66
2026-08-20 09:32:34.511017,u15,u15-laptop,it/asset_inventory.xlsx,read,5.78
2026-08-20 09:34:15.735785,u02,u02-laptop,eng/ci_logs/,download,4.6
2026-08-20 09:34:36.433034,u13,u13-mobile,hr/onboarding/,read,3.31
2026-08-20 09:34:44.708135,u15,u15-laptop,it/asset_inventory.xlsx,read,4.67
2026-08-20 09:37:35.403821,u13,u13-mobile,hr/onboarding/,read,0.52
2026-08-20 09:39:17.184003,u02,u02-laptop,eng/repo/frontend/,read,0.97
2026-08-20 09:41:16.096987,u15,u15-laptop,it/scripts/,write,5.57
2026-08-20 09:41:39.414951,u13,u13-mobile,hr/policies/,write,7.13
2026-08-20 09:41:52.830208,u12,u12-laptop,eng/design_docs/,read,2.07
2026-08-20 09:42:10.965878,u15,u15-laptop,it/tickets/,read,4.19
2026-08-20 09:42:22.448293,u02,u02-laptop,eng/ci_logs/,read,3.26
2026-08-20 09:42:27.616524,u15,u15-laptop,it/tickets/,read,5.07
2026-08-20 09:45:54.763841,u15,u15-laptop,it/tickets/,read,4.2
2026-08-20 09:46:11.535146,u15,u15-laptop,it/tickets/,read,8.94
2026-08-20 09:46:37.886822,u15,u15-laptop,it/scripts/,read,3.32
2026-08-20 09:47:43.802220,u15,u15-laptop,it/asset_inventory.xlsx,read,2.07
2026-08-20 09:50:32.813456,u15,u15-laptop,it/asset_inventory.xlsx,read,2.97
2026-08-20 09:52:04.329453,u15,u15-laptop,it/tickets/,read,2.22
2026-08-20 09:52:09.132874,u08,u08-laptop,hr/policies/,download,5.41
2026-08-20 09:52:55.761657,u12,u12-laptop,eng/repo/backend/,read,2.75
2026-08-20 09:54:48.298630,u15,u15-laptop,it/tickets/,read,6.08
2026-08-20 09:56:42.104800,u03,u03-laptop,hr/leave_records.xlsx,read,0.57
2026-08-20 09:58:04.470050,u15,u15-laptop,it/scripts/,read,4.27
2026-08-20 09:58:07.668518,u15,u15-laptop,it/admin_credentials.vault,read,0.61
2026-08-20 10:00:56.735293,u15,u15-laptop,it/tickets/,read,6.18
2026-08-20 10:00:59.734331,u15,u15-laptop,it/scripts/,read,3.34
2026-08-20 10:01:35.306779,u02,u02-laptop,eng/ci_logs/,write,3.19
2026-08-20 10:01:36.845350,u15,u15-laptop,it/tickets/,read,4.55
2026-08-20 10:01:59.711998,u13,u13-mobile,hr/onboarding/,read,5.51
2026-08-20 10:02:19.579839,u04,u04-laptop,sales/pipeline.xlsx,read,3.64
2026-08-20 10:03:06.357679,u04,u04-laptop,sales/pipeline.xlsx,read,3.86
2026-08-20 10:08:44.734050,u04,u04-laptop,sales/pipeline.xlsx,write,3.05
2026-08-20 10:09:29.149122,u13,u13-mobile,hr/onboarding/,read,2.28
2026-08-20 10:10:23.622400,u05,u05-laptop,it/scripts/,write,0.47
2026-08-20 10:10:53.419359,u15,u15-laptop,it/scripts/,read,5.02
2026-08-20 10:11:14.657231,u15,u15-laptop,it/tickets/,read,1.46
2026-08-20 10:13:36.979123,u15,u15-laptop,it/tickets/,read,5.54
2026-08-20 10:13:49.498346,u05,u05-laptop,it/tickets/,write,2.13
2026-08-20 10:16:03.867530,u04,u04-laptop,sales/decks/,read,4.65
2026-08-20 10:16:27.533769,u15,u15-laptop,it/scripts/,read,6.0
2026-08-20 10:17:58.666926,u11,u11-laptop,finance/budget_2026.xlsx,write,2.8
2026-08-20 10:18:13.068250,u06,u06-laptop,finance/budget_2026.xlsx,download,3.36
2026-08-20 10:18:35.721890,u04,u04-laptop,sales/pipeline.xlsx,read,8.06
2026-08-20 10:19:46.738567,u11,u11-laptop,finance/vendor_invoices/,write,1.65
2026-08-20 10:20:38.188834,u06,u06-laptop,finance/vendor_invoices/,write,3.25
2026-08-20 10:20:40.369643,u11,u11-laptop,finance/expense_reports/,read,0.67
2026-08-20 10:21:00.968541,u04,u04-laptop,sales/pipeline.xlsx,read,3.14
2026-08-20 10:23:29.096407,u11,u11-laptop,finance/vendor_invoices/,read,2.17
2026-08-20 10:25:03.970318,u14,u14-laptop,sales/pipeline.xlsx,read,1.22
2026-08-20 10:25:37.995927,u13,u13-mobile,hr/leave_records.xlsx,write,1.25
2026-08-20 10:26:05.630841,u09,u09-mobile,sales/decks/,download,5.97
2026-08-20 10:29:14.532258,u04,u04-laptop,sales/decks/,read,2.33
2026-08-20 10:29:23.590077,u01,u01-laptop,finance/expense_reports/,read,1.69
2026-08-20 10:29:31.065751,u06,u06-laptop,finance/vendor_invoices/,read,2.98
2026-08-20 10:29:41.979583,u04,u04-laptop,sales/contracts/,read,3.72
2026-08-20 10:30:30.208255,u14,u14-laptop,sales/pipeline.xlsx,read,1.4
2026-08-20 10:30:34.622526,u04,u04-laptop,sales/pipeline.xlsx,read,2.98
2026-08-20 10:34:32.370143,u04,u04-laptop,sales/pipeline.xlsx,read,1.59
2026-08-20 10:34:49.438313,u04,u04-laptop,sales/contracts/,download,4.61
2026-08-20 10:35:30.491489,u14,u14-laptop,sales/contracts/,read,2.04
2026-08-20 10:36:19.923559,u04,u04-laptop,sales/contracts/,read,6.49
2026-08-20 10:36:30.541403,u04,u04-laptop,sales/decks/,read,10.75
2026-08-20 10:39:16.117041,u04,u04-laptop,sales/decks/,download,3.71
2026-08-20 10:39:28.888265,u04,u04-laptop,sales/pipeline.xlsx,read,5.41
2026-08-20 10:39:50.544098,u09,u09-mobile,sales/contracts/,read,1.33
2026-08-20 10:40:19.467425,u01,u01-laptop,finance/general_ledger.xlsx,read,0.83
2026-08-20 10:40:38.259641,u04,u04-laptop,sales/pipeline.xlsx,write,1.41
2026-08-20 10:41:19.463649,u04,u04-laptop,sales/contracts/,read,5.3
2026-08-20 10:42:25.344009,u06,u06-laptop,finance/general_ledger.xlsx,write,3.77
2026-08-20 10:42:48.986482,u06,u06-laptop,finance/expense_reports/,write,7.35
2026-08-20 10:44:06.628392,u14,u14-laptop,sales/pipeline.xlsx,write,1.48
2026-08-20 10:44:34.653825,u04,u04-laptop,sales/decks/,read,2.37
2026-08-20 10:45:48.040058,u04,u04-laptop,sales/pipeline.xlsx,read,3.44
2026-08-20 10:46:17.679630,u14,u14-laptop,sales/decks/,read,0.9
2026-08-20 10:47:45.831974,u04,u04-laptop,sales/contracts/,download,2.91
2026-08-20 10:48:18.391118,u04,u04-laptop,sales/pipeline.xlsx,download,11.27
2026-08-20 10:48:41.189553,u01,u01-laptop,finance/general_ledger.xlsx,read,0.75
2026-08-20 10:49:02.765309,u06,u06-laptop,finance/expense_reports/,read,3.92
2026-08-20 10:49:28.935021,u01,u01-laptop,finance/vendor_invoices/,download,1.41
2026-08-20 10:50:06.881452,u08,u08-laptop,hr/policies/,read,11.95
2026-08-20 10:50:43.276276,u11,u11-laptop,finance/expense_reports/,download,1.71
2026-08-20 10:51:41.219383,u06,u06-laptop,finance/general_ledger.xlsx,download,1.63
2026-08-20 10:52:12.037611,u11,u11-laptop,finance/expense_reports/,read,0.71
2026-08-20 10:52:18.155633,u06,u06-laptop,finance/vendor_invoices/,write,3.27
2026-08-20 10:52:35.832809,u01,u01-laptop,finance/expense_reports/,read,0.99
2026-08-20 10:52:41.909357,u04,u04-laptop,sales/contracts/,write,2.23
2026-08-20 10:53:03.858567,u08,u08-laptop,hr/onboarding/,read,4.54
2026-08-20 10:53:06.709126,u01,u01-laptop,finance/general_ledger.xlsx,read,2.57
2026-08-20 10:53:12.580014,u04,u04-laptop,sales/contracts/,read,0.56
2026-08-20 10:55:04.471506,u06,u06-laptop,finance/general_ledger.xlsx,read,3.52
2026-08-20 10:55:31.668024,u09,u09-mobile,sales/contracts/,read,1.82
2026-08-20 10:55:48.295516,u05,u05-laptop,it/tickets/,read,2.34
2026-08-20 10:56:02.982368,u13,u13-mobile,hr/onboarding/,read,0.75
2026-08-20 10:56:37.948082,u09,u09-mobile,sales/decks/,read,6.88
2026-08-20 10:56:39.077197,u04,u04-laptop,sales/contracts/,read,1.81
2026-08-20 10:57:07.332149,u05,u05-laptop,it/asset_inventory.xlsx,read,0.9
2026-08-20 10:57:25.121730,u04,u04-laptop,sales/pipeline.xlsx,read,3.32
2026-08-20 10:57:26.968208,u04,u04-laptop,sales/contracts/,read,20.46
2026-08-20 10:58:07.472793,u01,u01-laptop,finance/budget_2026.xlsx,write,3.97
2026-08-20 10:58:13.020631,u14,u14-laptop,sales/decks/,read,1.15
2026-08-20 10:58:53.034146,u11,u11-laptop,finance/expense_reports/,read,1.12
2026-08-20 10:59:32.707774,u01,u01-laptop,finance/budget_2026.xlsx,read,0.61
2026-08-20 11:01:24.878604,u06,u06-laptop,finance/general_ledger.xlsx,write,2.68
2026-08-20 11:03:22.040533,u09,u09-mobile,sales/decks/,read,1.42
2026-08-20 11:04:38.906514,u04,u04-laptop,sales/contracts/,read,2.91
2026-08-20 11:07:49.272925,u09,u09-mobile,sales/contracts/,read,1.1
2026-08-20 11:07:54.563266,u09,u09-mobile,sales/contracts/,read,3.51
2026-08-20 11:08:42.298743,u04,u04-laptop,sales/decks/,download,4.99
2026-08-20 11:09:21.978637,u05,u05-laptop,it/scripts/,read,0.81
2026-08-20 11:10:18.237524,u01,u01-laptop,finance/vendor_invoices/,read,1.45
2026-08-20 11:10:46.699151,u09,u09-mobile,sales/contracts/,read,5.64
2026-08-20 11:11:00.850506,u04,u04-laptop,sales/contracts/,read,3.63
2026-08-20 11:11:03.060128,u09,u09-mobile,sales/decks/,read,1.29
2026-08-20 11:11:21.924081,u12,u12-laptop,eng/repo/backend/,download,1.84
2026-08-20 11:11:34.553365,u01,u01-laptop,finance/expense_reports/,write,1.29
2026-08-20 11:11:39.965422,u09,u09-mobile,sales/contracts/,read,0.33
2026-08-20 11:12:32.773353,u14,u14-laptop,sales/decks/,read,2.88
2026-08-20 11:12:37.697158,u01,u01-laptop,finance/vendor_invoices/,download,4.92
2026-08-20 11:13:40.309547,u07,u07-laptop,eng/design_docs/,read,6.88
2026-08-20 11:14:03.756870,u03,u03-laptop,hr/onboarding/,read,1.86
2026-08-20 11:14:33.388092,u03,u03-laptop,hr/onboarding/,read,4.1
2026-08-20 11:14:46.244476,u06,u06-laptop,finance/vendor_invoices/,write,5.05
2026-08-20 11:14:52.203532,u05,u05-laptop,it/asset_inventory.xlsx,read,4.04
2026-08-20 11:15:06.754197,u14,u14-laptop,sales/pipeline.xlsx,read,0.58
2026-08-20 11:15:48.306653,u04,u04-laptop,sales/contracts/,download,5.5
2026-08-20 11:15:59.207381,u05,u05-laptop,it/tickets/,download,1.74
2026-08-20 11:16:42.481282,u04,u04-laptop,sales/decks/,write,6.09
2026-08-20 11:18:10.798831,u01,u01-laptop,finance/expense_reports/,download,2.75
2026-08-20 11:18:12.763308,u09,u09-mobile,sales/decks/,read,1.8
2026-08-20 11:18:58.443089,u01,u01-laptop,finance/general_ledger.xlsx,read,1.69
2026-08-20 11:20:51.027777,u06,u06-laptop,finance/budget_2026.xlsx,read,5.69
2026-08-20 11:21:46.024086,u14,u14-laptop,sales/pipeline.xlsx,read,1.44
2026-08-20 11:22:00.834514,u09,u09-mobile,sales/decks/,read,0.57
2026-08-20 11:22:17.870032,u03,u03-laptop,hr/onboarding/,read,3.12
2026-08-20 11:22:51.969740,u01,u01-laptop,finance/budget_2026.xlsx,read,0.14
2026-08-20 11:24:13.531536,u11,u11-laptop,finance/general_ledger.xlsx,read,2.07
2026-08-20 11:24:52.049665,u11,u11-laptop,finance/expense_reports/,read,4.23
2026-08-20 11:25:12.660344,u08,u08-laptop,hr/onboarding/,read,4.8
2026-08-20 11:26:47.618932,u01,u01-laptop,finance/budget_2026.xlsx,write,5.11
2026-08-20 11:27:28.560717,u11,u11-laptop,finance/expense_reports/,read,2.73
2026-08-20 11:27:46.596088,u13,u13-mobile,hr/onboarding/,read,10.06
2026-08-20 11:28:37.135781,u09,u09-mobile,sales/pipeline.xlsx,read,2.7
2026-08-20 11:29:40.347045,u01,u01-laptop,finance/vendor_invoices/,read,1.35
2026-08-20 11:32:08.918102,u13,u13-mobile,hr/onboarding/,write,1.22
2026-08-20 11:32:49.667740,u02,u02-laptop,eng/repo/frontend/,read,2.45
2026-08-20 11:32:59.898026,u13,u13-mobile,hr/leave_records.xlsx,read,2.33
2026-08-20 11:34:10.270735,u01,u01-laptop,finance/expense_reports/,download,0.89
2026-08-20 11:34:44.803949,u12,u12-laptop,eng/repo/backend/,read,10.26
2026-08-20 11:34:48.885709,u07,u07-laptop,eng/ci_logs/,read,2.91
2026-08-20 11:35:05.570220,u07,u07-laptop,eng/ci_logs/,read,0.67
2026-08-20 11:36:23.064157,u09,u09-mobile,sales/decks/,read,2.36
2026-08-20 11:38:08.235386,u02,u02-laptop,eng/ci_logs/,read,3.37
2026-08-20 11:39:09.806788,u01,u01-laptop,finance/budget_2026.xlsx,write,1.31
2026-08-20 11:39:44.625862,u14,u14-laptop,sales/pipeline.xlsx,read,1.54
2026-08-20 11:40:06.348081,u02,u02-laptop,eng/ci_logs/,write,1.06
2026-08-20 11:40:35.004276,u01,u01-laptop,finance/general_ledger.xlsx,read,0.65
2026-08-20 11:41:15.510259,u01,u01-laptop,finance/budget_2026.xlsx,write,1.65
2026-08-20 11:41:22.600417,u05,u05-laptop,it/tickets/,download,1.95
2026-08-20 11:41:26.081443,u08,u08-laptop,hr/policies/,read,0.76
2026-08-20 11:41:44.953490,u03,u03-laptop,hr/onboarding/,write,1.39
2026-08-20 11:41:54.401728,u07,u07-laptop,eng/ci_logs/,read,3.59
2026-08-20 11:41:55.467502,u07,u07-laptop,eng/ci_logs/,read,6.23
2026-08-20 11:42:11.715183,u05,u05-laptop,it/asset_inventory.xlsx,read,2.04
2026-08-20 11:42:27.939148,u01,u01-laptop,finance/general_ledger.xlsx,write,1.6
2026-08-20 11:43:13.620265,u07,u07-laptop,eng/repo/backend/,read,8.0
2026-08-20 11:44:39.977314,u14,u14-laptop,sales/decks/,read,0.67
2026-08-20 11:45:59.469357,u13,u13-mobile,hr/salary_bands.xlsx,read,3.78
2026-08-20 11:47:06.926452,u07,u07-laptop,eng/design_docs/,read,1.24
2026-08-20 11:47:13.160712,u05,u05-laptop,it/asset_inventory.xlsx,write,1.02
2026-08-20 11:47:15.850335,u01,u01-laptop,finance/general_ledger.xlsx,write,3.48
2026-08-20 11:47:50.548196,u01,u01-laptop,finance/expense_reports/,read,1.59
2026-08-20 11:47:55.201703,u02,u02-laptop,eng/design_docs/,read,8.33
2026-08-20 11:48:04.823084,u03,u03-laptop,hr/leave_records.xlsx,download,1.34
2026-08-20 11:48:55.749902,u07,u07-laptop,eng/repo/backend/,download,5.28
2026-08-20 11:49:46.149864,u02,u02-laptop,eng/repo/backend/,write,2.62
2026-08-20 11:50:02.442286,u14,u14-laptop,sales/contracts/,read,0.96
2026-08-20 11:52:10.055725,u01,u01-laptop,finance/vendor_invoices/,read,1.4
2026-08-20 11:52:45.786542,u03,u03-laptop,hr/onboarding/,read,1.38
2026-08-20 11:55:51.950902,u05,u05-laptop,it/scripts/,write,0.4
2026-08-20 11:56:28.076002,u05,u05-laptop,it/tickets/,write,0.52
2026-08-20 11:58:56.337147,u08,u08-laptop,hr/leave_records.xlsx,read,2.34
2026-08-20 12:01:23.151254,u11,u11-laptop,finance/budget_2026.xlsx,read,2.15
2026-08-20 12:01:59.179663,u08,u08-laptop,hr/policies/,read,0.69
2026-08-20 12:02:32.983071,u08,u08-laptop,hr/leave_records.xlsx,write,2.8
2026-08-20 12:03:53.542376,u02,u02-laptop,eng/repo/frontend/,read,3.03
2026-08-20 12:04:36.759705,u05,u05-laptop,it/asset_inventory.xlsx,write,5.0
2026-08-20 12:04:47.706869,u01,u01-laptop,finance/expense_reports/,read,0.95
2026-08-20 12:05:32.612914,u01,u01-laptop,finance/expense_reports/,read,1.17
2026-08-20 12:06:59.491369,u02,u02-laptop,eng/ci_logs/,write,3.09
2026-08-20 12:07:25.159916,u05,u05-laptop,it/asset_inventory.xlsx,read,0.99
2026-08-20 12:11:22.728701,u05,u05-laptop,it/scripts/,read,2.65
2026-08-20 12:13:15.350248,u07,u07-laptop,eng/repo/backend/,write,1.3
2026-08-20 12:14:17.325287,u13,u13-mobile,hr/leave_records.xlsx,read,1.08
2026-08-20 12:15:59.373651,u01,u01-laptop,finance/vendor_invoices/,read,1.39
2026-08-20 12:17:38.742890,u11,u11-laptop,finance/expense_reports/,read,2.12
2026-08-20 12:21:44.425312,u07,u07-laptop,eng/ci_logs/,read,3.47
2026-08-20 12:24:40.063198,u11,u11-laptop,finance/general_ledger.xlsx,read,3.67
2026-08-20 12:26:21.250548,u07,u07-laptop,eng/repo/frontend/,download,4.06
2026-08-20 12:27:17.255986,u07,u07-laptop,eng/design_docs/,write,1.57
2026-08-20 12:27:51.684796,u14,u14-laptop,sales/pipeline.xlsx,read,1.06
2026-08-20 12:29:43.019855,u07,u07-laptop,eng/prod_credentials.env,write,2.4
2026-08-20 12:32:05.555165,u14,u14-laptop,sales/contracts/,read,0.3
2026-08-20 12:33:10.909670,u07,u07-laptop,eng/design_docs/,download,3.78
2026-08-20 12:33:42.606989,u05,u05-laptop,it/asset_inventory.xlsx,read,0.87
2026-08-20 12:35:06.467194,u05,u05-laptop,it/tickets/,read,3.76
2026-08-20 12:40:06.784661,u11,u11-laptop,finance/expense_reports/,read,1.18
2026-08-20 12:40:12.029970,u07,u07-laptop,eng/repo/frontend/,read,6.09
2026-08-20 12:40:29.602475,u14,u14-laptop,sales/contracts/,read,1.38
2026-08-20 12:41:47.002012,u03,u03-laptop,hr/policies/,read,0.8
2026-08-20 12:44:30.771280,u07,u07-laptop,eng/ci_logs/,read,2.78
2026-08-20 12:46:51.770630,u07,u07-laptop,eng/ci_logs/,read,4.28
2026-08-20 12:48:51.839006,u05,u05-laptop,it/tickets/,download,0.98
2026-08-20 12:55:50.111167,u07,u07-laptop,eng/repo/frontend/,write,3.61
2026-08-20 13:00:26.171855,u11,u11-laptop,finance/budget_2026.xlsx,read,1.6
2026-08-20 13:04:25.244712,u03,u03-laptop,hr/onboarding/,read,2.1
2026-08-20 13:10:42.984390,u05,u05-laptop,it/scripts/,read,0.8
2026-08-20 13:17:31.620599,u12,u12-laptop,eng/repo/frontend/,read,1.63
2026-08-20 13:39:49.954265,u03,u03-laptop,hr/leave_records.xlsx,download,2.72
2026-08-20 13:52:03.363417,u12,u12-laptop,eng/ci_logs/,read,4.27
2026-08-20 14:09:53.466125,u03,u03-laptop,hr/onboarding/,download,0.82
2026-08-20 22:14:22.945715,u10,u10-laptop,it/scripts/,write,1.47
2026-08-20 22:27:49.314622,u10,u10-laptop,it/asset_inventory.xlsx,read,1.14
2026-08-20 22:30:46.942222,u10,u10-laptop,it/scripts/,read,4.27
2026-08-20 22:40:17.839850,u10,u10-laptop,it/asset_inventory.xlsx,read,2.07
2026-08-20 22:56:35.537596,u10,u10-laptop,it/scripts/,read,1.2
2026-08-20 22:56:45.777226,u10,u10-laptop,it/asset_inventory.xlsx,read,2.83
2026-08-20 22:56:55.840535,u10,u10-laptop,it/scripts/,read,0.78
2026-08-20 23:31:14.073319,u10,u10-laptop,it/scripts/,write,1.0
2026-08-20 23:33:02.402259,u10,u10-laptop,it/asset_inventory.xlsx,read,1.9
2026-08-21 00:49:06.417966,u10,u10-laptop,it/asset_inventory.xlsx,read,1.57
2026-08-21 01:02:55.194475,u10,u10-laptop,it/scripts/,read,1.67
2026-08-21 01:19:13.028349,u10,u10-laptop,it/scripts/,read,2.01
2026-08-21 01:39:06.700226,u10,u10-laptop,it/tickets/,read,6.15
2026-08-21 01:50:37.535252,u10,u10-laptop,it/asset_inventory.xlsx,read,1.31
2026-08-21 02:07:22.818575,u10,u10-laptop,it/scripts/,read,4.65
2026-08-21 06:37:48.681848,u11,u11-laptop,finance/general_ledger.xlsx,download,1.59
2026-08-21 07:11:48.415608,u11,u11-laptop,finance/general_ledger.xlsx,write,1.96
2026-08-21 07:11:52.075059,u11,u11-laptop,finance/budget_2026.xlsx,read,1.4
2026-08-21 07:33:12.995863,u11,u11-laptop,finance/vendor_invoices/,read,2.76
2026-08-21 07:33:40.224874,u11,u11-laptop,finance/budget_2026.xlsx,read,5.92
2026-08-21 07:36:28.045585,u11,u11-laptop,finance/vendor_invoices/,write,3.63
2026-08-21 08:32:17.253342,u11,u11-laptop,finance/budget_2026.xlsx,write,1.78
2026-08-21 08:34:29.274760,u11,u11-laptop,finance/general_ledger.xlsx,read,0.39
2026-08-21 08:44:38.146718,u08,u08-laptop,hr/onboarding/,read,3.65
2026-08-21 08:46:07.333390,u11,u11-laptop,finance/general_ledger.xlsx,read,2.48
2026-08-21 08:53:02.033239,u08,u08-laptop,hr/onboarding/,read,8.42
2026-08-21 08:58:38.911222,u11,u11-laptop,finance/general_ledger.xlsx,read,3.35
2026-08-21 09:03:50.908834,u08,u08-laptop,hr/policies/,read,7.23
2026-08-21 09:04:00.692793,u08,u08-laptop,hr/leave_records.xlsx,write,1.41
2026-08-21 09:05:52.759786,u12,u12-laptop,eng/design_docs/,read,3.26
2026-08-21 09:06:02.663055,u12,u12-laptop,eng/ci_logs/,write,0.92
2026-08-21 09:09:32.937707,u08,u08-laptop,hr/policies/,write,5.85
2026-08-21 09:13:18.219030,u08,u08-laptop,hr/onboarding/,write,1.02
2026-08-21 09:22:19.586117,u02,u02-laptop,eng/design_docs/,read,4.57
2026-08-21 09:22:38.398070,u06,u06-laptop,finance/budget_2026.xlsx,download,3.79
2026-08-21 09:24:29.040196,u08,u08-laptop,hr/leave_records.xlsx,read,2.86
2026-08-21 09:25:18.407738,u02,u02-laptop,eng/ci_logs/,read,6.03
2026-08-21 09:29:46.193552,u11,u11-laptop,finance/vendor_invoices/,read,0.89
2026-08-21 09:29:51.930268,u11,u11-laptop,finance/vendor_invoices/,read,1.4
2026-08-21 09:31:08.909371,u06,u06-laptop,finance/budget_2026.xlsx,read,1.26
2026-08-21 09:39:06.375847,u12,u12-laptop,eng/design_docs/,read,4.58
2026-08-21 09:39:50.561742,u08,u08-laptop,hr/leave_records.xlsx,read,0.82
2026-08-21 09:40:24.525079,u12,u12-laptop,eng/ci_logs/,read,3.23
2026-08-21 09:40:55.999725,u15,u15-laptop,it/tickets/,read,5.52
2026-08-21 09:43:13.709680,u15,u15-laptop,it/tickets/,read,5.52
2026-08-21 09:45:28.556184,u08,u08-laptop,hr/policies/,read,6.32
2026-08-21 09:50:14.126355,u02,u02-laptop,eng/ci_logs/,write,4.21
2026-08-21 09:50:15.658315,u08,u08-laptop,hr/onboarding/,read,3.53
2026-08-21 09:50:38.225231,u15,u15-laptop,it/tickets/,write,7.8
2026-08-21 09:50:41.469930,u14,u14-laptop,sales/pipeline.xlsx,read,1.9
2026-08-21 09:53:26.722553,u12,u12-laptop,eng/design_docs/,read,3.69
2026-08-21 09:53:38.455726,u12,u12-laptop,eng/repo/backend/,read,3.41
2026-08-21 09:54:18.407746,u11,u11-laptop,finance/general_ledger.xlsx,write,0.82
2026-08-21 09:54:52.576258,u08,u08-laptop,hr/leave_records.xlsx,read,5.5
2026-08-21 09:55:47.289375,u11,u11-laptop,finance/expense_reports/,read,3.09
2026-08-21 09:56:12.566633,u08,u08-laptop,hr/onboarding/,read,2.74
2026-08-21 09:56:33.297955,u14,u14-laptop,sales/contracts/,read,1.08
2026-08-21 09:56:48.589326,u14,u14-laptop,sales/decks/,read,1.66
2026-08-21 09:58:58.744298,u11,u11-laptop,finance/budget_2026.xlsx,read,2.53
2026-08-21 10:01:54.336371,u12,u12-laptop,eng/repo/frontend/,read,2.8
2026-08-21 10:01:55.874998,u08,u08-laptop,hr/leave_records.xlsx,read,3.06
2026-08-21 10:03:44.161822,u02,u02-laptop,eng/ci_logs/,read,1.18
2026-08-21 10:03:47.988676,u02,u02-laptop,eng/ci_logs/,read,5.72
2026-08-21 10:07:04.451594,u11,u11-laptop,finance/budget_2026.xlsx,download,1.01
2026-08-21 10:09:02.268341,u12,u12-laptop,eng/repo/frontend/,read,2.77
2026-08-21 10:10:03.107526,u08,u08-laptop,hr/onboarding/,read,1.92
2026-08-21 10:10:52.486352,u05,u05-laptop,it/tickets/,read,1.31
2026-08-21 10:11:51.180861,u05,u05-laptop,it/scripts/,write,2.57
2026-08-21 10:12:06.620601,u14,u14-laptop,sales/contracts/,read,0.61
2026-08-21 10:12:13.220811,u12,u12-laptop,eng/repo/backend/,read,1.78
2026-08-21 10:12:43.870762,u08,u08-laptop,hr/onboarding/,read,2.63
2026-08-21 10:13:53.836376,u11,u11-laptop,finance/expense_reports/,download,1.06
2026-08-21 10:16:30.852976,u12,u12-laptop,eng/repo/backend/,read,5.7
2026-08-21 10:16:45.795693,u08,u08-laptop,hr/leave_records.xlsx,read,4.14
2026-08-21 10:17:47.013309,u06,u06-laptop,finance/general_ledger.xlsx,read,7.06
2026-08-21 10:18:25.559325,u08,u08-laptop,hr/policies/,read,1.81
2026-08-21 10:18:26.253274,u15,u15-laptop,it/scripts/,read,1.59
2026-08-21 10:20:34.508816,u01,u01-laptop,finance/general_ledger.xlsx,read,0.88
2026-08-21 10:21:09.124711,u05,u05-laptop,it/scripts/,read,0.6
2026-08-21 10:21:54.027333,u14,u14-laptop,sales/pipeline.xlsx,write,1.45
2026-08-21 10:22:37.141767,u14,u14-laptop,sales/pipeline.xlsx,write,3.39
2026-08-21 10:23:12.718464,u08,u08-laptop,hr/policies/,read,4.86
2026-08-21 10:23:49.952131,u14,u14-laptop,sales/pipeline.xlsx,read,1.74
2026-08-21 10:26:15.238654,u12,u12-laptop,eng/ci_logs/,write,5.87
2026-08-21 10:27:01.004992,u14,u14-laptop,sales/decks/,read,0.65
2026-08-21 10:28:09.834879,u14,u14-laptop,sales/contracts/,read,1.77
2026-08-21 10:29:01.832992,u14,u14-laptop,sales/decks/,write,0.56
2026-08-21 10:30:19.262561,u02,u02-laptop,eng/design_docs/,write,1.52
2026-08-21 10:31:53.540830,u14,u14-laptop,sales/contracts/,read,1.56
2026-08-21 10:32:35.248174,u02,u02-laptop,eng/repo/backend/,write,1.35
2026-08-21 10:32:48.648623,u12,u12-laptop,eng/ci_logs/,read,1.77
2026-08-21 10:33:41.597399,u14,u14-laptop,sales/decks/,read,2.89
2026-08-21 10:34:50.467881,u08,u08-laptop,hr/onboarding/,read,7.49
2026-08-21 10:36:49.479407,u08,u08-laptop,hr/salary_bands.xlsx,read,1.96
2026-08-21 10:38:42.313355,u08,u08-laptop,hr/leave_records.xlsx,read,5.93
2026-08-21 10:40:44.783539,u14,u14-laptop,sales/contracts/,read,1.02
2026-08-21 10:42:15.599422,u08,u08-laptop,hr/policies/,read,11.2
2026-08-21 10:43:26.898660,u01,u01-laptop,finance/budget_2026.xlsx,write,0.42
2026-08-21 10:44:18.019774,u03,u03-laptop,hr/policies/,read,1.65
2026-08-21 10:45:04.491203,u08,u08-laptop,hr/leave_records.xlsx,read,0.45
2026-08-21 10:47:00.075834,u05,u05-laptop,it/scripts/,read,1.04
2026-08-21 10:47:13.129446,u08,u08-laptop,hr/onboarding/,read,2.01
2026-08-21 10:49:58.136364,u08,u08-laptop,hr/leave_records.xlsx,download,3.38
2026-08-21 10:50:09.966018,u03,u03-laptop,hr/policies/,read,0.98
2026-08-21 10:50:14.978542,u14,u14-laptop,sales/contracts/,write,0.97
2026-08-21 10:50:18.954557,u02,u02-laptop,eng/repo/frontend/,read,1.18
2026-08-21 10:52:51.415862,u14,u14-laptop,sales/pipeline.xlsx,read,1.61
2026-08-21 10:53:46.255064,u15,u15-laptop,it/asset_inventory.xlsx,read,2.83
2026-08-21 10:54:05.049907,u08,u08-laptop,hr/onboarding/,download,4.58
2026-08-21 10:55:00.890834,u06,u06-laptop,finance/expense_reports/,write,1.39
2026-08-21 10:56:18.636565,u08,u08-laptop,hr/leave_records.xlsx,read,2.99
2026-08-21 10:56:18.705651,u14,u14-laptop,sales/contracts/,write,0.77
2026-08-21 10:56:44.097749,u01,u01-laptop,finance/budget_2026.xlsx,read,2.99
2026-08-21 10:57:34.698866,u13,u13-laptop,hr/policies/,read,2.21
2026-08-21 10:57:55.208048,u01,u01-laptop,finance/budget_2026.xlsx,read,1.26
2026-08-21 10:57:58.940204,u03,u03-laptop,hr/leave_records.xlsx,read,1.49
2026-08-21 10:59:11.673268,u06,u06-laptop,finance/general_ledger.xlsx,read,6.87
2026-08-21 10:59:46.664206,u01,u01-laptop,finance/general_ledger.xlsx,write,1.59
2026-08-21 10:59:53.967784,u14,u14-laptop,sales/decks/,read,1.08
2026-08-21 10:59:59.473314,u08,u08-laptop,hr/leave_records.xlsx,read,3.59
2026-08-21 11:02:06.738529,u05,u05-laptop,it/scripts/,download,0.96
2026-08-21 11:02:10.044205,u01,u01-laptop,finance/budget_2026.xlsx,read,3.21
2026-08-21 11:04:16.962732,u13,u13-laptop,hr/policies/,read,2.93
2026-08-21 11:04:29.416018,u01,u01-laptop,finance/vendor_invoices/,write,3.78
2026-08-21 11:05:11.754648,u05,u05-laptop,it/asset_inventory.xlsx,download,0.81
2026-08-21 11:06:04.346500,u03,u03-laptop,hr/onboarding/,write,1.77
2026-08-21 11:06:40.790396,u15,u15-laptop,it/tickets/,read,8.11
2026-08-21 11:06:42.358327,u02,u02-laptop,eng/design_docs/,write,1.39
2026-08-21 11:08:07.595249,u13,u13-laptop,hr/leave_records.xlsx,read,3.98
2026-08-21 11:08:13.302368,u15,u15-laptop,it/tickets/,write,5.63
2026-08-21 11:09:40.655724,u08,u08-laptop,hr/policies/,read,5.1
2026-08-21 11:11:56.392922,u13,u13-laptop,hr/onboarding/,write,1.89
2026-08-21 11:14:09.970653,u04,u04-laptop,sales/client_contracts_confidential/,write,2.44
2026-08-21 11:15:01.626629,u06,u06-laptop,finance/expense_reports/,read,3.48
2026-08-21 11:15:31.117304,u13,u13-laptop,hr/onboarding/,write,2.42
2026-08-21 11:15:52.961028,u04,u04-laptop,sales/contracts/,read,3.93
2026-08-21 11:17:00.986067,u03,u03-laptop,hr/leave_records.xlsx,read,1.07
2026-08-21 11:18:59.479506,u13,u13-laptop,hr/onboarding/,read,7.75
2026-08-21 11:19:07.925373,u06,u06-laptop,finance/budget_2026.xlsx,write,5.23
2026-08-21 11:19:48.878721,u05,u05-laptop,it/tickets/,read,2.75
2026-08-21 11:21:58.131785,u13,u13-laptop,hr/leave_records.xlsx,read,2.48
2026-08-21 11:25:24.398559,u09,u09-mobile,sales/decks/,read,0.82
2026-08-21 11:25:31.057201,u01,u01-laptop,finance/general_ledger.xlsx,read,5.07
2026-08-21 11:25:59.724725,u03,u03-laptop,hr/onboarding/,read,1.08
2026-08-21 11:26:17.268497,u03,u03-laptop,hr/onboarding/,write,1.46
2026-08-21 11:27:37.286972,u13,u13-laptop,hr/policies/,download,1.59
2026-08-21 11:27:47.455098,u06,u06-laptop,finance/budget_2026.xlsx,read,8.39
2026-08-21 11:29:13.442862,u01,u01-laptop,finance/vendor_invoices/,read,1.11
2026-08-21 11:29:50.567706,u03,u03-laptop,hr/onboarding/,download,0.82
2026-08-21 11:30:20.011066,u01,u01-laptop,finance/general_ledger.xlsx,read,1.42
2026-08-21 11:30:43.878109,u09,u09-mobile,sales/pipeline.xlsx,read,1.38
2026-08-21 11:32:16.745349,u09,u09-mobile,sales/contracts/,read,0.99
2026-08-21 11:32:39.111028,u15,u15-laptop,it/scripts/,read,5.22
2026-08-21 11:33:03.146379,u13,u13-laptop,hr/onboarding/,read,2.52
2026-08-21 11:33:47.713728,u09,u09-mobile,sales/decks/,download,0.98
2026-08-21 11:33:48.261458,u04,u04-laptop,sales/contracts/,read,4.4
2026-08-21 11:34:00.755781,u13,u13-laptop,hr/leave_records.xlsx,read,3.14
2026-08-21 11:34:04.825211,u04,u04-laptop,sales/decks/,read,3.88
2026-08-21 11:34:18.648233,u04,u04-laptop,sales/contracts/,read,3.17
2026-08-21 11:35:36.515972,u06,u06-laptop,finance/expense_reports/,read,2.57
2026-08-21 11:36:06.283719,u09,u09-mobile,sales/pipeline.xlsx,read,2.82
2026-08-21 11:36:08.798775,u01,u01-laptop,finance/general_ledger.xlsx,read,1.91
2026-08-21 11:36:25.193482,u04,u04-laptop,sales/contracts/,read,4.59
2026-08-21 11:37:09.029342,u04,u04-laptop,sales/pipeline.xlsx,read,5.98
2026-08-21 11:37:10.451538,u13,u13-laptop,hr/onboarding/,read,3.36
2026-08-21 11:37:47.188881,u09,u09-mobile,sales/decks/,write,3.5
2026-08-21 11:38:27.540415,u03,u03-laptop,hr/policies/,read,1.26
2026-08-21 11:40:18.245340,u04,u04-laptop,sales/pipeline.xlsx,download,3.08
2026-08-21 11:42:34.714851,u01,u01-laptop,finance/vendor_invoices/,download,0.77
2026-08-21 11:43:09.997569,u01,u01-laptop,finance/vendor_invoices/,write,0.65
2026-08-21 11:43:25.702458,u15,u15-laptop,it/scripts/,read,2.62
2026-08-21 11:43:34.900095,u03,u03-laptop,hr/policies/,read,1.12
2026-08-21 11:43:56.986131,u06,u06-laptop,finance/budget_2026.xlsx,write,1.76
2026-08-21 11:43:57.520988,u01,u01-laptop,finance/vendor_invoices/,read,1.05
2026-08-21 11:44:57.090229,u13,u13-laptop,hr/leave_records.xlsx,read,1.7
2026-08-21 11:45:39.906282,u02,u02-laptop,eng/repo/backend/,write,2.11
2026-08-21 11:45:48.503852,u04,u04-laptop,sales/decks/,read,4.57
2026-08-21 11:45:48.723378,u13,u13-laptop,hr/onboarding/,read,3.44
2026-08-21 11:46:01.495438,u15,u15-laptop,it/asset_inventory.xlsx,read,1.76
2026-08-21 11:46:10.697523,u09,u09-mobile,sales/contracts/,read,0.79
2026-08-21 11:46:41.238814,u04,u04-laptop,sales/contracts/,read,2.39
2026-08-21 11:47:05.744257,u04,u04-laptop,sales/pipeline.xlsx,write,2.63
2026-08-21 11:47:50.530863,u04,u04-laptop,sales/client_contracts_confidential/,read,8.93
2026-08-21 11:49:37.932755,u15,u15-laptop,it/scripts/,read,5.56
2026-08-21 11:50:03.313870,u06,u06-laptop,finance/expense_reports/,read,1.14
2026-08-21 11:50:06.651394,u13,u13-laptop,hr/policies/,read,1.62
2026-08-21 11:50:51.812873,u02,u02-laptop,eng/repo/backend/,read,1.42
2026-08-21 11:51:05.114359,u04,u04-laptop,sales/contracts/,read,2.25
2026-08-21 11:51:31.812261,u02,u02-laptop,eng/design_docs/,read,2.46
2026-08-21 11:51:34.435336,u11,u11-laptop,finance/vendor_invoices/,read,1.68
2026-08-21 11:51:43.657347,u06,u06-laptop,finance/vendor_invoices/,read,2.33
2026-08-21 11:52:03.894422,u13,u13-laptop,hr/leave_records.xlsx,read,3.14
2026-08-21 11:52:38.375680,u13,u13-laptop,hr/policies/,write,3.28
2026-08-21 11:52:47.692999,u09,u09-mobile,sales/decks/,read,2.79
2026-08-21 11:53:09.818667,u15,u15-laptop,it/tickets/,read,2.11
2026-08-21 11:54:32.623325,u04,u04-laptop,sales/contracts/,read,5.67
2026-08-21 11:55:38.495470,u08,u08-laptop,hr/policies/,read,4.26
2026-08-21 11:56:26.748112,u06,u06-laptop,finance/vendor_invoices/,read,6.89
2026-08-21 11:57:29.331339,u04,u04-laptop,sales/contracts/,read,1.78
2026-08-21 11:57:55.593174,u11,u11-laptop,finance/vendor_invoices/,read,3.44
2026-08-21 11:59:27.939531,u15,u15-laptop,it/asset_inventory.xlsx,read,9.09
2026-08-21 12:01:28.052501,u04,u04-laptop,sales/contracts/,read,1.77
2026-08-21 12:02:41.234107,u15,u15-laptop,it/tickets/,read,6.35
2026-08-21 12:03:43.824116,u13,u13-laptop,hr/onboarding/,write,1.74
2026-08-21 12:04:01.206798,u13,u13-laptop,hr/onboarding/,read,0.99
2026-08-21 12:05:38.795019,u01,u01-laptop,finance/expense_reports/,read,1.27
2026-08-21 12:07:01.416620,u04,u04-laptop,sales/decks/,read,1.66
2026-08-21 12:07:19.601253,u05,u05-laptop,it/asset_inventory.xlsx,read,2.33
2026-08-21 12:08:11.917474,u15,u15-laptop,it/scripts/,read,3.28
2026-08-21 12:08:53.622953,u11,u11-laptop,finance/general_ledger.xlsx,write,1.54
2026-08-21 12:09:00.602051,u02,u02-laptop,eng/ci_logs/,read,1.05
2026-08-21 12:09:23.418392,u05,u05-laptop,it/scripts/,read,2.83
2026-08-21 12:11:45.273902,u06,u06-laptop,finance/general_ledger.xlsx,read,2.3
2026-08-21 12:13:57.870065,u15,u15-laptop,it/network_diagram.vsdx,read,6.64
2026-08-21 12:14:45.577602,u05,u05-laptop,it/scripts/,read,1.68
2026-08-21 12:14:52.906737,u04,u04-laptop,sales/decks/,download,1.47
2026-08-21 12:15:22.983237,u06,u06-laptop,finance/general_ledger.xlsx,write,13.09
2026-08-21 12:15:23.456472,u09,u09-mobile,sales/decks/,write,2.55
2026-08-21 12:17:41.876431,u15,u15-laptop,it/asset_inventory.xlsx,read,1.76
2026-08-21 12:18:24.014131,u11,u11-laptop,finance/expense_reports/,write,1.49
2026-08-21 12:18:42.053544,u04,u04-laptop,sales/decks/,write,1.91
2026-08-21 12:18:52.204466,u09,u09-mobile,sales/pipeline.xlsx,read,1.35
2026-08-21 12:18:58.535369,u09,u09-mobile,sales/decks/,read,1.16
2026-08-21 12:20:16.896961,u13,u13-laptop,hr/leave_records.xlsx,read,1.14
2026-08-21 12:20:33.702891,u09,u09-mobile,sales/contracts/,download,2.57
2026-08-21 12:22:27.365034,u05,u05-laptop,it/scripts/,write,1.03
2026-08-21 12:22:37.409093,u05,u05-laptop,it/tickets/,write,3.15
2026-08-21 12:25:36.868447,u06,u06-laptop,finance/expense_reports/,read,0.99
2026-08-21 12:25:49.597745,u05,u05-laptop,it/asset_inventory.xlsx,read,0.65
2026-08-21 12:27:16.563684,u13,u13-laptop,hr/policies/,write,2.34
2026-08-21 12:28:28.238097,u04,u04-laptop,sales/pipeline.xlsx,read,2.81
2026-08-21 12:29:46.948380,u15,u15-laptop,it/scripts/,write,1.43
2026-08-21 12:41:49.372225,u13,u13-laptop,hr/onboarding/,read,0.88
2026-08-21 12:44:13.718127,u05,u05-laptop,it/scripts/,write,5.26
2026-08-21 12:44:48.640802,u13,u13-laptop,hr/onboarding/,read,2.02
2026-08-21 12:46:30.969863,u11,u11-laptop,finance/expense_reports/,read,2.0
2026-08-21 12:47:03.684326,u15,u15-laptop,it/asset_inventory.xlsx,write,4.46
2026-08-21 12:50:00.662603,u11,u11-laptop,finance/expense_reports/,read,1.52
2026-08-21 12:50:18.819801,u05,u05-laptop,it/asset_inventory.xlsx,write,3.09
2026-08-21 12:52:27.596104,u05,u05-laptop,it/scripts/,read,1.88
2026-08-21 12:58:29.024808,u05,u05-laptop,it/scripts/,read,2.89
2026-08-21 13:06:42.000308,u11,u11-laptop,finance/vendor_invoices/,read,4.93
2026-08-21 13:08:23.029523,u05,u05-laptop,it/asset_inventory.xlsx,read,1.17
2026-08-21 13:14:05.696280,u05,u05-laptop,it/scripts/,write,1.28
2026-08-21 13:20:18.638575,u02,u02-laptop,eng/repo/frontend/,write,2.38
2026-08-21 13:32:40.434409,u05,u05-laptop,it/tickets/,read,1.52
2026-08-22 08:54:03.146564,u06,u06-laptop,finance/bank_account_details.db,read,1.7
2026-08-22 08:54:22.162635,u06,u06-laptop,finance/general_ledger.xlsx,read,0.81
2026-08-22 08:55:18.160751,u06,u06-laptop,finance/budget_2026.xlsx,write,2.73
2026-08-22 08:55:34.025785,u06,u06-laptop,finance/vendor_invoices/,write,1.44
2026-08-22 09:09:22.620800,u06,u06-laptop,finance/general_ledger.xlsx,write,1.43
2026-08-22 09:10:13.417876,u06,u06-laptop,finance/expense_reports/,write,1.09
2026-08-22 09:12:20.445720,u06,u06-laptop,finance/vendor_invoices/,read,3.8
2026-08-22 09:17:41.545417,u06,u06-laptop,finance/expense_reports/,read,3.05
2026-08-22 09:31:18.453829,u04,u04-laptop,sales/pipeline.xlsx,read,5.79
2026-08-22 09:31:58.259249,u04,u04-laptop,sales/contracts/,read,1.7
2026-08-22 09:36:28.507768,u04,u04-laptop,sales/contracts/,read,2.42
2026-08-22 09:37:35.894994,u06,u06-laptop,finance/vendor_invoices/,read,3.42
2026-08-22 09:39:37.677124,u04,u04-laptop,sales/pipeline.xlsx,read,9.52
2026-08-22 09:40:50.248011,u06,u06-laptop,finance/expense_reports/,read,4.92
2026-08-22 09:52:15.224340,u06,u06-laptop,finance/general_ledger.xlsx,read,4.74
2026-08-22 09:53:40.152159,u04,u04-laptop,sales/decks/,read,3.83
2026-08-22 09:56:05.200338,u06,u06-laptop,finance/budget_2026.xlsx,read,1.25
2026-08-22 09:58:02.670054,u04,u04-laptop,sales/pipeline.xlsx,read,2.26
2026-08-22 09:59:30.499589,u04,u04-laptop,sales/pipeline.xlsx,read,5.64
2026-08-22 10:00:26.546966,u14,u14-laptop,sales/contracts/,read,1.44
2026-08-22 10:02:46.439140,u04,u04-laptop,sales/decks/,read,4.47
2026-08-22 10:06:34.433745,u04,u04-laptop,sales/decks/,read,1.72
2026-08-22 10:09:17.096789,u06,u06-laptop,finance/expense_reports/,download,3.56
2026-08-22 10:10:25.159115,u06,u06-laptop,finance/budget_2026.xlsx,write,3.58
2026-08-22 10:12:54.852663,u04,u04-laptop,sales/contracts/,read,2.68
2026-08-22 10:15:51.630735,u04,u04-laptop,sales/decks/,read,5.28
2026-08-22 10:16:31.088373,u14,u14-laptop,sales/contracts/,read,1.1
2026-08-22 10:18:17.292390,u06,u06-laptop,finance/vendor_invoices/,read,2.63
2026-08-22 10:19:37.800782,u14,u14-laptop,sales/decks/,read,1.31
2026-08-22 10:21:27.987414,u04,u04-laptop,sales/decks/,read,2.35
2026-08-22 10:21:41.114743,u04,u04-laptop,sales/pipeline.xlsx,read,2.81
2026-08-22 10:22:14.425654,u04,u04-laptop,sales/decks/,download,1.16
2026-08-22 10:23:34.632562,u04,u04-laptop,sales/decks/,write,0.87
2026-08-22 10:24:20.209385,u04,u04-laptop,sales/pipeline.xlsx,read,4.81
2026-08-22 10:26:15.105052,u14,u14-laptop,sales/contracts/,write,0.86
2026-08-22 10:26:23.243698,u04,u04-laptop,sales/contracts/,write,4.24
2026-08-22 10:30:01.872589,u14,u14-laptop,sales/pipeline.xlsx,read,1.95
2026-08-22 10:32:14.919176,u04,u04-laptop,sales/pipeline.xlsx,read,4.14
2026-08-22 10:35:48.892845,u04,u04-laptop,sales/contracts/,read,7.83
2026-08-22 10:38:55.298161,u04,u04-laptop,sales/decks/,write,2.64
2026-08-22 10:40:28.117655,u04,u04-laptop,sales/contracts/,read,1.44
2026-08-22 10:43:56.547814,u04,u04-laptop,sales/pipeline.xlsx,download,3.43
2026-08-22 10:44:58.114829,u14,u14-laptop,sales/pipeline.xlsx,download,1.03
2026-08-22 10:46:03.933940,u04,u04-laptop,sales/contracts/,read,2.27
2026-08-22 10:47:17.564209,u04,u04-laptop,sales/decks/,read,4.5
2026-08-22 10:54:13.871851,u14,u14-laptop,sales/decks/,read,0.54
2026-08-22 10:55:01.796296,u14,u14-laptop,sales/pipeline.xlsx,read,1.87
2026-08-22 10:58:41.975179,u04,u04-laptop,sales/pipeline.xlsx,read,3.09
2026-08-22 11:05:16.579065,u14,u14-laptop,sales/pipeline.xlsx,read,1.81
2026-08-22 11:05:31.759229,u14,u14-laptop,sales/decks/,read,0.33
2026-08-22 11:06:04.686542,u14,u14-laptop,sales/pipeline.xlsx,read,0.55
2026-08-22 11:11:44.457743,u14,u14-laptop,sales/pipeline.xlsx,write,2.2
2026-08-22 11:47:09.904846,u14,u14-laptop,sales/pipeline.xlsx,read,0.99
2026-08-22 11:52:08.550366,u14,u14-laptop,sales/decks/,read,0.8
2026-08-22 11:52:39.799311,u14,u14-laptop,sales/contracts/,read,0.35
2026-08-22 11:53:09.894371,u14,u14-laptop,sales/decks/,write,0.55
2026-08-22 12:00:07.373502,u14,u14-laptop,sales/contracts/,write,0.45
2026-08-22 12:21:36.391541,u14,u14-laptop,sales/contracts/,read,1.5
2026-08-22 12:23:21.333983,u12,u12-laptop,eng/repo/frontend/,download,1.51
2026-08-22 12:26:12.441677,u14,u14-laptop,sales/contracts/,write,0.68
2026-08-22 12:32:14.881083,u14,u14-laptop,sales/decks/,read,1.66
2026-08-22 12:40:24.730949,u12,u12-laptop,eng/repo/backend/,read,10.31
2026-08-22 13:09:11.579655,u12,u12-laptop,eng/repo/frontend/,download,4.6
2026-08-22 13:10:06.518427,u12,u12-laptop,eng/design_docs/,read,2.41
2026-08-22 13:12:32.674407,u12,u12-laptop,eng/repo/frontend/,read,1.33
2026-08-22 13:15:26.960523,u12,u12-laptop,eng/repo/frontend/,read,2.32
2026-08-22 13:30:40.087744,u12,u12-laptop,eng/repo/frontend/,read,3.44
2026-08-22 13:30:51.911758,u12,u12-laptop,eng/repo/frontend/,read,4.21
2026-08-22 13:34:58.460824,u12,u12-laptop,eng/ci_logs/,read,1.98
2026-08-22 13:35:44.258060,u12,u12-laptop,eng/ci_logs/,read,1.64
2026-08-22 13:40:16.416206,u12,u12-laptop,eng/repo/frontend/,read,2.9
2026-08-23 08:06:49.400180,u07,u07-laptop,eng/design_docs/,write,1.27
2026-08-23 08:09:27.037275,u07,u07-laptop,eng/ci_logs/,read,4.86
2026-08-23 08:14:15.943710,u07,u07-laptop,eng/ci_logs/,read,3.66
2026-08-23 08:21:11.541163,u07,u07-laptop,eng/repo/backend/,read,0.91
2026-08-23 08:24:34.679494,u07,u07-laptop,eng/repo/frontend/,write,6.45
2026-08-23 08:35:50.717355,u07,u07-laptop,eng/design_docs/,read,2.4
2026-08-23 08:44:11.686212,u07,u07-laptop,eng/repo/backend/,write,1.8
2026-08-23 08:48:51.017881,u09,u09-mobile,sales/contracts/,read,0.95
2026-08-23 08:54:52.746700,u09,u09-mobile,sales/contracts/,read,1.61
2026-08-23 08:56:05.067449,u07,u07-laptop,eng/ci_logs/,download,3.39
2026-08-23 09:03:31.124389,u07,u07-laptop,eng/repo/backend/,read,3.4
2026-08-23 09:08:58.610003,u07,u07-laptop,eng/design_docs/,read,4.69
2026-08-23 09:15:12.770746,u07,u07-laptop,eng/design_docs/,read,3.0
2026-08-23 09:18:26.213387,u04,u04-laptop,sales/pipeline.xlsx,read,3.39
2026-08-23 09:22:01.791343,u09,u09-mobile,sales/pipeline.xlsx,read,0.51
2026-08-23 09:24:26.138695,u09,u09-mobile,sales/contracts/,write,5.88
2026-08-23 09:27:32.475157,u04,u04-laptop,sales/decks/,write,2.4
2026-08-23 09:27:59.901209,u07,u07-laptop,eng/design_docs/,read,3.92
2026-08-23 09:28:35.876914,u04,u04-laptop,sales/pipeline.xlsx,read,6.79
2026-08-23 09:28:48.866249,u04,u04-laptop,sales/decks/,read,1.86
2026-08-23 09:37:34.668777,u09,u09-mobile,sales/pipeline.xlsx,read,3.57
2026-08-23 09:42:16.827970,u09,u09-mobile,sales/decks/,read,1.54
2026-08-23 09:44:22.428518,u04,u04-laptop,sales/pipeline.xlsx,download,3.96
2026-08-23 09:45:39.250733,u04,u04-laptop,sales/pipeline.xlsx,read,3.28
2026-08-23 09:46:03.443199,u09,u09-mobile,sales/contracts/,read,2.04
2026-08-23 09:49:30.130349,u04,u04-laptop,sales/contracts/,read,5.33
2026-08-23 09:49:58.240396,u04,u04-laptop,sales/decks/,read,5.79
2026-08-23 09:50:06.101532,u04,u04-laptop,sales/contracts/,read,0.61
2026-08-23 09:54:06.092144,u04,u04-laptop,sales/decks/,read,2.77
2026-08-23 09:57:24.920498,u04,u04-laptop,sales/decks/,write,16.21
2026-08-23 09:57:31.799939,u04,u04-laptop,sales/decks/,read,3.61
2026-08-23 10:02:05.020197,u04,u04-laptop,sales/pipeline.xlsx,write,7.5
2026-08-23 10:04:18.883505,u04,u04-laptop,sales/contracts/,read,3.49
2026-08-23 10:05:23.254650,u04,u04-laptop,sales/decks/,read,1.12
2026-08-23 10:05:49.936018,u04,u04-laptop,sales/contracts/,read,2.01
2026-08-23 10:06:07.582887,u04,u04-laptop,sales/decks/,write,5.34
2026-08-23 10:06:16.741106,u04,u04-laptop,sales/pipeline.xlsx,read,6.17
2026-08-23 10:12:28.300184,u04,u04-laptop,sales/decks/,write,5.52
2026-08-23 10:13:42.165082,u04,u04-laptop,sales/contracts/,read,4.31
2026-08-23 10:14:21.482594,u04,u04-laptop,sales/decks/,write,7.05
2026-08-23 10:18:23.714441,u01,u01-laptop,finance/budget_2026.xlsx,write,1.67
2026-08-23 10:25:11.479736,u09,u09-mobile,sales/pipeline.xlsx,read,2.89
2026-08-23 10:26:14.337366,u04,u04-laptop,sales/decks/,read,6.28
2026-08-23 10:28:16.921728,u04,u04-laptop,sales/contracts/,write,4.41
2026-08-23 10:29:47.001738,u01,u01-laptop,finance/vendor_invoices/,download,0.42
2026-08-23 10:31:27.557987,u04,u04-laptop,sales/pipeline.xlsx,read,2.81
2026-08-23 10:32:32.510982,u02,u02-laptop,eng/ci_logs/,read,1.05
2026-08-23 10:33:46.475977,u04,u04-laptop,sales/contracts/,read,7.68
2026-08-23 10:34:45.542902,u09,u09-mobile,sales/pipeline.xlsx,read,1.37
2026-08-23 10:36:46.893087,u02,u02-laptop,eng/design_docs/,write,2.27
2026-08-23 10:38:05.839553,u01,u01-laptop,finance/general_ledger.xlsx,read,1.46
2026-08-23 10:39:31.965831,u01,u01-laptop,finance/vendor_invoices/,write,1.32
2026-08-23 10:40:15.433572,u01,u01-laptop,finance/employee_ssn_records.db,write,0.83
2026-08-23 10:42:08.843324,u04,u04-laptop,sales/pipeline.xlsx,read,3.02
2026-08-23 10:44:18.475805,u09,u09-mobile,sales/pipeline.xlsx,write,1.03
2026-08-23 10:46:07.516366,u09,u09-mobile,sales/client_contracts_confidential/,read,0.78
2026-08-23 10:46:38.923182,u09,u09-mobile,sales/decks/,read,2.11
2026-08-23 10:49:17.633476,u01,u01-laptop,finance/budget_2026.xlsx,write,3.2
2026-08-23 10:50:54.689847,u01,u01-laptop,finance/budget_2026.xlsx,write,1.33
2026-08-23 10:52:59.229222,u01,u01-laptop,finance/general_ledger.xlsx,read,1.56
2026-08-23 10:53:50.391225,u01,u01-laptop,finance/general_ledger.xlsx,read,2.51
2026-08-23 10:54:12.710984,u11,u11-laptop,finance/vendor_invoices/,write,0.66
2026-08-23 10:54:36.762182,u11,u11-laptop,finance/expense_reports/,read,1.35
2026-08-23 10:56:50.278844,u09,u09-mobile,sales/decks/,read,0.8
2026-08-23 11:00:58.276038,u11,u11-laptop,finance/vendor_invoices/,read,1.14
2026-08-23 11:02:23.871971,u11,u11-laptop,finance/vendor_invoices/,download,2.66
2026-08-23 11:03:22.117486,u02,u02-laptop,eng/repo/frontend/,read,1.94
2026-08-23 11:03:44.287173,u09,u09-mobile,sales/pipeline.xlsx,read,1.77
2026-08-23 11:07:21.376299,u02,u02-laptop,eng/repo/backend/,read,0.81
2026-08-23 11:07:21.780533,u02,u02-laptop,eng/ci_logs/,read,2.05
2026-08-23 11:08:18.873024,u09,u09-mobile,sales/pipeline.xlsx,write,1.03
2026-08-23 11:15:16.922469,u12,u12-laptop,eng/repo/backend/,read,3.63
2026-08-23 11:18:28.072925,u12,u12-laptop,eng/repo/backend/,download,1.71
2026-08-23 11:18:29.861075,u11,u11-laptop,finance/general_ledger.xlsx,read,2.46
2026-08-23 11:18:50.754452,u11,u11-laptop,finance/budget_2026.xlsx,download,3.32
2026-08-23 11:18:57.269630,u11,u11-laptop,finance/budget_2026.xlsx,write,0.85
2026-08-23 11:19:01.992682,u09,u09-mobile,sales/contracts/,read,0.64
2026-08-23 11:19:59.211351,u01,u01-laptop,finance/general_ledger.xlsx,read,1.82
2026-08-23 11:20:08.199513,u12,u12-laptop,eng/design_docs/,read,3.17
2026-08-23 11:21:29.222902,u01,u01-laptop,finance/expense_reports/,read,2.36
2026-08-23 11:23:29.978298,u01,u01-laptop,finance/vendor_invoices/,read,0.48
2026-08-23 11:25:06.824114,u12,u12-laptop,eng/repo/frontend/,read,1.77
2026-08-23 11:27:24.641829,u12,u12-laptop,eng/design_docs/,read,4.47
2026-08-23 11:28:30.455825,u02,u02-laptop,eng/ci_logs/,read,2.67
2026-08-23 11:29:05.235230,u11,u11-laptop,finance/budget_2026.xlsx,read,2.01
2026-08-23 11:31:48.178356,u12,u12-laptop,eng/ci_logs/,write,2.18
2026-08-23 11:33:48.316366,u09,u09-mobile,sales/contracts/,read,0.87
2026-08-23 11:36:28.350160,u11,u11-laptop,finance/expense_reports/,download,2.69
2026-08-23 11:38:58.230336,u02,u02-laptop,eng/repo/frontend/,read,3.88
2026-08-23 11:40:13.607815,u12,u12-laptop,eng/ci_logs/,read,5.76
2026-08-23 11:40:44.333968,u11,u11-laptop,finance/budget_2026.xlsx,read,2.49
2026-08-23 11:40:49.444020,u11,u11-laptop,finance/vendor_invoices/,download,2.82
2026-08-23 11:41:46.709900,u12,u12-laptop,eng/repo/frontend/,read,2.8
2026-08-23 11:45:58.525155,u12,u12-laptop,eng/repo/backend/,write,2.28
2026-08-23 11:49:02.883389,u12,u12-laptop,eng/ci_logs/,read,3.12
2026-08-23 11:49:58.905552,u11,u11-laptop,finance/expense_reports/,read,1.13
2026-08-23 11:52:59.932037,u12,u12-laptop,eng/ci_logs/,read,2.34
2026-08-23 11:53:29.300874,u11,u11-laptop,finance/expense_reports/,write,2.77
2026-08-23 11:54:19.054088,u11,u11-laptop,finance/expense_reports/,download,2.49
2026-08-23 11:54:33.037136,u12,u12-laptop,eng/repo/backend/,write,2.81
2026-08-23 11:56:56.491642,u02,u02-laptop,eng/design_docs/,read,2.41
2026-08-23 12:02:22.165614,u12,u12-laptop,eng/repo/backend/,read,2.33
2026-08-23 12:02:41.547706,u12,u12-laptop,eng/repo/backend/,read,2.32
2026-08-23 12:03:18.184354,u12,u12-laptop,eng/design_docs/,read,1.73
2026-08-23 12:04:07.563732,u11,u11-laptop,finance/budget_2026.xlsx,write,4.49
2026-08-23 12:04:31.206848,u12,u12-laptop,eng/repo/frontend/,read,6.51
2026-08-23 12:05:56.515343,u12,u12-laptop,eng/repo/frontend/,read,4.35
2026-08-23 12:06:04.770741,u11,u11-laptop,finance/budget_2026.xlsx,read,1.69
2026-08-23 12:07:29.884092,u12,u12-laptop,eng/design_docs/,read,5.86
2026-08-23 12:08:50.643344,u11,u11-laptop,finance/budget_2026.xlsx,read,0.85
2026-08-23 12:11:03.354855,u11,u11-laptop,finance/expense_reports/,write,1.77
2026-08-23 12:12:10.019145,u11,u11-laptop,finance/expense_reports/,read,2.84
2026-08-23 12:12:12.500215,u11,u11-laptop,finance/vendor_invoices/,read,0.57
2026-08-23 12:13:15.898796,u12,u12-laptop,eng/design_docs/,write,2.57
2026-08-23 12:17:49.679017,u12,u12-laptop,eng/repo/backend/,download,1.74
2026-08-23 13:01:30.042308,u02,u02-laptop,eng/repo/frontend/,download,1.85
2026-08-23 13:59:16.750892,u02,u02-laptop,eng/repo/frontend/,write,1.33
2026-08-24 07:36:45.597727,u03,u03-laptop,hr/onboarding/,read,1.0
2026-08-24 08:07:42.083092,u03,u03-laptop,hr/policies/,read,0.62
2026-08-24 08:13:49.518211,u03,u03-laptop,hr/policies/,read,0.78
2026-08-24 08:15:16.020485,u03,u03-laptop,hr/leave_records.xlsx,download,1.31
2026-08-24 08:33:07.899403,u03,u03-laptop,hr/policies/,read,0.9
2026-08-24 08:38:36.021329,u04,u04-laptop,sales/pipeline.xlsx,download,1.06
2026-08-24 08:42:38.562749,u03,u03-laptop,hr/onboarding/,read,1.18
2026-08-24 08:47:09.654551,u04,u04-laptop,sales/pipeline.xlsx,read,1.84
2026-08-24 08:54:10.363154,u04,u04-laptop,sales/contracts/,read,6.82
2026-08-24 09:09:02.746597,u15,u15-laptop,it/asset_inventory.xlsx,read,2.32
2026-08-24 09:12:44.203543,u15,u15-laptop,it/asset_inventory.xlsx,read,4.17
2026-08-24 09:20:22.749521,u04,u04-laptop,sales/decks/,read,10.3
2026-08-24 09:22:02.698912,u04,u04-laptop,sales/decks/,write,1.79
2026-08-24 09:25:24.428698,u11,u11-laptop,finance/expense_reports/,download,1.71
2026-08-24 09:27:07.371435,u03,u03-laptop,hr/onboarding/,write,0.63
2026-08-24 09:29:31.728846,u06,u06-laptop,finance/expense_reports/,read,3.89
2026-08-24 09:29:38.261637,u12,u12-laptop,eng/design_docs/,read,5.53
2026-08-24 09:30:15.719899,u02,u02-laptop,eng/design_docs/,download,8.05
2026-08-24 09:31:57.704668,u15,u15-laptop,it/tickets/,read,2.57
2026-08-24 09:34:45.582016,u04,u04-laptop,sales/decks/,read,5.23
2026-08-24 09:35:03.222041,u03,u03-laptop,hr/onboarding/,write,1.53
2026-08-24 09:36:12.473092,u15,u15-laptop,it/asset_inventory.xlsx,read,3.61
2026-08-24 09:40:45.915109,u11,u11-laptop,finance/budget_2026.xlsx,read,3.29
2026-08-24 09:45:59.674187,u06,u06-laptop,finance/budget_2026.xlsx,write,1.57
2026-08-24 09:46:51.305706,u06,u06-laptop,finance/budget_2026.xlsx,read,3.27
2026-08-24 09:47:29.179524,u15,u15-laptop,it/asset_inventory.xlsx,write,3.07
2026-08-24 09:48:41.003653,u15,u15-laptop,it/asset_inventory.xlsx,write,6.8
2026-08-24 09:49:18.875641,u04,u04-laptop,sales/contracts/,read,4.55
2026-08-24 09:49:24.984946,u15,u15-laptop,it/tickets/,read,2.75
2026-08-24 09:49:25.898590,u04,u04-laptop,sales/pipeline.xlsx,write,5.47
2026-08-24 09:51:45.488879,u04,u04-laptop,sales/decks/,read,12.61
2026-08-24 09:56:53.592732,u06,u06-laptop,finance/vendor_invoices/,read,4.08
2026-08-24 09:56:56.959371,u15,u15-laptop,it/tickets/,read,6.8
2026-08-24 09:57:10.776814,u04,u04-laptop,sales/pipeline.xlsx,read,1.17
2026-08-24 09:58:12.549939,u12,u12-laptop,eng/repo/frontend/,read,5.61
2026-08-24 10:00:30.359487,u11,u11-laptop,finance/general_ledger.xlsx,read,0.5
2026-08-24 10:01:07.676410,u04,u04-laptop,sales/contracts/,write,3.47
2026-08-24 10:01:17.589358,u03,u03-laptop,hr/leave_records.xlsx,read,2.39
2026-08-24 10:01:33.056131,u04,u04-laptop,sales/pipeline.xlsx,read,5.94
2026-08-24 10:02:17.241114,u12,u12-laptop,eng/repo/backend/,read,2.91
2026-08-24 10:02:24.037191,u15,u15-laptop,it/asset_inventory.xlsx,download,2.53
2026-08-24 10:02:24.340284,u15,u15-laptop,it/scripts/,write,1.43
2026-08-24 10:03:16.822305,u15,u15-laptop,it/scripts/,read,5.31
2026-08-24 10:03:19.289165,u13,u13-mobile,hr/policies/,read,2.61
2026-08-24 10:05:13.076591,u15,u15-laptop,it/tickets/,write,0.73
2026-08-24 10:06:14.224901,u11,u11-laptop,finance/general_ledger.xlsx,read,0.6
2026-08-24 10:06:16.814090,u11,u11-laptop,finance/budget_2026.xlsx,read,1.3
2026-08-24 10:06:33.401135,u11,u11-laptop,finance/budget_2026.xlsx,read,2.68
2026-08-24 10:09:08.974964,u11,u11-laptop,finance/budget_2026.xlsx,read,1.35
2026-08-24 10:12:33.761055,u06,u06-laptop,finance/budget_2026.xlsx,read,10.98
2026-08-24 10:13:23.576869,u06,u06-laptop,finance/budget_2026.xlsx,download,1.97
2026-08-24 10:14:12.018035,u15,u15-laptop,it/scripts/,read,2.41
2026-08-24 10:16:27.936658,u15,u15-laptop,it/tickets/,read,1.74
2026-08-24 10:17:36.377556,u12,u12-laptop,eng/ci_logs/,read,2.62
2026-08-24 10:18:50.894280,u11,u11-laptop,finance/general_ledger.xlsx,read,1.0
2026-08-24 10:19:03.544056,u02,u02-laptop,eng/ci_logs/,read,0.52
2026-08-24 10:19:21.525469,u11,u11-laptop,finance/vendor_invoices/,download,2.83
2026-08-24 10:19:57.459971,u06,u06-laptop,finance/expense_reports/,read,1.56
2026-08-24 10:20:20.690402,u12,u12-laptop,eng/repo/backend/,write,2.01
2026-08-24 10:20:32.817254,u12,u12-laptop,eng/ci_logs/,read,3.11
2026-08-24 10:20:55.019061,u15,u15-laptop,it/scripts/,read,1.52
2026-08-24 10:21:03.647191,u07,u07-laptop,eng/repo/frontend/,download,3.37
2026-08-24 10:22:49.084327,u07,u07-laptop,eng/ci_logs/,read,1.69
2026-08-24 10:23:44.672727,u03,u03-laptop,hr/onboarding/,write,2.97
2026-08-24 10:24:06.431839,u15,u15-laptop,it/scripts/,read,2.5
2026-08-24 10:24:17.356701,u15,u15-laptop,it/scripts/,read,7.95
2026-08-24 10:25:46.826355,u07,u07-laptop,eng/ci_logs/,read,2.85
2026-08-24 10:25:58.869026,u03,u03-laptop,hr/policies/,read,1.09
2026-08-24 10:27:59.796652,u07,u07-laptop,eng/repo/frontend/,read,2.87
2026-08-24 10:28:06.304193,u06,u06-laptop,finance/expense_reports/,read,1.58
2026-08-24 10:29:16.132375,u15,u15-laptop,it/tickets/,read,1.55
2026-08-24 10:30:15.858757,u05,u05-laptop,it/tickets/,read,0.94
2026-08-24 10:30:21.106871,u12,u12-laptop,eng/repo/frontend/,download,3.75
2026-08-24 10:31:20.858632,u11,u11-laptop,finance/general_ledger.xlsx,read,1.1
2026-08-24 10:32:22.396334,u15,u15-laptop,it/scripts/,read,2.89
2026-08-24 10:33:43.737209,u15,u15-laptop,it/tickets/,read,3.91
2026-08-24 10:37:15.150194,u04,u04-laptop,sales/pipeline.xlsx,read,4.19
2026-08-24 10:37:36.545026,u06,u06-laptop,finance/vendor_invoices/,write,1.44
2026-08-24 10:38:55.206965,u13,u13-mobile,hr/policies/,read,1.76
2026-08-24 10:39:08.677966,u12,u12-laptop,eng/repo/frontend/,read,2.19
2026-08-24 10:39:22.778541,u13,u13-mobile,hr/onboarding/,read,1.27
2026-08-24 10:39:47.633166,u03,u03-laptop,hr/leave_records.xlsx,download,1.04
2026-08-24 10:40:58.265786,u15,u15-laptop,it/asset_inventory.xlsx,read,1.13
2026-08-24 10:41:50.834305,u03,u03-laptop,hr/leave_records.xlsx,write,1.52
2026-08-24 10:41:59.731566,u13,u13-mobile,hr/policies/,read,1.19
2026-08-24 10:42:10.287696,u02,u02-laptop,eng/design_docs/,read,1.05
2026-08-24 10:42:58.845222,u11,u11-laptop,finance/expense_reports/,read,3.44
2026-08-24 10:45:05.652481,u12,u12-laptop,eng/repo/frontend/,read,3.3
2026-08-24 10:45:25.400657,u14,u14-laptop,sales/decks/,download,2.34
2026-08-24 10:45:34.872797,u07,u07-laptop,eng/design_docs/,read,4.38
2026-08-24 10:45:52.331458,u13,u13-mobile,hr/onboarding/,write,5.66
2026-08-24 10:47:39.560543,u06,u06-laptop,finance/general_ledger.xlsx,read,3.67
2026-08-24 10:48:21.749160,u15,u15-laptop,it/asset_inventory.xlsx,read,5.06
2026-08-24 10:48:40.297270,u05,u05-laptop,it/tickets/,read,1.02
2026-08-24 10:49:22.230014,u05,u05-laptop,it/scripts/,read,2.28
2026-08-24 10:49:24.449821,u05,u05-laptop,it/scripts/,write,2.05
2026-08-24 10:52:26.421746,u15,u15-laptop,it/asset_inventory.xlsx,read,2.3
2026-08-24 10:52:29.891890,u12,u12-laptop,eng/ci_logs/,write,4.59
2026-08-24 10:52:40.218093,u09,u09-laptop,sales/contracts/,read,3.6
2026-08-24 10:52:44.986944,u04,u04-laptop,sales/contracts/,download,1.9
2026-08-24 10:53:22.303715,u07,u07-laptop,eng/design_docs/,read,3.58
2026-08-24 10:53:41.581226,u03,u03-laptop,hr/onboarding/,read,1.64
2026-08-24 10:55:31.267396,u04,u04-laptop,sales/decks/,read,1.83
2026-08-24 10:56:02.397792,u14,u14-laptop,sales/contracts/,read,2.55
2026-08-24 10:56:41.439000,u13,u13-mobile,hr/leave_records.xlsx,write,2.06
2026-08-24 10:59:51.837218,u13,u13-mobile,hr/policies/,read,5.75
2026-08-24 11:02:55.056319,u04,u04-laptop,sales/decks/,read,3.66
2026-08-24 11:03:12.932243,u13,u13-mobile,hr/leave_records.xlsx,read,2.81
2026-08-24 11:05:11.313137,u15,u15-laptop,it/asset_inventory.xlsx,read,1.77
2026-08-24 11:05:48.795794,u07,u07-laptop,eng/design_docs/,write,10.9
2026-08-24 11:06:05.949119,u09,u09-laptop,sales/decks/,read,2.01
2026-08-24 11:06:15.903753,u12,u12-laptop,eng/repo/frontend/,write,4.26
2026-08-24 11:06:23.398756,u04,u04-laptop,sales/pipeline.xlsx,read,3.88
2026-08-24 11:06:38.271418,u07,u07-laptop,eng/repo/frontend/,write,1.48
2026-08-24 11:07:09.849347,u05,u05-laptop,it/tickets/,read,2.27
2026-08-24 11:07:21.013183,u09,u09-laptop,sales/pipeline.xlsx,read,0.4
2026-08-24 11:08:12.246687,u02,u02-laptop,eng/design_docs/,write,1.99
2026-08-24 11:09:14.539710,u03,u03-laptop,hr/policies/,read,0.47
2026-08-24 11:10:56.016811,u02,u02-laptop,eng/repo/backend/,read,0.82
2026-08-24 11:13:28.230155,u14,u14-laptop,sales/decks/,read,1.22
2026-08-24 11:13:40.163136,u04,u04-laptop,sales/decks/,read,1.64
2026-08-24 11:14:12.454967,u09,u09-laptop,sales/contracts/,read,0.87
2026-08-24 11:14:53.321361,u09,u09-laptop,sales/decks/,read,2.67
2026-08-24 11:15:06.004528,u07,u07-laptop,eng/repo/backend/,read,2.66
2026-08-24 11:15:12.799412,u12,u12-laptop,eng/repo/frontend/,write,1.61
2026-08-24 11:15:32.451567,u09,u09-laptop,sales/contracts/,read,1.87
2026-08-24 11:16:08.886964,u15,u15-laptop,it/scripts/,write,3.81
2026-08-24 11:17:29.255809,u13,u13-mobile,hr/onboarding/,read,2.27
2026-08-24 11:17:56.829835,u15,u15-laptop,it/tickets/,read,4.69
2026-08-24 11:18:58.248396,u05,u05-laptop,it/scripts/,write,2.02
2026-08-24 11:19:20.057423,u13,u13-mobile,hr/onboarding/,download,0.94
2026-08-24 11:23:29.153761,u12,u12-laptop,eng/infra/terraform_state.tfstate,read,2.71
2026-08-24 11:24:05.986508,u07,u07-laptop,eng/repo/frontend/,read,8.11
2026-08-24 11:24:55.460849,u07,u07-laptop,eng/repo/frontend/,write,2.67
2026-08-24 11:26:01.110355,u07,u07-laptop,eng/repo/backend/,download,3.59
2026-08-24 11:27:36.301607,u04,u04-laptop,sales/decks/,read,2.78
2026-08-24 11:27:42.917334,u09,u09-laptop,sales/contracts/,read,4.18
2026-08-24 11:28:40.339361,u09,u09-laptop,sales/decks/,read,3.96
2026-08-24 11:30:11.151474,u07,u07-laptop,eng/ci_logs/,write,7.81
2026-08-24 11:30:15.971263,u05,u05-laptop,it/asset_inventory.xlsx,read,0.6
2026-08-24 11:32:09.120035,u13,u13-mobile,hr/leave_records.xlsx,download,4.75
2026-08-24 11:32:25.382073,u07,u07-laptop,eng/repo/frontend/,write,5.62
2026-08-24 11:34:13.495915,u01,u01-laptop,finance/expense_reports/,read,2.3
2026-08-24 11:34:55.511510,u08,u08-laptop,hr/leave_records.xlsx,write,6.07
2026-08-24 11:35:48.528363,u09,u09-laptop,sales/pipeline.xlsx,download,1.55
2026-08-24 11:36:01.586972,u01,u01-laptop,finance/expense_reports/,download,1.29
2026-08-24 11:36:26.723892,u05,u05-laptop,it/scripts/,read,0.25
2026-08-24 11:37:12.459969,u12,u12-laptop,eng/ci_logs/,write,2.17
2026-08-24 11:37:43.418174,u12,u12-laptop,eng/ci_logs/,read,4.22
2026-08-24 11:40:35.622899,u08,u08-laptop,hr/leave_records.xlsx,read,1.51
2026-08-24 11:41:02.185321,u13,u13-mobile,hr/policies/,read,2.12
2026-08-24 11:41:50.752456,u15,u15-laptop,it/asset_inventory.xlsx,download,2.38
2026-08-24 11:42:05.417815,u13,u13-mobile,hr/policies/,read,1.55
2026-08-24 11:42:48.032351,u11,u11-laptop,finance/vendor_invoices/,read,1.78
2026-08-24 11:43:40.108680,u01,u01-laptop,finance/expense_reports/,download,0.86
2026-08-24 11:43:47.723193,u08,u08-laptop,hr/leave_records.xlsx,read,2.32
2026-08-24 11:44:36.931365,u04,u04-laptop,sales/decks/,read,3.61
2026-08-24 11:44:39.153380,u14,u14-laptop,sales/pipeline.xlsx,read,3.38
2026-08-24 11:44:46.323507,u01,u01-laptop,finance/general_ledger.xlsx,download,1.63
2026-08-24 11:44:58.871824,u03,u03-laptop,hr/policies/,read,1.94
2026-08-24 11:45:20.567315,u02,u02-laptop,eng/repo/backend/,read,4.03
2026-08-24 11:46:10.890238,u13,u13-mobile,hr/policies/,read,1.94
2026-08-24 11:46:14.046643,u09,u09-laptop,sales/decks/,write,0.97
2026-08-24 11:46:58.792465,u09,u09-laptop,sales/pipeline.xlsx,download,1.46
2026-08-24 11:47:27.520598,u08,u08-laptop,hr/onboarding/,read,2.05
2026-08-24 11:48:36.610212,u01,u01-laptop,finance/budget_2026.xlsx,read,0.67
2026-08-24 11:49:09.116915,u01,u01-laptop,finance/budget_2026.xlsx,download,1.66
2026-08-24 11:49:54.334257,u05,u05-laptop,it/asset_inventory.xlsx,read,0.78
2026-08-24 11:50:01.440803,u07,u07-laptop,eng/repo/backend/,read,2.85
2026-08-24 11:50:09.738004,u09,u09-laptop,sales/decks/,write,4.54
2026-08-24 11:50:42.184973,u15,u15-laptop,it/tickets/,read,2.98
2026-08-24 11:51:26.577358,u13,u13-mobile,hr/leave_records.xlsx,read,1.71
2026-08-24 11:51:34.934055,u04,u04-laptop,sales/contracts/,write,6.12
2026-08-24 11:52:25.313879,u05,u05-laptop,it/asset_inventory.xlsx,read,1.44
2026-08-24 11:53:02.695857,u01,u01-laptop,finance/budget_2026.xlsx,read,2.01
2026-08-24 11:54:50.298747,u07,u07-laptop,eng/repo/frontend/,download,4.57
2026-08-24 11:54:54.916214,u07,u07-laptop,eng/repo/frontend/,read,6.37
2026-08-24 11:56:15.643044,u05,u05-laptop,it/scripts/,read,1.11
2026-08-24 11:56:32.176359,u02,u02-laptop,eng/repo/frontend/,download,1.03
2026-08-24 11:56:42.876783,u09,u09-laptop,sales/contracts/,read,1.89
2026-08-24 11:57:03.021575,u11,u11-laptop,finance/vendor_invoices/,read,1.26
2026-08-24 11:57:10.417258,u07,u07-laptop,eng/repo/backend/,read,4.86
2026-08-24 11:57:30.774168,u08,u08-laptop,hr/leave_records.xlsx,read,4.16
2026-08-24 11:57:37.682786,u08,u08-laptop,hr/leave_records.xlsx,read,2.06
2026-08-24 11:58:09.922376,u11,u11-laptop,finance/general_ledger.xlsx,read,1.03
2026-08-24 11:58:21.268423,u01,u01-laptop,finance/budget_2026.xlsx,read,1.39
2026-08-24 12:01:34.061488,u13,u13-mobile,hr/policies/,write,2.71
2026-08-24 12:03:08.927554,u01,u01-laptop,finance/general_ledger.xlsx,read,2.65
2026-08-24 12:03:14.744196,u13,u13-mobile,hr/leave_records.xlsx,read,1.73
2026-08-24 12:04:31.977269,u13,u13-mobile,hr/onboarding/,read,1.59
2026-08-24 12:08:05.350308,u02,u02-laptop,eng/design_docs/,read,2.31
2026-08-24 12:09:06.981938,u15,u15-laptop,it/asset_inventory.xlsx,read,3.83
2026-08-24 12:09:33.545430,u01,u01-laptop,finance/general_ledger.xlsx,download,1.57
2026-08-24 12:10:51.837331,u08,u08-laptop,hr/policies/,read,3.44
2026-08-24 12:11:44.763494,u07,u07-laptop,eng/repo/backend/,read,3.17
2026-08-24 12:12:02.541896,u08,u08-laptop,hr/leave_records.xlsx,write,7.16
2026-08-24 12:12:56.922708,u15,u15-laptop,it/scripts/,read,3.2
2026-08-24 12:13:32.275305,u11,u11-laptop,finance/budget_2026.xlsx,read,1.87
2026-08-24 12:13:50.773175,u15,u15-laptop,it/scripts/,write,2.97
2026-08-24 12:14:15.552590,u01,u01-laptop,finance/general_ledger.xlsx,read,1.15
2026-08-24 12:17:59.105185,u15,u15-laptop,it/tickets/,read,3.97
2026-08-24 12:18:14.937630,u13,u13-mobile,hr/leave_records.xlsx,download,2.62
2026-08-24 12:18:59.013881,u11,u11-laptop,finance/budget_2026.xlsx,write,2.23
2026-08-24 12:19:02.618688,u13,u13-mobile,hr/policies/,download,2.29
2026-08-24 12:19:28.875619,u07,u07-laptop,eng/design_docs/,download,1.44
2026-08-24 12:19:30.232302,u08,u08-laptop,hr/leave_records.xlsx,read,2.26
2026-08-24 12:20:33.226073,u15,u15-laptop,it/tickets/,read,3.91
2026-08-24 12:21:01.167780,u13,u13-mobile,hr/leave_records.xlsx,write,5.54
2026-08-24 12:21:36.025827,u11,u11-laptop,finance/vendor_invoices/,write,3.33
2026-08-24 12:21:57.064163,u05,u05-laptop,it/asset_inventory.xlsx,read,0.73
2026-08-24 12:23:35.444248,u15,u15-laptop,it/asset_inventory.xlsx,read,4.41
2026-08-24 12:26:19.060812,u12,u12-laptop,eng/ci_logs/,read,1.89
2026-08-24 12:28:31.970200,u08,u08-laptop,hr/policies/,download,1.92
2026-08-24 12:29:10.185891,u08,u08-laptop,hr/leave_records.xlsx,read,5.41
2026-08-24 12:29:10.910190,u08,u08-laptop,hr/policies/,read,2.35
2026-08-24 12:29:12.397066,u11,u11-laptop,finance/general_ledger.xlsx,read,0.76
2026-08-24 12:30:14.882685,u01,u01-laptop,finance/budget_2026.xlsx,read,1.55
2026-08-24 12:30:38.466887,u15,u15-laptop,it/asset_inventory.xlsx,download,6.88
2026-08-24 12:31:07.358923,u13,u13-mobile,hr/leave_records.xlsx,read,3.15
2026-08-24 12:31:55.740308,u12,u12-laptop,eng/repo/backend/,read,5.38
2026-08-24 12:33:49.718798,u15,u15-laptop,it/asset_inventory.xlsx,read,2.51
2026-08-24 12:33:55.233151,u12,u12-laptop,eng/design_docs/,read,4.53
2026-08-24 12:34:48.197403,u11,u11-laptop,finance/vendor_invoices/,read,1.0
2026-08-24 12:34:52.994633,u01,u01-laptop,finance/vendor_invoices/,read,1.33
2026-08-24 12:35:30.987560,u11,u11-laptop,finance/general_ledger.xlsx,write,1.49
2026-08-24 12:36:45.873104,u05,u05-laptop,it/scripts/,download,1.48
2026-08-24 12:36:48.013725,u08,u08-laptop,hr/onboarding/,read,6.05
2026-08-24 12:37:05.464363,u02,u02-laptop,eng/repo/frontend/,read,7.25
2026-08-24 12:37:46.313788,u13,u13-mobile,hr/policies/,read,2.36
2026-08-24 12:39:24.961461,u05,u05-laptop,it/tickets/,read,2.22
2026-08-24 12:39:34.981606,u15,u15-laptop,it/scripts/,download,6.63
2026-08-24 12:40:24.194827,u01,u01-laptop,finance/expense_reports/,read,4.21
2026-08-24 12:40:25.951992,u07,u07-laptop,eng/design_docs/,read,3.7
2026-08-24 12:42:15.374706,u01,u01-laptop,finance/expense_reports/,read,1.16
2026-08-24 12:44:50.851541,u01,u01-laptop,finance/vendor_invoices/,read,4.09
2026-08-24 12:46:13.243957,u07,u07-laptop,eng/ci_logs/,write,5.76
2026-08-24 12:47:45.577088,u08,u08-laptop,hr/onboarding/,download,6.43
2026-08-24 12:48:26.375991,u05,u05-laptop,it/scripts/,read,0.59
2026-08-24 12:49:05.350537,u01,u01-laptop,finance/general_ledger.xlsx,write,0.57
2026-08-24 12:49:26.471252,u01,u01-laptop,finance/budget_2026.xlsx,read,0.92
2026-08-24 12:49:59.818184,u11,u11-laptop,finance/expense_reports/,download,3.88
2026-08-24 12:50:02.725995,u05,u05-laptop,it/asset_inventory.xlsx,read,1.17
2026-08-24 12:50:57.837876,u08,u08-laptop,hr/leave_records.xlsx,write,2.79
2026-08-24 12:51:08.028901,u08,u08-laptop,hr/leave_records.xlsx,read,4.41
2026-08-24 12:51:09.494151,u14,u14-laptop,sales/pipeline.xlsx,write,0.88
2026-08-24 12:57:18.590501,u14,u14-laptop,sales/decks/,download,0.76
2026-08-24 12:58:26.298962,u07,u07-laptop,eng/repo/backend/,read,5.36
2026-08-24 13:02:02.320679,u11,u11-laptop,finance/expense_reports/,read,1.8
2026-08-24 13:02:14.798872,u14,u14-laptop,sales/decks/,read,1.26
2026-08-24 13:02:25.385795,u12,u12-laptop,eng/repo/backend/,write,3.08
2026-08-24 13:03:45.862011,u12,u12-laptop,eng/repo/backend/,read,7.69
2026-08-24 13:04:00.951693,u05,u05-laptop,it/scripts/,write,1.55
2026-08-24 13:04:08.100615,u11,u11-laptop,finance/vendor_invoices/,read,2.99
2026-08-24 13:04:44.280891,u08,u08-laptop,hr/leave_records.xlsx,read,1.69
2026-08-24 13:05:01.231440,u05,u05-laptop,it/tickets/,read,1.58
2026-08-24 13:06:14.070936,u05,u05-laptop,it/asset_inventory.xlsx,read,2.0
2026-08-24 13:15:26.223151,u14,u14-laptop,sales/pipeline.xlsx,read,1.06
2026-08-24 13:22:11.778908,u08,u08-laptop,hr/leave_records.xlsx,write,1.38
2026-08-24 13:22:31.866061,u05,u05-laptop,it/scripts/,read,1.3
2026-08-24 13:24:23.422784,u14,u14-laptop,sales/pipeline.xlsx,write,2.14
2026-08-24 13:26:45.573115,u08,u08-laptop,hr/policies/,read,1.94
2026-08-24 13:27:09.534611,u02,u02-laptop,eng/repo/frontend/,write,2.01
2026-08-24 13:27:28.960421,u08,u08-laptop,hr/onboarding/,read,4.72
2026-08-24 13:34:41.090454,u14,u14-laptop,sales/contracts/,read,0.87
2026-08-24 13:38:52.179546,u14,u14-laptop,sales/contracts/,read,0.52
2026-08-24 13:44:53.965818,u14,u14-laptop,sales/pipeline.xlsx,read,6.29
2026-08-24 13:47:29.772724,u02,u02-laptop,eng/design_docs/,read,15.66
2026-08-24 13:48:14.225442,u14,u14-laptop,sales/pipeline.xlsx,download,1.08
2026-08-24 13:51:50.710505,u14,u14-laptop,sales/pipeline.xlsx,read,1.95
2026-08-24 13:59:04.630704,u14,u14-laptop,sales/decks/,write,2.32
2026-08-24 14:01:06.364474,u14,u14-laptop,sales/decks/,read,1.49
2026-08-24 23:37:38.554255,u10,u10-laptop,it/tickets/,read,2.36
2026-08-24 23:37:55.409406,u10,u10-laptop,it/tickets/,read,1.34
2026-08-24 23:41:53.423499,u10,u10-laptop,it/scripts/,read,5.17
2026-08-24 23:45:46.734764,u10,u10-laptop,it/scripts/,download,1.36
2026-08-24 23:46:33.372149,u10,u10-laptop,it/asset_inventory.xlsx,read,2.21
2026-08-25 00:19:16.241452,u10,u10-laptop,it/asset_inventory.xlsx,read,1.98
2026-08-25 00:27:18.633538,u10,u10-laptop,it/scripts/,write,3.4
2026-08-25 00:28:00.248060,u10,u10-laptop,it/asset_inventory.xlsx,read,4.34
2026-08-25 00:31:00.153950,u10,u10-laptop,it/asset_inventory.xlsx,read,1.31
2026-08-25 00:33:13.548814,u10,u10-laptop,it/tickets/,read,3.22
2026-08-25 00:34:10.005739,u10,u10-laptop,it/tickets/,read,0.97
2026-08-25 07:57:46.289907,u01,u01-mobile,finance/general_ledger.xlsx,read,1.0
2026-08-25 08:14:36.134470,u08,u08-laptop,hr/leave_records.xlsx,read,3.44
2026-08-25 08:16:54.400310,u04,u04-laptop,sales/decks/,read,1.11
2026-08-25 08:17:19.963228,u01,u01-mobile,finance/expense_reports/,read,3.09
2026-08-25 08:17:32.775557,u04,u04-laptop,sales/contracts/,read,5.8
2026-08-25 08:26:11.861556,u03,u03-laptop,hr/leave_records.xlsx,read,1.43
2026-08-25 08:30:03.667570,u03,u03-laptop,hr/onboarding/,write,1.52
2026-08-25 08:32:51.845322,u04,u04-laptop,sales/contracts/,read,4.29
2026-08-25 08:37:58.004568,u01,u01-mobile,finance/vendor_invoices/,read,1.85
2026-08-25 08:43:23.153640,u08,u08-laptop,hr/leave_records.xlsx,read,4.58
2026-08-25 08:45:40.124148,u04,u04-laptop,sales/pipeline.xlsx,write,10.26
2026-08-25 08:47:35.977443,u04,u04-laptop,sales/pipeline.xlsx,read,1.29
2026-08-25 08:48:46.869713,u04,u04-laptop,sales/contracts/,read,9.17
2026-08-25 08:50:28.431478,u04,u04-laptop,sales/pipeline.xlsx,read,6.88
2026-08-25 08:51:05.376032,u15,u15-laptop,it/tickets/,read,2.65
2026-08-25 08:51:30.491980,u04,u04-laptop,sales/pipeline.xlsx,write,2.35
2026-08-25 08:54:05.246259,u08,u08-laptop,hr/onboarding/,write,2.47
2026-08-25 08:54:19.395657,u01,u01-mobile,finance/general_ledger.xlsx,write,2.11
2026-08-25 08:55:17.441217,u08,u08-laptop,hr/policies/,read,2.34
2026-08-25 08:56:44.539261,u15,u15-laptop,it/scripts/,read,4.16
2026-08-25 08:56:54.631456,u08,u08-laptop,hr/onboarding/,read,7.3
2026-08-25 09:00:42.246862,u09,u09-mobile,sales/pipeline.xlsx,read,1.12
2026-08-25 09:00:54.400977,u04,u04-laptop,sales/decks/,download,1.62
2026-08-25 09:02:03.642500,u15,u15-laptop,it/scripts/,read,9.78
2026-08-25 09:03:26.842512,u09,u09-mobile,sales/pipeline.xlsx,read,3.13
2026-08-25 09:04:13.283067,u15,u15-laptop,it/tickets/,read,5.31
2026-08-25 09:05:09.141605,u04,u04-laptop,sales/decks/,download,2.62
2026-08-25 09:06:15.423510,u01,u01-mobile,finance/expense_reports/,download,3.88
2026-08-25 09:10:10.214388,u01,u01-mobile,finance/budget_2026.xlsx,read,2.13
2026-08-25 09:10:17.883899,u13,u13-laptop,hr/onboarding/,read,1.56
2026-08-25 09:14:13.415130,u13,u13-laptop,hr/leave_records.xlsx,write,2.52
2026-08-25 09:15:55.026629,u08,u08-laptop,hr/policies/,download,6.55
2026-08-25 09:17:32.350218,u03,u03-laptop,hr/onboarding/,read,1.57
2026-08-25 09:18:08.004262,u04,u04-laptop,sales/decks/,read,1.04
2026-08-25 09:19:33.847796,u15,u15-laptop,it/asset_inventory.xlsx,read,2.2
2026-08-25 09:19:47.655421,u03,u03-laptop,hr/onboarding/,write,1.28
2026-08-25 09:20:21.997988,u01,u01-mobile,finance/general_ledger.xlsx,read,0.98
2026-08-25 09:21:03.059884,u08,u08-laptop,hr/policies/,read,2.18
2026-08-25 09:21:19.088812,u03,u03-laptop,hr/onboarding/,read,1.9
2026-08-25 09:22:08.369418,u08,u08-laptop,hr/onboarding/,read,5.9
2026-08-25 09:22:20.944515,u15,u15-laptop,it/scripts/,download,3.47
2026-08-25 09:23:28.783241,u13,u13-laptop,hr/onboarding/,read,1.49
2026-08-25 09:25:17.040446,u15,u15-laptop,it/scripts/,download,2.11
2026-08-25 09:26:10.318063,u15,u15-laptop,it/scripts/,download,4.11
2026-08-25 09:28:47.860491,u08,u08-laptop,hr/policies/,read,1.77
2026-08-25 09:30:04.685036,u15,u15-laptop,it/scripts/,read,2.54
2026-08-25 09:30:19.807576,u15,u15-laptop,it/tickets/,write,2.65
2026-08-25 09:31:56.577048,u01,u01-mobile,finance/vendor_invoices/,read,1.57
2026-08-25 09:34:22.776004,u08,u08-laptop,hr/policies/,read,3.7
2026-08-25 09:34:31.380587,u08,u08-laptop,hr/leave_records.xlsx,read,2.04
2026-08-25 09:39:02.002777,u08,u08-laptop,hr/leave_records.xlsx,download,4.68
2026-08-25 09:40:03.624926,u04,u04-laptop,sales/contracts/,read,2.77
2026-08-25 09:40:04.793594,u01,u01-mobile,finance/general_ledger.xlsx,read,1.04
2026-08-25 09:40:34.883487,u11,u11-laptop,finance/vendor_invoices/,write,3.97
2026-08-25 09:42:07.900064,u04,u04-laptop,sales/decks/,read,2.0
2026-08-25 09:42:15.710687,u15,u15-laptop,it/asset_inventory.xlsx,read,1.41
2026-08-25 09:42:30.243450,u01,u01-mobile,finance/general_ledger.xlsx,read,5.74
2026-08-25 09:43:46.800224,u15,u15-laptop,it/asset_inventory.xlsx,read,3.07
2026-08-25 09:44:47.587978,u13,u13-laptop,hr/onboarding/,write,1.48
2026-08-25 09:46:47.552567,u15,u15-laptop,it/asset_inventory.xlsx,write,4.06
2026-08-25 09:48:44.685077,u01,u01-mobile,finance/vendor_invoices/,read,1.98
2026-08-25 09:51:16.155535,u13,u13-laptop,hr/leave_records.xlsx,download,1.76
2026-08-25 09:53:02.472585,u01,u01-mobile,finance/budget_2026.xlsx,download,1.83
2026-08-25 09:53:45.558152,u13,u13-laptop,hr/onboarding/,read,1.18
2026-08-25 09:53:46.288570,u13,u13-laptop,hr/onboarding/,read,1.94
2026-08-25 09:54:33.976314,u08,u08-laptop,hr/leave_records.xlsx,read,1.45
2026-08-25 09:55:10.651532,u15,u15-laptop,it/asset_inventory.xlsx,read,2.8
2026-08-25 09:56:27.735018,u15,u15-laptop,it/scripts/,read,4.85
2026-08-25 09:58:02.443002,u01,u01-mobile,finance/general_ledger.xlsx,read,1.38
2026-08-25 09:59:46.334971,u08,u08-laptop,hr/leave_records.xlsx,read,7.89
2026-08-25 10:02:15.071333,u09,u09-mobile,sales/contracts/,read,1.68
2026-08-25 10:06:23.690257,u11,u11-laptop,finance/general_ledger.xlsx,download,2.27
2026-08-25 10:07:12.472794,u15,u15-laptop,it/asset_inventory.xlsx,read,5.34
2026-08-25 10:07:55.486765,u08,u08-laptop,hr/policies/,read,2.27
2026-08-25 10:09:17.446897,u01,u01-mobile,finance/general_ledger.xlsx,read,3.45
2026-08-25 10:09:49.146380,u08,u08-laptop,hr/leave_records.xlsx,read,2.2
2026-08-25 10:10:28.947897,u04,u04-laptop,sales/contracts/,read,3.28
2026-08-25 10:11:25.950399,u13,u13-laptop,hr/leave_records.xlsx,write,1.66
2026-08-25 10:12:06.149676,u13,u13-laptop,hr/leave_records.xlsx,write,1.24
2026-08-25 10:12:13.602524,u13,u13-laptop,hr/onboarding/,read,3.71
2026-08-25 10:12:36.246035,u01,u01-mobile,finance/budget_2026.xlsx,read,0.54
2026-08-25 10:16:06.124631,u13,u13-laptop,hr/policies/,write,4.13
2026-08-25 10:17:58.673052,u11,u11-laptop,finance/expense_reports/,read,1.99
2026-08-25 10:19:42.353447,u08,u08-laptop,hr/policies/,read,1.0
2026-08-25 10:20:11.392478,u15,u15-laptop,it/asset_inventory.xlsx,read,3.72
2026-08-25 10:21:08.356454,u15,u15-laptop,it/asset_inventory.xlsx,read,5.58
2026-08-25 10:22:28.117099,u08,u08-laptop,hr/salary_bands.xlsx,write,3.36
2026-08-25 10:23:49.166300,u01,u01-mobile,finance/expense_reports/,read,0.88
2026-08-25 10:24:29.574146,u13,u13-laptop,hr/policies/,write,2.96
2026-08-25 10:25:05.046759,u03,u03-laptop,hr/policies/,read,1.36
2026-08-25 10:25:43.886985,u08,u08-laptop,hr/leave_records.xlsx,read,7.81
2026-08-25 10:27:45.282192,u01,u01-mobile,finance/general_ledger.xlsx,read,1.88
2026-08-25 10:28:06.037005,u11,u11-laptop,finance/general_ledger.xlsx,write,0.98
2026-08-25 10:28:35.525240,u11,u11-laptop,finance/bank_account_details.db,read,3.77
2026-08-25 10:30:04.313145,u11,u11-laptop,finance/general_ledger.xlsx,download,0.63
2026-08-25 10:30:53.056135,u15,u15-laptop,it/asset_inventory.xlsx,write,2.46
2026-08-25 10:35:15.517452,u08,u08-laptop,hr/onboarding/,write,0.94
2026-08-25 10:39:56.934922,u15,u15-laptop,it/tickets/,download,1.42
2026-08-25 10:41:12.166964,u08,u08-laptop,hr/leave_records.xlsx,write,2.14
2026-08-25 10:43:47.016579,u15,u15-laptop,it/scripts/,read,5.19
2026-08-25 10:46:17.582593,u01,u01-mobile,finance/vendor_invoices/,write,1.28
2026-08-25 10:46:31.473682,u08,u08-laptop,hr/leave_records.xlsx,read,2.41
2026-08-25 10:47:32.050894,u15,u15-laptop,it/tickets/,write,0.88
2026-08-25 10:49:30.914334,u13,u13-laptop,hr/policies/,read,2.88
2026-08-25 10:51:01.306654,u13,u13-laptop,hr/onboarding/,read,2.77
2026-08-25 10:51:21.312700,u08,u08-laptop,hr/policies/,write,4.18
2026-08-25 10:52:11.355759,u12,u12-laptop,eng/repo/backend/,read,4.87
2026-08-25 10:53:22.895022,u11,u11-laptop,finance/vendor_invoices/,read,1.93
2026-08-25 10:54:23.069796,u01,u01-mobile,finance/expense_reports/,download,3.05
2026-08-25 10:55:11.846392,u12,u12-laptop,eng/repo/frontend/,read,2.89
2026-08-25 10:56:56.199925,u13,u13-laptop,hr/leave_records.xlsx,read,1.48
2026-08-25 10:56:58.094035,u09,u09-mobile,sales/contracts/,write,3.94
2026-08-25 10:57:26.152711,u08,u08-laptop,hr/onboarding/,write,3.71
2026-08-25 10:57:29.619503,u11,u11-laptop,finance/expense_reports/,write,1.62
2026-08-25 10:58:03.239820,u13,u13-laptop,hr/policies/,read,3.98
2026-08-25 10:58:19.226471,u03,u03-laptop,hr/leave_records.xlsx,read,1.37
2026-08-25 11:00:57.530691,u11,u11-laptop,finance/budget_2026.xlsx,download,1.92
2026-08-25 11:01:32.176604,u06,u06-laptop,finance/budget_2026.xlsx,read,3.8
2026-08-25 11:02:16.851143,u02,u02-laptop,eng/repo/backend/,read,2.76
2026-08-25 11:03:06.354130,u09,u09-mobile,sales/decks/,read,4.19
2026-08-25 11:04:24.785622,u14,u14-laptop,sales/decks/,read,2.38
2026-08-25 11:08:12.998461,u11,u11-laptop,finance/budget_2026.xlsx,download,0.71
2026-08-25 11:09:28.114079,u12,u12-laptop,eng/repo/frontend/,write,2.73
2026-08-25 11:10:01.465821,u13,u13-laptop,hr/onboarding/,read,1.45
2026-08-25 11:11:13.069050,u08,u08-laptop,hr/onboarding/,read,3.85
2026-08-25 11:11:22.952082,u05,u05-mobile,it/asset_inventory.xlsx,read,0.71
2026-08-25 11:11:38.353261,u14,u14-laptop,sales/pipeline.xlsx,read,3.04
2026-08-25 11:12:10.596068,u05,u05-mobile,it/scripts/,read,0.75
2026-08-25 11:13:15.330423,u12,u12-laptop,eng/ci_logs/,read,4.12
2026-08-25 11:15:16.912668,u13,u13-laptop,hr/onboarding/,read,0.99
2026-08-25 11:16:47.667106,u08,u08-laptop,hr/policies/,read,2.66
2026-08-25 11:16:58.683388,u14,u14-laptop,sales/contracts/,write,0.94
2026-08-25 11:17:29.209388,u01,u01-mobile,finance/budget_2026.xlsx,read,0.38
2026-08-25 11:18:07.964512,u14,u14-laptop,sales/contracts/,read,0.94
2026-08-25 11:18:37.280138,u12,u12-laptop,eng/ci_logs/,read,3.27
2026-08-25 11:18:50.394599,u01,u01-mobile,finance/expense_reports/,read,1.87
2026-08-25 11:18:53.716226,u08,u08-laptop,hr/onboarding/,download,6.82
2026-08-25 11:19:00.550697,u05,u05-mobile,it/tickets/,read,1.76
2026-08-25 11:19:30.008167,u14,u14-laptop,sales/decks/,read,0.45
2026-08-25 11:21:03.903738,u05,u05-mobile,it/asset_inventory.xlsx,read,1.16
2026-08-25 11:21:08.856201,u05,u05-mobile,it/scripts/,read,1.25
2026-08-25 11:21:51.313184,u14,u14-laptop,sales/decks/,read,0.57
2026-08-25 11:22:09.914562,u08,u08-laptop,hr/policies/,read,3.84
2026-08-25 11:24:22.162445,u14,u14-laptop,sales/contracts/,write,1.7
2026-08-25 11:24:34.350417,u14,u14-laptop,sales/decks/,read,0.88
2026-08-25 11:24:43.544623,u02,u02-laptop,eng/repo/frontend/,read,3.59
2026-08-25 11:25:43.555621,u01,u01-mobile,finance/vendor_invoices/,read,0.63
2026-08-25 11:26:43.581550,u05,u05-mobile,it/asset_inventory.xlsx,read,0.6
2026-08-25 11:26:50.608213,u09,u09-mobile,sales/contracts/,download,1.09
2026-08-25 11:26:53.051362,u01,u01-mobile,finance/budget_2026.xlsx,read,1.59
2026-08-25 11:27:24.581946,u12,u12-laptop,eng/ci_logs/,write,5.03
2026-08-25 11:28:11.528845,u09,u09-mobile,sales/decks/,read,1.01
2026-08-25 11:30:05.594984,u08,u08-laptop,hr/policies/,read,1.28
2026-08-25 11:30:15.443394,u14,u14-laptop,sales/contracts/,read,3.9
2026-08-25 11:31:03.560762,u03,u03-laptop,hr/leave_records.xlsx,read,3.61
2026-08-25 11:31:07.158550,u05,u05-mobile,it/scripts/,read,1.89
2026-08-25 11:31:24.984839,u01,u01-mobile,finance/vendor_invoices/,write,2.69
2026-08-25 11:34:28.965260,u02,u02-laptop,eng/repo/backend/,write,1.78
2026-08-25 11:35:49.892655,u13,u13-laptop,hr/onboarding/,write,5.04
2026-08-25 11:35:50.319832,u12,u12-laptop,eng/repo/frontend/,read,1.91
2026-08-25 11:36:22.173295,u07,u07-laptop,eng/repo/backend/,download,2.08
2026-08-25 11:37:42.434728,u13,u13-laptop,hr/onboarding/,read,2.95
2026-08-25 11:38:24.195125,u11,u11-laptop,finance/vendor_invoices/,read,1.66
2026-08-25 11:39:09.470450,u05,u05-mobile,it/admin_credentials.vault,read,1.02
2026-08-25 11:40:13.742570,u12,u12-laptop,eng/repo/backend/,download,3.8
2026-08-25 11:40:27.643813,u13,u13-laptop,hr/onboarding/,read,4.07
2026-08-25 11:41:43.429523,u15,u15-laptop,it/asset_inventory.xlsx,read,2.88
2026-08-25 11:42:09.391739,u01,u01-mobile,finance/budget_2026.xlsx,read,0.63
2026-08-25 11:43:45.126273,u12,u12-laptop,eng/repo/frontend/,read,2.24
2026-08-25 11:45:39.218385,u05,u05-mobile,it/scripts/,read,6.6
2026-08-25 11:45:56.226510,u02,u02-laptop,eng/ci_logs/,read,1.82
2026-08-25 11:47:23.814977,u15,u15-laptop,it/asset_inventory.xlsx,read,2.23
2026-08-25 11:47:36.306093,u15,u15-laptop,it/asset_inventory.xlsx,read,3.67
2026-08-25 11:47:40.852318,u09,u09-mobile,sales/pipeline.xlsx,read,1.5
2026-08-25 11:47:54.086199,u09,u09-mobile,sales/pipeline.xlsx,download,2.0
2026-08-25 11:48:03.012851,u05,u05-mobile,it/tickets/,read,1.61
2026-08-25 11:48:32.102237,u07,u07-laptop,eng/ci_logs/,download,6.59
2026-08-25 11:49:21.648760,u03,u03-laptop,hr/onboarding/,read,0.73
2026-08-25 11:50:01.680469,u02,u02-laptop,eng/ci_logs/,read,1.27
2026-08-25 11:50:48.912492,u07,u07-laptop,eng/repo/frontend/,read,4.2
2026-08-25 11:51:51.364850,u07,u07-laptop,eng/repo/frontend/,read,2.94
2026-08-25 11:53:15.895710,u15,u15-laptop,it/scripts/,read,2.7
2026-08-25 11:53:31.572139,u14,u14-laptop,sales/contracts/,read,0.96
2026-08-25 11:53:39.908962,u14,u14-laptop,sales/contracts/,read,1.85
2026-08-25 11:54:10.905475,u07,u07-laptop,eng/repo/backend/,read,3.51
2026-08-25 11:54:21.708868,u02,u02-laptop,eng/repo/frontend/,read,3.65
2026-08-25 11:54:40.440679,u07,u07-laptop,eng/repo/frontend/,read,3.45
2026-08-25 11:55:09.984336,u11,u11-laptop,finance/budget_2026.xlsx,read,1.27
2026-08-25 11:55:18.706948,u07,u07-laptop,eng/repo/backend/,write,6.09
2026-08-25 11:55:20.009141,u15,u15-laptop,it/scripts/,read,5.43
2026-08-25 11:56:05.081493,u09,u09-mobile,sales/contracts/,read,1.55
2026-08-25 11:57:26.510294,u14,u14-laptop,sales/decks/,read,2.64
2026-08-25 11:58:09.238907,u07,u07-laptop,eng/design_docs/,read,2.35
2026-08-25 11:58:13.165865,u15,u15-laptop,it/scripts/,read,3.64
2026-08-25 12:05:12.598420,u09,u09-mobile,sales/pipeline.xlsx,read,2.59
2026-08-25 12:06:40.669701,u04,u04-laptop,sales/pipeline.xlsx,read,3.8
2026-08-25 12:06:46.675313,u02,u02-laptop,eng/repo/frontend/,read,2.08
2026-08-25 12:08:49.791205,u14,u14-laptop,sales/decks/,read,0.5
2026-08-25 12:08:50.875186,u05,u05-mobile,it/scripts/,read,1.14
2026-08-25 12:09:22.896497,u11,u11-laptop,finance/budget_2026.xlsx,download,1.41
2026-08-25 12:09:26.189604,u06,u06-laptop,finance/general_ledger.xlsx,read,2.04
2026-08-25 12:11:51.456213,u13,u13-laptop,hr/onboarding/,read,2.15
2026-08-25 12:12:24.696107,u05,u05-mobile,it/tickets/,read,1.03
2026-08-25 12:13:25.590307,u07,u07-laptop,eng/repo/frontend/,read,2.56
2026-08-25 12:14:19.394186,u05,u05-mobile,it/tickets/,write,1.2
2026-08-25 12:14:19.586141,u15,u15-laptop,it/scripts/,write,1.65
2026-08-25 12:15:21.395592,u14,u14-laptop,sales/contracts/,write,1.42
2026-08-25 12:16:24.891742,u07,u07-laptop,eng/design_docs/,read,6.78
2026-08-25 12:19:26.042699,u06,u06-laptop,finance/expense_reports/,write,6.48
2026-08-25 12:21:47.510146,u06,u06-laptop,finance/expense_reports/,read,4.05
2026-08-25 12:22:12.243892,u06,u06-laptop,finance/general_ledger.xlsx,read,2.54
2026-08-25 12:22:16.233194,u05,u05-mobile,it/scripts/,read,0.83
2026-08-25 12:23:12.907220,u05,u05-mobile,it/scripts/,read,1.26
2026-08-25 12:25:59.251417,u06,u06-laptop,finance/expense_reports/,read,3.09
2026-08-25 12:26:16.473928,u02,u02-laptop,eng/design_docs/,download,1.26
2026-08-25 12:29:29.357761,u06,u06-laptop,finance/expense_reports/,read,6.19
2026-08-25 12:30:32.228162,u07,u07-laptop,eng/repo/backend/,read,3.99
2026-08-25 12:31:11.280904,u15,u15-laptop,it/asset_inventory.xlsx,write,3.85
2026-08-25 12:33:24.563436,u05,u05-mobile,it/network_diagram.vsdx,read,1.39
2026-08-25 12:33:52.320822,u07,u07-laptop,eng/design_docs/,write,1.87
2026-08-25 12:34:09.299733,u15,u15-laptop,it/scripts/,read,2.49
2026-08-25 12:37:24.666866,u05,u05-mobile,it/scripts/,read,1.72
2026-08-25 12:38:59.436526,u09,u09-mobile,sales/decks/,read,0.75
2026-08-25 12:39:55.148560,u14,u14-laptop,sales/pipeline.xlsx,read,1.67
2026-08-25 12:45:36.651018,u07,u07-laptop,eng/repo/frontend/,read,8.84
2026-08-25 12:46:16.485141,u04,u04-laptop,sales/pipeline.xlsx,download,1.17
2026-08-25 12:46:18.209787,u12,u12-laptop,eng/ci_logs/,read,2.77
2026-08-25 12:47:35.313081,u09,u09-mobile,sales/pipeline.xlsx,read,1.89
2026-08-25 12:48:27.644266,u12,u12-laptop,eng/design_docs/,read,0.62
2026-08-25 12:49:00.496608,u15,u15-laptop,it/tickets/,read,11.55
2026-08-25 12:50:31.569678,u07,u07-laptop,eng/design_docs/,read,4.68
2026-08-25 12:52:13.822147,u09,u09-mobile,sales/pipeline.xlsx,read,1.24
2026-08-25 12:54:25.156097,u15,u15-laptop,it/asset_inventory.xlsx,read,2.47
2026-08-25 12:56:22.449099,u13,u13-laptop,hr/leave_records.xlsx,read,5.47
2026-08-25 12:59:02.457119,u02,u02-laptop,eng/ci_logs/,read,3.27
2026-08-25 12:59:26.442023,u02,u02-laptop,eng/repo/backend/,read,3.42
2026-08-25 13:01:34.880194,u09,u09-mobile,sales/contracts/,read,1.45
2026-08-25 13:05:31.281785,u09,u09-mobile,sales/pipeline.xlsx,read,2.49
2026-08-25 13:12:06.977340,u04,u04-laptop,sales/pipeline.xlsx,read,1.56
2026-08-25 13:12:40.775968,u04,u04-laptop,sales/pipeline.xlsx,read,2.96
2026-08-25 13:14:52.288836,u13,u13-laptop,hr/policies/,read,1.91
2026-08-25 13:17:41.675971,u04,u04-laptop,sales/contracts/,read,1.22
2026-08-25 13:17:48.442776,u02,u02-laptop,eng/repo/frontend/,download,1.1
2026-08-25 13:19:32.893553,u09,u09-mobile,sales/pipeline.xlsx,write,2.38
2026-08-25 13:23:21.148997,u13,u13-laptop,hr/policies/,read,2.69
2026-08-25 13:25:20.306328,u04,u04-laptop,sales/contracts/,read,2.55
2026-08-25 13:27:29.129646,u04,u04-laptop,sales/pipeline.xlsx,read,5.46
2026-08-25 13:28:24.708280,u02,u02-laptop,eng/repo/backend/,read,1.79
2026-08-25 13:31:22.707456,u14,u14-laptop,sales/contracts/,read,2.58
2026-08-25 13:32:42.337010,u04,u04-laptop,sales/pipeline.xlsx,read,6.77
2026-08-25 13:39:32.104026,u04,u04-laptop,sales/contracts/,read,3.39
2026-08-25 13:41:33.000167,u02,u02-laptop,eng/repo/frontend/,read,1.79
2026-08-25 13:44:12.383652,u12,u12-laptop,eng/repo/frontend/,read,2.6
2026-08-25 13:55:25.344680,u04,u04-laptop,sales/pipeline.xlsx,read,2.1
2026-08-25 13:55:58.727639,u04,u04-laptop,sales/decks/,read,5.95
2026-08-25 14:02:32.100104,u04,u04-laptop,sales/contracts/,read,6.07
2026-08-25 14:03:47.515268,u04,u04-laptop,sales/pipeline.xlsx,read,8.8
2026-08-25 14:04:48.910080,u02,u02-laptop,eng/ci_logs/,read,1.86
2026-08-25 14:11:02.805076,u02,u02-laptop,eng/repo/backend/,read,2.85
2026-08-25 14:16:24.320693,u02,u02-laptop,eng/design_docs/,read,3.58
2026-08-25 14:24:00.578946,u04,u04-laptop,sales/pipeline.xlsx,read,4.22
2026-08-25 20:13:21.857693,u10,u10-laptop,it/tickets/,read,0.87
2026-08-25 20:41:41.940424,u10,u10-laptop,it/scripts/,read,1.22
2026-08-25 20:49:24.261591,u10,u10-laptop,it/scripts/,read,1.55
2026-08-25 21:02:03.821468,u10,u10-laptop,it/tickets/,download,1.38
2026-08-25 21:12:40.016242,u10,u10-laptop,it/scripts/,write,1.75
2026-08-25 23:06:27.561254,u10,u10-laptop,it/scripts/,read,2.35
2026-08-25 23:16:38.018984,u10,u10-laptop,it/asset_inventory.xlsx,read,3.15
2026-08-25 23:20:31.569344,u10,u10-laptop,it/tickets/,read,1.1
2026-08-25 23:29:32.908070,u10,u10-laptop,it/asset_inventory.xlsx,download,0.95
2026-08-25 23:44:44.127929,u10,u10-laptop,it/tickets/,write,1.37
2026-08-26 07:59:40.986671,u06,u06-laptop,finance/general_ledger.xlsx,write,6.53
2026-08-26 08:09:15.665269,u06,u06-laptop,finance/general_ledger.xlsx,read,1.4
2026-08-26 08:12:49.242640,u08,u08-laptop,hr/onboarding/,write,4.48
2026-08-26 08:16:41.909913,u11,u11-laptop,finance/vendor_invoices/,write,0.38
2026-08-26 08:20:16.620579,u06,u06-laptop,finance/vendor_invoices/,read,7.82
2026-08-26 08:22:02.655466,u08,u08-laptop,hr/policies/,read,8.74
2026-08-26 08:28:22.487608,u06,u06-laptop,finance/expense_reports/,read,4.25
2026-08-26 08:29:40.552531,u08,u08-laptop,hr/onboarding/,read,3.79
2026-08-26 08:35:30.524965,u06,u06-laptop,finance/general_ledger.xlsx,read,3.7
2026-08-26 08:47:36.495592,u09,u09-laptop,sales/contracts/,read,4.47
2026-08-26 08:52:21.334784,u05,u05-mobile,it/asset_inventory.xlsx,download,1.59
2026-08-26 08:54:22.945010,u11,u11-laptop,finance/budget_2026.xlsx,read,1.86
2026-08-26 08:54:57.126457,u12,u12-laptop,eng/repo/backend/,read,1.35
2026-08-26 08:56:28.762044,u08,u08-laptop,hr/onboarding/,write,3.17
2026-08-26 08:56:39.287372,u02,u02-laptop,eng/repo/backend/,read,1.53
2026-08-26 08:58:27.328630,u15,u15-laptop,it/network_diagram.vsdx,read,4.27
2026-08-26 09:00:32.052508,u12,u12-laptop,eng/ci_logs/,read,1.49
2026-08-26 09:01:28.361764,u08,u08-laptop,hr/policies/,write,4.95
2026-08-26 09:01:32.486817,u12,u12-laptop,eng/ci_logs/,read,2.44
2026-08-26 09:03:34.963112,u15,u15-laptop,it/asset_inventory.xlsx,read,1.86
2026-08-26 09:05:42.682727,u08,u08-laptop,hr/onboarding/,read,3.23
2026-08-26 09:07:05.993967,u12,u12-laptop,eng/design_docs/,read,4.25
2026-08-26 09:08:05.965123,u12,u12-laptop,eng/repo/frontend/,read,3.43
2026-08-26 09:09:03.649165,u06,u06-laptop,finance/general_ledger.xlsx,read,3.88
2026-08-26 09:09:47.422664,u01,u01-mobile,finance/vendor_invoices/,write,0.61
2026-08-26 09:09:53.687997,u05,u05-mobile,it/scripts/,write,1.5
2026-08-26 09:11:09.516525,u12,u12-laptop,eng/design_docs/,write,2.06
2026-08-26 09:12:28.838959,u15,u15-laptop,it/scripts/,write,2.1
2026-08-26 09:14:59.817434,u05,u05-mobile,it/scripts/,write,3.33
2026-08-26 09:16:13.858383,u12,u12-laptop,eng/ci_logs/,read,2.74
2026-08-26 09:17:00.960731,u01,u01-mobile,finance/budget_2026.xlsx,write,0.48
2026-08-26 09:17:02.406263,u15,u15-laptop,it/scripts/,read,2.05
2026-08-26 09:19:28.783167,u15,u15-laptop,it/scripts/,read,2.01
2026-08-26 09:20:02.156222,u12,u12-laptop,eng/design_docs/,download,1.83
2026-08-26 09:23:50.900464,u09,u09-laptop,sales/pipeline.xlsx,read,3.12
2026-08-26 09:26:56.508948,u01,u01-mobile,finance/vendor_invoices/,download,1.68
2026-08-26 09:29:19.694370,u15,u15-laptop,it/scripts/,read,3.59
2026-08-26 09:30:05.041834,u09,u09-laptop,sales/decks/,read,3.17
2026-08-26 09:30:31.492333,u01,u01-mobile,finance/budget_2026.xlsx,write,0.88
2026-08-26 09:31:20.570315,u01,u01-mobile,finance/vendor_invoices/,write,2.26
2026-08-26 09:31:43.013338,u05,u05-mobile,it/tickets/,read,0.17
2026-08-26 09:32:13.555651,u11,u11-laptop,finance/budget_2026.xlsx,read,1.44
2026-08-26 09:33:50.780038,u11,u11-laptop,finance/budget_2026.xlsx,read,0.48
2026-08-26 09:36:10.049711,u12,u12-laptop,eng/repo/backend/,write,2.57
2026-08-26 09:38:00.716501,u09,u09-laptop,sales/pipeline.xlsx,read,2.59
2026-08-26 09:38:26.094461,u01,u01-mobile,finance/general_ledger.xlsx,read,3.24
2026-08-26 09:38:48.687263,u05,u05-mobile,it/asset_inventory.xlsx,read,3.31
2026-08-26 09:39:00.493821,u12,u12-laptop,eng/ci_logs/,read,3.11
2026-08-26 09:39:32.554731,u09,u09-laptop,sales/decks/,read,1.56
2026-08-26 09:40:50.555804,u12,u12-laptop,eng/repo/frontend/,write,3.89
2026-08-26 09:41:12.385969,u12,u12-laptop,eng/design_docs/,write,1.4
2026-08-26 09:41:44.747276,u01,u01-mobile,finance/general_ledger.xlsx,read,1.44
2026-08-26 09:42:08.833791,u02,u02-laptop,eng/repo/backend/,download,1.06
2026-08-26 09:42:25.492553,u11,u11-laptop,finance/budget_2026.xlsx,write,3.87
2026-08-26 09:43:30.944290,u11,u11-laptop,finance/expense_reports/,read,3.85
2026-08-26 09:43:35.577856,u01,u01-mobile,finance/budget_2026.xlsx,download,0.76
2026-08-26 09:44:08.324408,u02,u02-laptop,eng/design_docs/,read,3.37
2026-08-26 09:44:38.800254,u11,u11-laptop,finance/budget_2026.xlsx,read,2.19
2026-08-26 09:45:24.897103,u03,u03-laptop,hr/policies/,read,0.8
2026-08-26 09:46:20.808557,u01,u01-mobile,finance/general_ledger.xlsx,download,1.41
2026-08-26 09:46:23.268544,u12,u12-laptop,eng/design_docs/,read,3.36
2026-08-26 09:47:01.068273,u09,u09-laptop,sales/contracts/,write,1.56
2026-08-26 09:47:48.244727,u09,u09-laptop,sales/pipeline.xlsx,read,2.38
2026-08-26 09:50:15.569060,u15,u15-laptop,it/tickets/,read,2.1
2026-08-26 09:50:47.129490,u15,u15-laptop,it/asset_inventory.xlsx,read,1.4
2026-08-26 09:51:14.497194,u02,u02-laptop,eng/ci_logs/,read,2.67
2026-08-26 09:51:28.404229,u12,u12-laptop,eng/repo/frontend/,read,1.72
2026-08-26 09:52:35.346620,u12,u12-laptop,eng/repo/backend/,write,10.04
2026-08-26 09:53:22.333782,u12,u12-laptop,eng/repo/backend/,read,2.64
2026-08-26 09:54:48.136926,u12,u12-laptop,eng/ci_logs/,write,2.94
2026-08-26 09:55:36.266741,u12,u12-laptop,eng/repo/backend/,read,3.17
2026-08-26 09:58:06.228843,u12,u12-laptop,eng/repo/frontend/,read,5.51
2026-08-26 09:58:28.821042,u01,u01-mobile,finance/general_ledger.xlsx,read,1.24
2026-08-26 09:59:52.258146,u12,u12-laptop,eng/design_docs/,read,9.96
2026-08-26 10:00:25.432751,u12,u12-laptop,eng/repo/frontend/,read,5.55
2026-08-26 10:01:24.810131,u11,u11-laptop,finance/vendor_invoices/,read,1.14
2026-08-26 10:01:32.517741,u09,u09-laptop,sales/decks/,read,2.96
2026-08-26 10:01:37.456396,u13,u13-laptop,hr/leave_records.xlsx,read,1.92
2026-08-26 10:02:03.432231,u02,u02-laptop,eng/repo/frontend/,download,2.44
2026-08-26 10:03:02.853422,u09,u09-laptop,sales/pipeline.xlsx,read,2.13
2026-08-26 10:05:34.904671,u01,u01-mobile,finance/budget_2026.xlsx,read,0.67
2026-08-26 10:09:44.746675,u11,u11-laptop,finance/general_ledger.xlsx,read,0.79
2026-08-26 10:10:47.153090,u06,u06-laptop,finance/expense_reports/,read,5.67
2026-08-26 10:12:18.189465,u01,u01-mobile,finance/general_ledger.xlsx,read,1.17
2026-08-26 10:12:51.095724,u03,u03-laptop,hr/policies/,write,1.72
2026-08-26 10:13:29.644334,u13,u13-laptop,hr/onboarding/,read,2.29
2026-08-26 10:13:55.754185,u01,u01-mobile,finance/general_ledger.xlsx,read,9.99
2026-08-26 10:14:18.176461,u13,u13-laptop,hr/onboarding/,read,2.66
2026-08-26 10:15:13.562450,u15,u15-laptop,it/scripts/,write,2.82
2026-08-26 10:15:22.091512,u03,u03-laptop,hr/leave_records.xlsx,read,0.57
2026-08-26 10:15:42.737301,u12,u12-laptop,eng/ci_logs/,read,3.07
2026-08-26 10:16:44.440216,u12,u12-laptop,eng/design_docs/,write,7.82
2026-08-26 10:17:19.344915,u05,u05-mobile,it/tickets/,read,1.98
2026-08-26 10:18:41.018615,u15,u15-laptop,it/asset_inventory.xlsx,read,3.06
2026-08-26 10:18:42.693820,u08,u08-laptop,hr/onboarding/,write,2.84
2026-08-26 10:18:59.830105,u01,u01-mobile,finance/expense_reports/,read,1.46
2026-08-26 10:19:22.418044,u12,u12-laptop,eng/ci_logs/,read,4.53
2026-08-26 10:20:10.658453,u12,u12-laptop,eng/design_docs/,read,2.77
2026-08-26 10:22:15.273269,u15,u15-laptop,it/scripts/,download,2.94
2026-08-26 10:23:04.753959,u03,u03-laptop,hr/onboarding/,read,0.65
2026-08-26 10:23:29.795115,u11,u11-laptop,finance/budget_2026.xlsx,write,0.92
2026-08-26 10:23:41.344118,u12,u12-laptop,eng/design_docs/,read,1.92
2026-08-26 10:24:56.355122,u14,u14-laptop,sales/decks/,read,0.41
2026-08-26 10:26:16.827461,u06,u06-laptop,finance/budget_2026.xlsx,write,2.09
2026-08-26 10:26:43.522344,u11,u11-laptop,finance/general_ledger.xlsx,write,2.19
2026-08-26 10:28:28.191842,u08,u08-laptop,hr/leave_records.xlsx,read,2.05
2026-08-26 10:31:48.824543,u03,u03-laptop,hr/policies/,download,0.77
2026-08-26 10:35:44.578899,u13,u13-laptop,hr/onboarding/,read,2.17
2026-08-26 10:36:08.335950,u06,u06-laptop,finance/budget_2026.xlsx,read,8.19
2026-08-26 10:37:41.698280,u08,u08-laptop,hr/onboarding/,read,3.39
2026-08-26 10:39:58.930223,u14,u14-laptop,sales/decks/,write,1.82
2026-08-26 10:41:37.979240,u14,u14-laptop,sales/contracts/,read,2.19
2026-08-26 10:44:11.302393,u03,u03-laptop,hr/policies/,read,1.5
2026-08-26 10:45:55.919292,u06,u06-laptop,finance/expense_reports/,write,4.31
2026-08-26 10:46:29.744761,u06,u06-laptop,finance/expense_reports/,read,4.71
2026-08-26 10:46:55.416338,u11,u11-laptop,finance/expense_reports/,write,2.07
2026-08-26 10:47:21.183746,u15,u15-laptop,it/scripts/,download,2.83
2026-08-26 10:47:39.289966,u01,u01-mobile,finance/budget_2026.xlsx,write,7.36
2026-08-26 10:48:45.156675,u15,u15-laptop,it/tickets/,read,12.23
2026-08-26 10:50:34.853133,u03,u03-laptop,hr/leave_records.xlsx,read,4.11
2026-08-26 10:50:43.982569,u13,u13-laptop,hr/onboarding/,read,3.1
2026-08-26 10:50:47.215588,u15,u15-laptop,it/tickets/,write,3.18
2026-08-26 10:53:23.483464,u15,u15-laptop,it/asset_inventory.xlsx,write,3.12
2026-08-26 10:55:55.690062,u03,u03-laptop,hr/policies/,write,5.16
2026-08-26 10:57:29.656497,u08,u08-laptop,hr/leave_records.xlsx,read,4.22
2026-08-26 10:58:14.754824,u08,u08-laptop,hr/policies/,read,11.3
2026-08-26 10:58:57.624499,u06,u06-laptop,finance/vendor_invoices/,read,4.38
2026-08-26 11:00:54.910893,u15,u15-laptop,it/asset_inventory.xlsx,read,2.05
2026-08-26 11:01:38.667897,u13,u13-laptop,hr/leave_records.xlsx,write,3.37
2026-08-26 11:02:34.431573,u08,u08-laptop,hr/onboarding/,write,2.04
2026-08-26 11:03:00.416706,u01,u01-mobile,finance/budget_2026.xlsx,download,2.45
2026-08-26 11:04:39.722549,u06,u06-laptop,finance/general_ledger.xlsx,write,1.52
2026-08-26 11:05:04.874127,u15,u15-laptop,it/asset_inventory.xlsx,write,2.01
2026-08-26 11:05:13.993229,u15,u15-laptop,it/tickets/,read,0.78
2026-08-26 11:06:33.810680,u08,u08-laptop,hr/leave_records.xlsx,read,1.27
2026-08-26 11:07:54.076200,u15,u15-laptop,it/tickets/,read,1.06
2026-08-26 11:08:56.899075,u15,u15-laptop,it/asset_inventory.xlsx,read,2.6
2026-08-26 11:10:34.396250,u08,u08-laptop,hr/leave_records.xlsx,read,3.94
2026-08-26 11:11:09.411325,u03,u03-laptop,hr/onboarding/,download,1.11
2026-08-26 11:12:37.323008,u11,u11-laptop,finance/budget_2026.xlsx,read,0.82
2026-08-26 11:12:54.001634,u13,u13-laptop,hr/leave_records.xlsx,download,0.59
2026-08-26 11:13:19.747342,u15,u15-laptop,it/asset_inventory.xlsx,download,2.64
2026-08-26 11:13:20.898109,u15,u15-laptop,it/asset_inventory.xlsx,write,3.9
2026-08-26 11:13:24.615113,u13,u13-laptop,hr/leave_records.xlsx,read,2.59
2026-08-26 11:13:29.322551,u06,u06-laptop,finance/budget_2026.xlsx,read,7.78
2026-08-26 11:13:50.367036,u13,u13-laptop,hr/onboarding/,read,4.32
2026-08-26 11:17:29.163062,u15,u15-laptop,it/asset_inventory.xlsx,read,2.99
2026-08-26 11:17:35.750541,u13,u13-laptop,hr/policies/,read,3.85
2026-08-26 11:17:51.265357,u15,u15-laptop,it/tickets/,write,1.86
2026-08-26 11:18:20.780551,u08,u08-laptop,hr/policies/,read,5.44
2026-08-26 11:21:38.333523,u14,u14-laptop,sales/pipeline.xlsx,read,2.6
2026-08-26 11:22:37.135253,u06,u06-laptop,finance/budget_2026.xlsx,read,3.92
2026-08-26 11:23:04.386864,u06,u06-laptop,finance/vendor_invoices/,read,2.58
2026-08-26 11:23:43.235874,u14,u14-laptop,sales/contracts/,write,0.35
2026-08-26 11:23:45.751970,u05,u05-mobile,it/scripts/,write,1.88
2026-08-26 11:23:50.073821,u15,u15-laptop,it/tickets/,read,5.4
2026-08-26 11:24:40.793683,u08,u08-laptop,hr/leave_records.xlsx,read,7.41
2026-08-26 11:25:06.399453,u09,u09-laptop,sales/decks/,read,4.5
2026-08-26 11:26:30.685030,u05,u05-mobile,it/asset_inventory.xlsx,read,1.33
2026-08-26 11:27:21.074148,u01,u01-mobile,finance/expense_reports/,write,0.63
2026-08-26 11:28:25.889639,u13,u13-laptop,hr/policies/,read,0.8
2026-08-26 11:28:27.336038,u13,u13-laptop,hr/leave_records.xlsx,read,2.0
2026-08-26 11:29:02.496745,u15,u15-laptop,it/asset_inventory.xlsx,read,4.57
2026-08-26 11:29:51.198463,u06,u06-laptop,finance/vendor_invoices/,read,2.69
2026-08-26 11:31:15.043096,u06,u06-laptop,finance/budget_2026.xlsx,read,2.25
2026-08-26 11:31:46.462269,u08,u08-laptop,hr/leave_records.xlsx,read,2.06
2026-08-26 11:33:49.134058,u13,u13-laptop,hr/employee_records.db,read,3.83
2026-08-26 11:34:38.001523,u13,u13-laptop,hr/leave_records.xlsx,read,1.91
2026-08-26 11:35:27.933669,u15,u15-laptop,it/asset_inventory.xlsx,download,1.76
2026-08-26 11:35:52.441869,u14,u14-laptop,sales/contracts/,read,2.78
2026-08-26 11:36:56.482702,u09,u09-laptop,sales/decks/,read,5.07
2026-08-26 11:39:40.877826,u02,u02-laptop,eng/repo/backend/,write,1.5
2026-08-26 11:40:08.377207,u05,u05-mobile,it/scripts/,read,1.28
2026-08-26 11:40:11.309788,u15,u15-laptop,it/asset_inventory.xlsx,download,5.46
2026-08-26 11:42:20.653293,u09,u09-laptop,sales/client_contracts_confidential/,read,1.51
2026-08-26 11:42:31.489757,u08,u08-laptop,hr/policies/,write,2.01
2026-08-26 11:43:19.321097,u01,u01-mobile,finance/budget_2026.xlsx,read,1.14
2026-08-26 11:43:34.367263,u08,u08-laptop,hr/onboarding/,download,2.55
2026-08-26 11:43:34.885504,u01,u01-mobile,finance/vendor_invoices/,write,1.74
2026-08-26 11:44:09.950663,u11,u11-laptop,finance/budget_2026.xlsx,read,5.6
2026-08-26 11:45:57.835441,u15,u15-laptop,it/scripts/,download,1.7
2026-08-26 11:47:25.907821,u15,u15-laptop,it/asset_inventory.xlsx,download,4.37
2026-08-26 11:48:39.382321,u03,u03-laptop,hr/onboarding/,read,1.6
2026-08-26 11:51:45.836317,u08,u08-laptop,hr/onboarding/,read,12.12
2026-08-26 11:54:17.925982,u15,u15-laptop,it/scripts/,download,4.48
2026-08-26 11:56:19.546440,u01,u01-mobile,finance/budget_2026.xlsx,read,1.0
2026-08-26 11:56:47.978248,u03,u03-laptop,hr/policies/,download,1.78
2026-08-26 11:58:55.266112,u08,u08-laptop,hr/leave_records.xlsx,download,2.85
2026-08-26 11:59:12.824429,u09,u09-laptop,sales/decks/,write,1.06
2026-08-26 11:59:15.364623,u13,u13-laptop,hr/leave_records.xlsx,read,2.75
2026-08-26 11:59:16.493182,u08,u08-laptop,hr/onboarding/,read,1.04
2026-08-26 12:00:06.801473,u14,u14-laptop,sales/decks/,read,1.88
2026-08-26 12:00:11.922894,u15,u15-laptop,it/scripts/,read,3.01
2026-08-26 12:02:06.252164,u15,u15-laptop,it/scripts/,read,3.01
2026-08-26 12:03:02.450094,u01,u01-mobile,finance/budget_2026.xlsx,read,1.1
2026-08-26 12:04:14.845427,u15,u15-laptop,it/asset_inventory.xlsx,read,3.02
2026-08-26 12:05:42.160001,u15,u15-laptop,it/asset_inventory.xlsx,write,2.42
2026-08-26 12:06:50.268375,u14,u14-laptop,sales/decks/,read,0.45
2026-08-26 12:07:16.326961,u13,u13-laptop,hr/policies/,read,1.44
2026-08-26 12:07:43.366907,u09,u09-laptop,sales/pipeline.xlsx,download,0.51
2026-08-26 12:08:55.302800,u05,u05-mobile,it/scripts/,read,1.65
2026-08-26 12:13:27.967434,u03,u03-laptop,hr/policies/,read,0.52
2026-08-26 12:14:42.152576,u08,u08-laptop,hr/policies/,read,3.26
2026-08-26 12:17:02.715715,u02,u02-laptop,eng/repo/frontend/,read,0.6
2026-08-26 12:17:06.673959,u15,u15-laptop,it/tickets/,read,3.55
2026-08-26 12:17:35.335077,u02,u02-laptop,eng/ci_logs/,read,4.92
2026-08-26 12:19:14.309567,u13,u13-laptop,hr/policies/,read,1.77
2026-08-26 12:21:00.513230,u14,u14-laptop,sales/pipeline.xlsx,read,2.9
2026-08-26 12:21:42.708896,u14,u14-laptop,sales/pipeline.xlsx,read,1.03
2026-08-26 12:31:21.687361,u02,u02-laptop,eng/design_docs/,download,5.68
2026-08-26 12:31:28.845131,u14,u14-laptop,sales/contracts/,read,0.71
2026-08-26 12:31:49.592608,u02,u02-laptop,eng/ci_logs/,read,1.23
2026-08-26 12:39:50.591115,u03,u03-laptop,hr/onboarding/,read,2.74
2026-08-26 12:46:21.251770,u03,u03-laptop,hr/policies/,write,1.47
2026-08-26 12:53:19.144744,u14,u14-laptop,sales/contracts/,read,0.74
2026-08-26 12:56:14.843150,u02,u02-laptop,eng/design_docs/,read,3.75
2026-08-26 12:56:51.033672,u14,u14-laptop,sales/decks/,write,2.04
2026-08-26 13:04:22.031762,u02,u02-laptop,eng/design_docs/,write,2.81
2026-08-26 13:04:27.762901,u14,u14-laptop,sales/decks/,read,0.76
2026-08-26 13:04:29.710964,u14,u14-laptop,sales/contracts/,read,1.42
2026-08-26 13:05:22.618950,u14,u14-laptop,sales/decks/,read,2.4
2026-08-26 13:05:30.857599,u03,u03-laptop,hr/policies/,read,2.9
2026-08-26 13:15:44.966540,u13,u13-laptop,hr/leave_records.xlsx,download,1.9
2026-08-26 13:18:03.007266,u11,u11-laptop,finance/general_ledger.xlsx,read,3.69
2026-08-26 13:19:13.133076,u13,u13-laptop,hr/onboarding/,read,1.77
2026-08-26 13:20:59.364272,u14,u14-laptop,sales/contracts/,read,0.93
2026-08-26 13:24:41.536111,u02,u02-laptop,eng/design_docs/,download,2.0
2026-08-26 13:35:54.982607,u13,u13-laptop,hr/onboarding/,download,1.57
2026-08-26 13:40:36.147817,u14,u14-laptop,sales/decks/,read,1.32
2026-08-26 14:04:00.474074,u13,u13-laptop,hr/policies/,write,1.83
2026-08-26 14:05:29.240792,u13,u13-laptop,hr/onboarding/,read,1.54
2026-08-26 14:07:01.940722,u14,u14-laptop,sales/contracts/,write,1.47
2026-08-26 14:12:01.069975,u14,u14-laptop,sales/contracts/,read,1.42
2026-08-26 14:14:00.273491,u14,u14-laptop,sales/pipeline.xlsx,read,1.04
2026-08-26 22:36:38.025741,u10,u10-laptop,it/tickets/,read,3.02
2026-08-26 22:43:44.480494,u10,u10-laptop,it/asset_inventory.xlsx,read,0.64
2026-08-26 22:48:52.859169,u10,u10-laptop,it/asset_inventory.xlsx,read,1.72
2026-08-26 22:52:55.930246,u10,u10-laptop,it/asset_inventory.xlsx,read,2.67
2026-08-26 22:57:01.421890,u10,u10-laptop,it/scripts/,read,1.44
2026-08-26 23:01:34.044011,u10,u10-laptop,it/asset_inventory.xlsx,read,3.82
2026-08-26 23:08:50.289403,u10,u10-laptop,it/asset_inventory.xlsx,read,1.49
2026-08-26 23:09:29.965097,u10,u10-laptop,it/tickets/,read,1.71
2026-08-26 23:12:12.316358,u10,u10-laptop,it/asset_inventory.xlsx,read,2.67
2026-08-26 23:12:58.693123,u10,u10-laptop,it/scripts/,read,0.47
2026-08-26 23:14:26.257759,u10,u10-laptop,it/scripts/,download,1.3
2026-08-26 23:21:50.570790,u10,u10-laptop,it/tickets/,read,1.52
2026-08-27 06:32:22.091260,u03,u03-laptop,hr/leave_records.xlsx,download,6.78
2026-08-27 06:37:42.762887,u03,u03-laptop,hr/policies/,read,2.01
2026-08-27 06:38:21.025693,u03,u03-laptop,hr/policies/,read,2.58
2026-08-27 06:40:53.436193,u03,u03-laptop,hr/onboarding/,read,0.95
2026-08-27 06:43:45.337002,u03,u03-laptop,hr/leave_records.xlsx,read,0.99
2026-08-27 06:53:23.906263,u03,u03-laptop,hr/policies/,read,2.63
2026-08-27 06:57:22.971263,u03,u03-laptop,hr/policies/,read,1.44
2026-08-27 07:05:18.873723,u03,u03-laptop,hr/leave_records.xlsx,download,0.62
2026-08-27 07:06:53.744368,u03,u03-laptop,hr/policies/,read,0.5
2026-08-27 07:07:48.608393,u03,u03-laptop,hr/onboarding/,read,0.94
2026-08-27 07:30:54.202027,u03,u03-laptop,hr/policies/,read,1.84
2026-08-27 07:32:46.436643,u13,u13-laptop,hr/policies/,download,1.18
2026-08-27 07:35:30.683129,u03,u03-laptop,hr/leave_records.xlsx,read,0.94
2026-08-27 07:41:14.586922,u13,u13-laptop,hr/policies/,write,2.45
2026-08-27 07:44:50.465753,u05,u05-mobile,it/asset_inventory.xlsx,read,2.02
2026-08-27 07:45:41.803348,u02,u02-laptop,eng/ci_logs/,read,3.88
2026-08-27 07:46:12.939736,u05,u05-mobile,it/scripts/,read,1.28
2026-08-27 07:48:32.468948,u05,u05-mobile,it/asset_inventory.xlsx,read,0.72
2026-08-27 07:49:42.129931,u02,u02-laptop,eng/repo/backend/,read,3.96
2026-08-27 07:52:44.566277,u05,u05-mobile,it/asset_inventory.xlsx,read,1.82
2026-08-27 07:52:51.460055,u05,u05-mobile,it/asset_inventory.xlsx,read,0.63
2026-08-27 08:19:56.380294,u05,u05-mobile,it/tickets/,write,3.32
2026-08-27 08:21:42.022429,u05,u05-mobile,it/asset_inventory.xlsx,read,3.0
2026-08-27 08:29:10.879114,u05,u05-mobile,it/asset_inventory.xlsx,write,0.68
2026-08-27 08:32:34.522617,u13,u13-laptop,hr/policies/,read,2.27
2026-08-27 08:35:59.865285,u05,u05-mobile,it/asset_inventory.xlsx,write,1.43
2026-08-27 08:41:42.635394,u05,u05-mobile,it/asset_inventory.xlsx,download,5.12
2026-08-27 08:53:25.870152,u05,u05-mobile,it/tickets/,read,5.58
2026-08-27 08:53:26.403200,u05,u05-mobile,it/scripts/,write,1.44
2026-08-27 08:54:02.635691,u13,u13-laptop,hr/leave_records.xlsx,read,1.56
2026-08-27 08:54:52.569509,u08,u08-laptop,hr/leave_records.xlsx,read,9.47
2026-08-27 08:59:58.185358,u05,u05-mobile,it/asset_inventory.xlsx,read,2.04
2026-08-27 09:01:34.901680,u05,u05-mobile,it/asset_inventory.xlsx,read,0.97
2026-08-27 09:01:49.766859,u02,u02-laptop,eng/design_docs/,read,1.65
2026-08-27 09:02:50.773866,u05,u05-mobile,it/tickets/,read,1.51
2026-08-27 09:07:20.759758,u15,u15-laptop,it/tickets/,read,2.55
2026-08-27 09:14:49.689448,u08,u08-laptop,hr/policies/,download,7.74
2026-08-27 09:19:33.102574,u08,u08-laptop,hr/leave_records.xlsx,read,1.23
2026-08-27 09:26:46.775033,u15,u15-laptop,it/scripts/,read,2.22
2026-08-27 09:27:39.270594,u08,u08-laptop,hr/onboarding/,read,3.05
2026-08-27 09:31:45.681164,u15,u15-laptop,it/asset_inventory.xlsx,write,1.84
2026-08-27 09:31:46.747691,u13,u13-laptop,hr/onboarding/,read,0.83
2026-08-27 09:33:10.057786,u07,u07-laptop,eng/design_docs/,write,2.5
2026-08-27 09:33:21.897242,u15,u15-laptop,it/scripts/,read,4.63
2026-08-27 09:33:27.455942,u08,u08-laptop,hr/policies/,read,2.26
2026-08-27 09:33:28.812729,u02,u02-laptop,eng/repo/backend/,read,1.33
2026-08-27 09:33:36.007790,u15,u15-laptop,it/scripts/,read,4.35
2026-08-27 09:35:30.130396,u08,u08-laptop,hr/policies/,read,4.2
2026-08-27 09:36:32.542118,u04,u04-laptop,sales/decks/,write,4.11
2026-08-27 09:37:37.527595,u04,u04-laptop,sales/contracts/,read,2.86
2026-08-27 09:39:50.118382,u15,u15-laptop,it/scripts/,read,1.3
2026-08-27 09:40:23.846438,u06,u06-laptop,finance/budget_2026.xlsx,read,1.99
2026-08-27 09:41:09.795319,u01,u01-laptop,finance/budget_2026.xlsx,write,2.91
2026-08-27 09:41:26.448251,u15,u15-laptop,it/scripts/,write,2.29
2026-08-27 09:41:32.416223,u08,u08-laptop,hr/onboarding/,download,5.46
2026-08-27 09:41:45.751245,u01,u01-laptop,finance/expense_reports/,read,2.14
2026-08-27 09:42:14.528121,u15,u15-laptop,it/asset_inventory.xlsx,read,1.71
2026-08-27 09:42:22.612061,u09,u09-laptop,sales/decks/,read,1.2
2026-08-27 09:42:48.214035,u15,u15-laptop,it/tickets/,read,1.09
2026-08-27 09:45:07.099538,u15,u15-laptop,it/scripts/,read,3.73
2026-08-27 09:46:25.843961,u09,u09-laptop,sales/pipeline.xlsx,read,1.13
2026-08-27 09:46:52.010589,u15,u15-laptop,it/scripts/,read,8.46
2026-08-27 09:47:18.858408,u09,u09-laptop,sales/pipeline.xlsx,read,1.46
2026-08-27 09:49:45.431589,u15,u15-laptop,it/tickets/,read,2.99
2026-08-27 09:49:48.537229,u07,u07-laptop,eng/ci_logs/,read,2.22
2026-08-27 09:51:21.633270,u06,u06-laptop,finance/general_ledger.xlsx,read,3.11
2026-08-27 09:51:21.729803,u15,u15-laptop,it/scripts/,write,6.54
2026-08-27 09:51:45.370117,u08,u08-laptop,hr/policies/,read,2.03
2026-08-27 09:52:51.035114,u13,u13-laptop,hr/policies/,write,2.63
2026-08-27 09:53:03.388654,u15,u15-laptop,it/asset_inventory.xlsx,read,2.67
2026-08-27 09:56:22.420863,u07,u07-laptop,eng/repo/frontend/,read,11.31
2026-08-27 09:57:31.621537,u01,u01-laptop,finance/expense_reports/,read,1.35
2026-08-27 09:57:37.387810,u12,u12-laptop,eng/repo/frontend/,read,2.9
2026-08-27 09:57:41.348639,u02,u02-laptop,eng/design_docs/,read,4.7
2026-08-27 09:57:47.322679,u15,u15-laptop,it/tickets/,read,3.59
2026-08-27 09:58:25.188218,u06,u06-laptop,finance/general_ledger.xlsx,write,2.02
2026-08-27 10:00:09.470230,u04,u04-laptop,sales/client_contracts_confidential/,write,1.24
2026-08-27 10:01:44.686263,u13,u13-laptop,hr/leave_records.xlsx,read,2.5
2026-08-27 10:02:29.745226,u06,u06-laptop,finance/expense_reports/,read,1.98
2026-08-27 10:02:38.977357,u06,u06-laptop,finance/vendor_invoices/,read,3.66
2026-08-27 10:03:31.146853,u09,u09-laptop,sales/pipeline.xlsx,read,2.85
2026-08-27 10:03:57.271023,u15,u15-laptop,it/asset_inventory.xlsx,read,1.32
2026-08-27 10:04:11.629111,u15,u15-laptop,it/asset_inventory.xlsx,read,5.01
2026-08-27 10:05:28.061420,u01,u01-laptop,finance/vendor_invoices/,read,4.47
2026-08-27 10:05:53.018384,u15,u15-laptop,it/tickets/,read,1.47
2026-08-27 10:06:48.641427,u12,u12-laptop,eng/repo/backend/,download,2.5
2026-08-27 10:08:12.168405,u01,u01-laptop,finance/budget_2026.xlsx,read,0.95
2026-08-27 10:09:29.247203,u09,u09-laptop,sales/pipeline.xlsx,read,1.37
2026-08-27 10:10:07.985331,u01,u01-laptop,finance/general_ledger.xlsx,download,1.31
2026-08-27 10:10:30.295690,u11,u11-laptop,finance/employee_ssn_records.db,read,3.68
2026-08-27 10:10:47.464548,u15,u15-laptop,it/tickets/,read,4.07
2026-08-27 10:12:03.424900,u13,u13-laptop,hr/policies/,read,1.73
2026-08-27 10:12:23.989527,u06,u06-laptop,finance/budget_2026.xlsx,write,2.25
2026-08-27 10:12:38.046522,u02,u02-laptop,eng/design_docs/,read,3.98
2026-08-27 10:13:06.384056,u02,u02-laptop,eng/ci_logs/,read,2.18
2026-08-27 10:13:19.894968,u06,u06-laptop,finance/expense_reports/,read,1.7
2026-08-27 10:14:14.963009,u15,u15-laptop,it/scripts/,read,0.79
2026-08-27 10:15:31.659566,u02,u02-laptop,eng/repo/frontend/,read,1.89
2026-08-27 10:15:54.213469,u02,u02-laptop,eng/ci_logs/,read,1.2
2026-08-27 10:17:14.207589,u01,u01-laptop,finance/expense_reports/,write,2.03
2026-08-27 10:18:07.519834,u02,u02-laptop,eng/repo/frontend/,read,2.21
2026-08-27 10:19:11.904476,u11,u11-laptop,finance/budget_2026.xlsx,read,2.27
2026-08-27 10:19:34.785345,u09,u09-laptop,sales/pipeline.xlsx,write,3.73
2026-08-27 10:20:06.575515,u06,u06-laptop,finance/budget_2026.xlsx,read,4.16
2026-08-27 10:20:50.580686,u06,u06-laptop,finance/general_ledger.xlsx,read,2.78
2026-08-27 10:21:19.091041,u12,u12-laptop,eng/repo/backend/,read,1.68
2026-08-27 10:21:29.953096,u06,u06-laptop,finance/expense_reports/,write,3.57
2026-08-27 10:21:36.667993,u04,u04-laptop,sales/contracts/,read,5.62
2026-08-27 10:22:02.264620,u09,u09-laptop,sales/decks/,download,1.97
2026-08-27 10:22:04.485535,u08,u08-laptop,hr/policies/,read,3.11
2026-08-27 10:23:10.387447,u07,u07-laptop,eng/design_docs/,read,2.05
2026-08-27 10:23:33.735881,u13,u13-laptop,hr/leave_records.xlsx,read,1.39
2026-08-27 10:24:37.419898,u15,u15-laptop,it/asset_inventory.xlsx,read,3.05
2026-08-27 10:26:12.367492,u15,u15-laptop,it/tickets/,read,6.33
2026-08-27 10:26:35.572418,u15,u15-laptop,it/asset_inventory.xlsx,read,3.41
2026-08-27 10:27:14.102759,u02,u02-laptop,eng/repo/frontend/,write,1.27
2026-08-27 10:27:17.977489,u15,u15-laptop,it/asset_inventory.xlsx,write,2.86
2026-08-27 10:29:13.087928,u04,u04-laptop,sales/pipeline.xlsx,read,3.81
2026-08-27 10:29:29.240511,u06,u06-laptop,finance/general_ledger.xlsx,read,3.72
2026-08-27 10:29:47.701076,u11,u11-laptop,finance/general_ledger.xlsx,read,1.45
2026-08-27 10:30:04.871031,u09,u09-laptop,sales/pipeline.xlsx,read,1.21
2026-08-27 10:30:46.094530,u09,u09-laptop,sales/decks/,read,2.92
2026-08-27 10:31:30.866213,u01,u01-laptop,finance/expense_reports/,read,1.33
2026-08-27 10:31:35.916515,u01,u01-laptop,finance/vendor_invoices/,read,1.96
2026-08-27 10:31:49.085509,u04,u04-laptop,sales/contracts/,read,1.15
2026-08-27 10:33:09.747185,u06,u06-laptop,finance/budget_2026.xlsx,read,9.46
2026-08-27 10:33:46.470209,u04,u04-laptop,sales/decks/,read,3.84
2026-08-27 10:34:34.857353,u15,u15-laptop,it/asset_inventory.xlsx,read,2.72
2026-08-27 10:35:51.099026,u09,u09-laptop,sales/decks/,read,2.84
2026-08-27 10:37:13.790462,u07,u07-laptop,eng/design_docs/,download,4.96
2026-08-27 10:37:19.643091,u04,u04-laptop,sales/decks/,read,1.5
2026-08-27 10:37:33.462724,u06,u06-laptop,finance/general_ledger.xlsx,read,2.62
2026-08-27 10:37:40.348585,u15,u15-laptop,it/scripts/,read,4.75
2026-08-27 10:40:52.521548,u13,u13-laptop,hr/policies/,read,5.94
2026-08-27 10:41:45.771448,u09,u09-laptop,sales/decks/,read,1.62
2026-08-27 10:42:05.504213,u15,u15-laptop,it/scripts/,write,1.55
2026-08-27 10:42:23.945524,u01,u01-laptop,finance/vendor_invoices/,read,1.32
2026-08-27 10:42:30.348902,u06,u06-laptop,finance/vendor_invoices/,read,1.3
2026-08-27 10:42:42.172059,u09,u09-laptop,sales/pipeline.xlsx,download,1.44
2026-08-27 10:43:41.472989,u13,u13-laptop,hr/onboarding/,read,2.22
2026-08-27 10:43:56.815027,u06,u06-laptop,finance/vendor_invoices/,read,1.99
2026-08-27 10:44:34.012432,u09,u09-laptop,sales/contracts/,write,1.91
2026-08-27 10:44:42.954052,u06,u06-laptop,finance/budget_2026.xlsx,read,1.97
2026-08-27 10:44:44.833652,u08,u08-laptop,hr/leave_records.xlsx,read,2.96
2026-08-27 10:45:03.859946,u12,u12-laptop,eng/design_docs/,write,1.89
2026-08-27 10:45:14.541341,u04,u04-laptop,sales/decks/,read,2.96
2026-08-27 10:46:29.777124,u12,u12-laptop,eng/repo/frontend/,download,7.87
2026-08-27 10:48:28.227257,u06,u06-laptop,finance/vendor_invoices/,read,2.22
2026-08-27 10:48:32.601227,u15,u15-laptop,it/tickets/,read,5.75
2026-08-27 10:48:45.190956,u07,u07-laptop,eng/repo/backend/,write,8.09
2026-08-27 10:49:17.362322,u09,u09-laptop,sales/decks/,write,1.7
2026-08-27 10:50:57.251920,u04,u04-laptop,sales/decks/,write,2.12
2026-08-27 10:52:47.979935,u11,u11-laptop,finance/general_ledger.xlsx,read,0.63
2026-08-27 10:53:37.007857,u12,u12-laptop,eng/ci_logs/,read,8.43
2026-08-27 10:53:40.043417,u02,u02-laptop,eng/ci_logs/,read,5.91
2026-08-27 10:54:15.860839,u09,u09-laptop,sales/decks/,read,2.85
2026-08-27 10:54:20.425917,u02,u02-laptop,eng/repo/backend/,read,4.21
2026-08-27 10:57:04.718685,u11,u11-laptop,finance/budget_2026.xlsx,read,1.34
2026-08-27 10:57:54.570924,u13,u13-laptop,hr/onboarding/,read,0.98
2026-08-27 10:59:34.087449,u01,u01-laptop,finance/vendor_invoices/,read,0.71
2026-08-27 10:59:50.749004,u11,u11-laptop,finance/vendor_invoices/,read,1.11
2026-08-27 11:00:40.005173,u13,u13-laptop,hr/leave_records.xlsx,download,3.39
2026-08-27 11:01:03.337374,u11,u11-laptop,finance/general_ledger.xlsx,write,2.57
2026-08-27 11:01:12.224206,u11,u11-laptop,finance/expense_reports/,read,0.62
2026-08-27 11:02:29.802003,u15,u15-laptop,it/asset_inventory.xlsx,read,6.55
2026-08-27 11:03:45.376926,u07,u07-laptop,eng/design_docs/,read,4.9
2026-08-27 11:04:50.795853,u07,u07-laptop,eng/ci_logs/,download,26.03
2026-08-27 11:08:38.049870,u13,u13-laptop,hr/onboarding/,download,1.32
2026-08-27 11:09:30.371313,u12,u12-laptop,eng/design_docs/,write,5.59
2026-08-27 11:11:26.735987,u02,u02-laptop,eng/repo/backend/,download,1.62
2026-08-27 11:12:00.637598,u06,u06-laptop,finance/vendor_invoices/,write,2.97
2026-08-27 11:18:00.359459,u06,u06-laptop,finance/vendor_invoices/,download,1.93
2026-08-27 11:18:26.103533,u06,u06-laptop,finance/budget_2026.xlsx,read,3.14
2026-08-27 11:18:31.083308,u12,u12-laptop,eng/repo/frontend/,read,5.13
2026-08-27 11:20:03.619778,u06,u06-laptop,finance/vendor_invoices/,read,6.22
2026-08-27 11:21:35.712326,u01,u01-laptop,finance/expense_reports/,write,1.14
2026-08-27 11:21:38.728856,u08,u08-laptop,hr/policies/,read,2.59
2026-08-27 11:23:07.389728,u02,u02-laptop,eng/repo/backend/,write,5.28
2026-08-27 11:23:10.701057,u12,u12-laptop,eng/repo/backend/,read,1.19
2026-08-27 11:25:31.011705,u13,u13-laptop,hr/leave_records.xlsx,read,1.66
2026-08-27 11:27:14.493367,u02,u02-laptop,eng/repo/frontend/,write,1.24
2026-08-27 11:27:59.356963,u06,u06-laptop,finance/general_ledger.xlsx,read,2.41
2026-08-27 11:28:17.472949,u12,u12-laptop,eng/design_docs/,read,3.67
2026-08-27 11:30:04.412180,u11,u11-laptop,finance/budget_2026.xlsx,download,2.21
2026-08-27 11:34:33.420269,u02,u02-laptop,eng/design_docs/,read,5.8
2026-08-27 11:35:42.341808,u11,u11-laptop,finance/vendor_invoices/,write,3.86
2026-08-27 11:35:54.340974,u04,u04-laptop,sales/pipeline.xlsx,read,4.41
2026-08-27 11:38:59.418799,u07,u07-laptop,eng/ci_logs/,read,1.73
2026-08-27 11:39:47.532530,u02,u02-laptop,eng/ci_logs/,download,1.93
2026-08-27 11:41:30.056431,u04,u04-laptop,sales/pipeline.xlsx,read,1.79
2026-08-27 11:43:26.097866,u01,u01-laptop,finance/budget_2026.xlsx,write,1.63
2026-08-27 11:43:32.860065,u12,u12-laptop,eng/repo/frontend/,read,3.76
2026-08-27 11:43:37.991375,u01,u01-laptop,finance/general_ledger.xlsx,read,2.08
2026-08-27 11:43:38.602707,u07,u07-laptop,eng/ci_logs/,write,6.68
2026-08-27 11:45:11.252698,u04,u04-laptop,sales/contracts/,read,3.04
2026-08-27 11:46:41.931158,u01,u01-laptop,finance/general_ledger.xlsx,read,0.63
2026-08-27 11:47:32.613913,u01,u01-laptop,finance/vendor_invoices/,read,1.62
2026-08-27 11:49:27.329965,u08,u08-laptop,hr/onboarding/,read,2.2
2026-08-27 11:50:07.323697,u08,u08-laptop,hr/policies/,read,10.78
2026-08-27 11:50:39.558428,u12,u12-laptop,eng/repo/frontend/,read,1.42
2026-08-27 11:51:41.192931,u04,u04-laptop,sales/contracts/,write,0.87
2026-08-27 11:51:50.095233,u12,u12-laptop,eng/repo/frontend/,read,3.46
2026-08-27 11:52:35.055868,u01,u01-laptop,finance/expense_reports/,download,0.95
2026-08-27 11:53:30.175913,u13,u13-laptop,hr/policies/,download,3.53
2026-08-27 11:56:45.669042,u12,u12-laptop,eng/design_docs/,read,1.59
2026-08-27 11:57:46.523749,u07,u07-laptop,eng/ci_logs/,read,1.27
2026-08-27 11:59:43.844537,u01,u01-laptop,finance/expense_reports/,write,0.97
2026-08-27 12:00:54.324441,u08,u08-laptop,hr/policies/,read,2.24
2026-08-27 12:02:48.414313,u07,u07-laptop,eng/repo/frontend/,read,5.22
2026-08-27 12:03:12.514510,u11,u11-laptop,finance/vendor_invoices/,read,1.0
2026-08-27 12:04:56.966846,u04,u04-laptop,sales/decks/,read,1.62
2026-08-27 12:05:53.409178,u11,u11-laptop,finance/budget_2026.xlsx,write,1.91
2026-08-27 12:06:30.677494,u12,u12-laptop,eng/repo/frontend/,write,5.12
2026-08-27 12:11:00.584210,u12,u12-laptop,eng/design_docs/,read,2.58
2026-08-27 12:12:09.638912,u07,u07-laptop,eng/repo/frontend/,read,2.46
2026-08-27 12:15:39.174732,u12,u12-laptop,eng/design_docs/,write,2.76
2026-08-27 12:17:04.084940,u12,u12-laptop,eng/ci_logs/,write,1.0
2026-08-27 12:17:54.353993,u04,u04-laptop,sales/contracts/,read,4.97
2026-08-27 12:18:23.448552,u12,u12-laptop,eng/repo/backend/,read,0.66
2026-08-27 12:23:10.804460,u07,u07-laptop,eng/design_docs/,read,2.68
2026-08-27 12:24:33.230087,u04,u04-laptop,sales/contracts/,write,1.7
2026-08-27 12:25:41.532330,u04,u04-laptop,sales/pipeline.xlsx,read,1.93
2026-08-27 12:27:18.598911,u04,u04-laptop,sales/contracts/,download,7.18
2026-08-27 12:27:35.839678,u04,u04-laptop,sales/contracts/,read,3.84
2026-08-27 12:32:02.804135,u08,u08-laptop,hr/leave_records.xlsx,download,2.26
2026-08-27 12:32:29.414170,u04,u04-laptop,sales/contracts/,write,1.62
2026-08-27 12:34:16.040414,u08,u08-laptop,hr/policies/,read,1.41
2026-08-27 12:34:46.855998,u08,u08-laptop,hr/leave_records.xlsx,read,1.6
2026-08-27 12:36:18.234269,u08,u08-laptop,hr/policies/,read,10.27
2026-08-27 12:38:45.528903,u08,u08-laptop,hr/onboarding/,read,4.07
2026-08-27 12:40:12.008402,u04,u04-laptop,sales/pipeline.xlsx,read,0.88
2026-08-27 12:41:34.410389,u05,u05-mobile,it/tickets/,read,1.31
2026-08-27 12:41:37.426861,u07,u07-laptop,eng/design_docs/,read,4.65
2026-08-27 12:42:27.460738,u12,u12-laptop,eng/repo/frontend/,write,3.07
2026-08-27 12:42:39.632353,u08,u08-laptop,hr/policies/,download,3.18
2026-08-27 12:42:50.642141,u08,u08-laptop,hr/onboarding/,read,1.54
2026-08-27 12:43:13.300220,u08,u08-laptop,hr/policies/,read,5.5
2026-08-27 12:43:43.972909,u08,u08-laptop,hr/leave_records.xlsx,write,2.46
2026-08-27 12:43:57.926091,u07,u07-laptop,eng/ci_logs/,read,5.73
2026-08-27 12:44:02.332953,u08,u08-laptop,hr/policies/,read,6.34
2026-08-27 12:44:22.152416,u04,u04-laptop,sales/contracts/,read,2.91
2026-08-27 12:45:41.908124,u04,u04-laptop,sales/pipeline.xlsx,read,6.51
2026-08-27 12:48:37.052442,u04,u04-laptop,sales/contracts/,read,4.23
2026-08-27 12:51:05.505281,u11,u11-laptop,finance/budget_2026.xlsx,read,0.83
2026-08-27 12:52:16.344561,u07,u07-laptop,eng/repo/backend/,read,2.19
2026-08-27 12:53:27.001575,u04,u04-laptop,sales/contracts/,read,2.94
2026-08-27 12:53:27.330284,u08,u08-laptop,hr/leave_records.xlsx,read,1.53
2026-08-27 12:53:48.508239,u08,u08-laptop,hr/leave_records.xlsx,read,3.28
2026-08-27 12:54:42.524716,u04,u04-laptop,sales/pipeline.xlsx,read,3.01
2026-08-27 12:55:45.721576,u13,u13-laptop,hr/leave_records.xlsx,download,3.05
2026-08-27 12:56:49.214785,u11,u11-laptop,finance/budget_2026.xlsx,write,1.76
2026-08-27 12:59:34.842914,u07,u07-laptop,eng/repo/backend/,read,7.64
2026-08-27 13:00:33.310095,u08,u08-laptop,hr/leave_records.xlsx,download,33.59
2026-08-27 13:02:49.612660,u13,u13-laptop,hr/policies/,read,4.16
2026-08-27 13:03:05.680661,u05,u05-mobile,it/tickets/,download,5.11
2026-08-27 13:03:26.311136,u13,u13-laptop,hr/policies/,read,3.83
2026-08-27 13:14:29.287479,u11,u11-laptop,finance/vendor_invoices/,read,1.85
2026-08-27 13:15:22.792943,u13,u13-laptop,hr/leave_records.xlsx,read,1.81
2026-08-27 13:51:35.194964,u13,u13-laptop,hr/policies/,download,7.03
2026-08-27 14:46:56.880192,u02,u02-laptop,eng/repo/frontend/,read,2.44
2026-08-27 14:48:33.596442,u02,u02-laptop,eng/repo/frontend/,read,6.07
2026-08-27 14:55:06.064860,u02,u02-laptop,eng/design_docs/,download,1.94
2026-08-27 16:03:24.555717,u02,u02-laptop,eng/repo/backend/,write,4.6
2026-08-27 22:54:16.512915,u10,u10-laptop,it/asset_inventory.xlsx,read,1.99
2026-08-27 23:27:13.025796,u10,u10-laptop,it/tickets/,read,1.04
2026-08-27 23:30:12.376835,u10,u10-laptop,it/asset_inventory.xlsx,read,1.45
2026-08-27 23:52:46.306124,u10,u10-laptop,it/asset_inventory.xlsx,write,1.02
2026-08-28 00:03:39.409314,u10,u10-laptop,it/asset_inventory.xlsx,write,2.86
2026-08-28 00:07:00.068522,u10,u10-laptop,it/scripts/,download,1.99
2026-08-28 00:15:28.976401,u10,u10-laptop,it/scripts/,write,1.64
2026-08-28 07:18:49.460872,u09,u09-laptop,sales/contracts/,download,2.54
2026-08-28 07:23:43.385035,u09,u09-laptop,sales/contracts/,read,1.76
2026-08-28 07:32:17.815897,u03,u03-laptop,hr/policies/,read,1.37
2026-08-28 07:32:53.727549,u09,u09-laptop,sales/pipeline.xlsx,read,2.37
2026-08-28 07:56:32.496932,u09,u09-laptop,sales/contracts/,read,3.53
2026-08-28 08:12:15.015838,u09,u09-laptop,sales/contracts/,read,1.73
2026-08-28 08:17:43.357240,u09,u09-laptop,sales/decks/,write,1.96
2026-08-28 08:25:16.757837,u09,u09-laptop,sales/decks/,read,1.19
2026-08-28 08:27:43.361822,u15,u15-laptop,it/scripts/,read,7.95
2026-08-28 08:28:56.265871,u09,u09-laptop,sales/pipeline.xlsx,read,1.88
2026-08-28 08:29:06.676018,u15,u15-laptop,it/tickets/,read,14.51
2026-08-28 08:30:49.173252,u15,u15-laptop,it/scripts/,read,2.68
2026-08-28 08:33:30.769972,u15,u15-laptop,it/asset_inventory.xlsx,read,3.16
2026-08-28 08:36:36.187424,u15,u15-laptop,it/tickets/,read,1.99
2026-08-28 08:42:39.400621,u09,u09-laptop,sales/decks/,read,1.0
2026-08-28 08:43:28.343631,u15,u15-laptop,it/asset_inventory.xlsx,read,2.18
2026-08-28 08:46:42.039239,u11,u11-laptop,finance/budget_2026.xlsx,read,0.4
2026-08-28 08:47:02.980915,u11,u11-laptop,finance/budget_2026.xlsx,read,3.48
2026-08-28 08:50:41.527567,u11,u11-laptop,finance/general_ledger.xlsx,read,2.53
2026-08-28 08:52:57.165118,u15,u15-laptop,it/admin_credentials.vault,read,1.99
2026-08-28 09:00:00.287399,u11,u11-laptop,finance/expense_reports/,read,1.51
2026-08-28 09:03:22.637569,u15,u15-laptop,it/tickets/,write,3.81
2026-08-28 09:04:23.200081,u03,u03-laptop,hr/policies/,write,1.77
2026-08-28 09:04:33.410726,u15,u15-laptop,it/scripts/,read,6.76
2026-08-28 09:12:06.346760,u15,u15-laptop,it/tickets/,read,1.89
2026-08-28 09:14:20.427801,u11,u11-laptop,finance/expense_reports/,write,1.22
2026-08-28 09:14:52.075679,u11,u11-laptop,finance/general_ledger.xlsx,read,1.64
2026-08-28 09:15:27.719777,u15,u15-laptop,it/asset_inventory.xlsx,read,3.47
2026-08-28 09:17:18.419893,u15,u15-laptop,it/scripts/,download,1.45
2026-08-28 09:18:07.523538,u02,u02-laptop,eng/repo/frontend/,write,2.36
2026-08-28 09:27:53.125764,u03,u03-laptop,hr/policies/,read,0.95
2026-08-28 09:29:53.374867,u11,u11-laptop,finance/budget_2026.xlsx,read,5.24
2026-08-28 09:30:54.797247,u15,u15-laptop,it/tickets/,read,4.79
2026-08-28 09:31:13.407941,u15,u15-laptop,it/asset_inventory.xlsx,read,3.59
2026-08-28 09:35:00.952890,u15,u15-laptop,it/scripts/,read,2.3
2026-08-28 09:37:18.150057,u15,u15-laptop,it/tickets/,read,1.58
2026-08-28 09:41:26.750148,u11,u11-laptop,finance/expense_reports/,download,1.4
2026-08-28 09:43:25.855067,u11,u11-laptop,finance/general_ledger.xlsx,read,1.75
2026-08-28 09:43:32.518653,u11,u11-laptop,finance/vendor_invoices/,read,2.43
2026-08-28 09:44:45.607707,u11,u11-laptop,finance/expense_reports/,read,0.69
2026-08-28 09:45:08.237988,u03,u03-laptop,hr/onboarding/,read,1.45
2026-08-28 09:46:27.937449,u02,u02-laptop,eng/repo/frontend/,read,2.06
2026-08-28 09:48:26.476112,u15,u15-laptop,it/tickets/,read,1.29
2026-08-28 09:51:04.889918,u03,u03-laptop,hr/policies/,read,0.96
2026-08-28 09:52:12.612616,u15,u15-laptop,it/asset_inventory.xlsx,read,6.27
2026-08-28 09:52:41.656012,u14,u14-laptop,sales/pipeline.xlsx,read,2.91
2026-08-28 09:54:33.699799,u11,u11-laptop,finance/vendor_invoices/,read,2.85
2026-08-28 09:57:51.626094,u02,u02-laptop,eng/ci_logs/,read,4.0
2026-08-28 09:58:37.868131,u11,u11-laptop,finance/vendor_invoices/,read,1.73
2026-08-28 09:58:56.853803,u03,u03-laptop,hr/policies/,read,0.89
2026-08-28 10:05:16.290421,u11,u11-laptop,finance/budget_2026.xlsx,write,2.49
2026-08-28 10:06:05.907209,u11,u11-laptop,finance/vendor_invoices/,read,2.62
2026-08-28 10:08:30.737498,u14,u14-laptop,sales/contracts/,download,1.27
2026-08-28 10:09:52.006491,u11,u11-laptop,finance/vendor_invoices/,read,1.21
2026-08-28 10:10:29.170380,u03,u03-laptop,hr/policies/,read,1.55
2026-08-28 10:10:33.351077,u02,u02-laptop,eng/design_docs/,read,3.75
2026-08-28 10:11:31.016544,u11,u11-laptop,finance/vendor_invoices/,read,3.08
2026-08-28 10:12:16.351603,u08,u08-laptop,hr/onboarding/,read,1.98
2026-08-28 10:13:36.720786,u03,u03-laptop,hr/policies/,read,1.22
2026-08-28 10:13:48.656299,u08,u08-laptop,hr/onboarding/,download,3.29
2026-08-28 10:14:51.503612,u14,u14-laptop,sales/decks/,read,1.12
2026-08-28 10:15:07.945453,u14,u14-laptop,sales/contracts/,write,0.74
2026-08-28 10:17:27.158319,u14,u14-laptop,sales/pipeline.xlsx,download,0.63
2026-08-28 10:18:51.972001,u02,u02-laptop,eng/repo/backend/,read,2.38
2026-08-28 10:19:31.561453,u07,u07-laptop,eng/repo/frontend/,read,3.77
2026-08-28 10:19:40.475396,u07,u07-laptop,eng/repo/frontend/,read,3.97
2026-08-28 10:21:10.384745,u07,u07-laptop,eng/design_docs/,write,3.27
2026-08-28 10:21:45.459030,u08,u08-laptop,hr/policies/,read,3.65
2026-08-28 10:21:52.986313,u14,u14-laptop,sales/contracts/,read,1.15
2026-08-28 10:22:30.996397,u08,u08-laptop,hr/leave_records.xlsx,read,1.64
2026-08-28 10:25:32.437774,u14,u14-laptop,sales/decks/,read,1.11
2026-08-28 10:25:42.786717,u08,u08-laptop,hr/policies/,download,2.7
2026-08-28 10:27:20.895347,u14,u14-laptop,sales/contracts/,read,0.75
2026-08-28 10:27:26.347384,u03,u03-laptop,hr/policies/,write,1.12
2026-08-28 10:29:47.175691,u03,u03-laptop,hr/leave_records.xlsx,read,1.92
2026-08-28 10:31:09.854516,u04,u04-laptop,sales/contracts/,read,3.88
2026-08-28 10:31:15.824063,u08,u08-laptop,hr/policies/,read,1.37
2026-08-28 10:32:19.695328,u08,u08-laptop,hr/onboarding/,write,7.93
2026-08-28 10:33:08.834205,u04,u04-laptop,sales/contracts/,write,1.12
2026-08-28 10:33:26.938088,u07,u07-laptop,eng/design_docs/,read,1.25
2026-08-28 10:34:55.262316,u04,u04-laptop,sales/contracts/,write,1.63
2026-08-28 10:35:14.034033,u02,u02-laptop,eng/repo/frontend/,write,4.29
2026-08-28 10:35:52.242512,u03,u03-laptop,hr/leave_records.xlsx,write,2.05
2026-08-28 10:36:34.356156,u08,u08-laptop,hr/onboarding/,read,4.86
2026-08-28 10:37:55.559483,u03,u03-laptop,hr/leave_records.xlsx,write,1.14
2026-08-28 10:38:26.722951,u04,u04-laptop,sales/contracts/,read,2.3
2026-08-28 10:38:29.374533,u14,u14-laptop,sales/pipeline.xlsx,read,3.03
2026-08-28 10:38:39.208257,u14,u14-laptop,sales/pipeline.xlsx,download,2.24
2026-08-28 10:39:21.530963,u01,u01-laptop,finance/expense_reports/,read,1.22
2026-08-28 10:40:43.997075,u14,u14-laptop,sales/pipeline.xlsx,write,0.99
2026-08-28 10:40:50.814399,u04,u04-laptop,sales/decks/,download,2.78
2026-08-28 10:41:23.698232,u07,u07-laptop,eng/ci_logs/,write,2.0
2026-08-28 10:44:11.869051,u08,u08-laptop,hr/leave_records.xlsx,read,2.99
2026-08-28 10:44:23.435086,u05,u05-laptop,it/admin_credentials.vault,read,2.64
2026-08-28 10:44:28.976305,u14,u14-laptop,sales/decks/,read,1.3
2026-08-28 10:45:18.343067,u04,u04-laptop,sales/contracts/,read,2.95
2026-08-28 10:49:05.573476,u04,u04-laptop,sales/contracts/,write,6.23
2026-08-28 10:50:02.255611,u14,u14-laptop,sales/contracts/,write,2.47
2026-08-28 10:50:32.763740,u15,u15-laptop,it/scripts/,read,1.96
2026-08-28 10:52:16.323207,u03,u03-laptop,hr/onboarding/,read,2.65
2026-08-28 10:52:30.342498,u15,u15-laptop,it/scripts/,read,3.57
2026-08-28 10:52:38.470899,u14,u14-laptop,sales/pipeline.xlsx,read,0.99
2026-08-28 10:52:40.340131,u14,u14-laptop,sales/decks/,read,0.78
2026-08-28 10:53:54.251151,u01,u01-laptop,finance/budget_2026.xlsx,read,1.97
2026-08-28 10:54:11.454434,u07,u07-laptop,eng/repo/backend/,download,3.37
2026-08-28 10:55:19.393329,u14,u14-laptop,sales/pipeline.xlsx,read,0.63
2026-08-28 10:56:39.866395,u14,u14-laptop,sales/contracts/,write,1.45
2026-08-28 10:58:20.364235,u04,u04-laptop,sales/pipeline.xlsx,read,5.27
2026-08-28 10:59:19.691964,u15,u15-laptop,it/tickets/,read,3.62
2026-08-28 11:00:05.542046,u06,u06-laptop,finance/expense_reports/,read,2.58
2026-08-28 11:00:13.419550,u06,u06-laptop,finance/expense_reports/,read,5.47
2026-08-28 11:00:52.037894,u04,u04-laptop,sales/decks/,read,2.21
2026-08-28 11:01:46.822749,u14,u14-laptop,sales/decks/,write,3.1
2026-08-28 11:02:03.664505,u14,u14-laptop,sales/pipeline.xlsx,read,1.51
2026-08-28 11:02:42.597686,u14,u14-laptop,sales/pipeline.xlsx,write,1.19
2026-08-28 11:02:59.334409,u04,u04-laptop,sales/decks/,write,4.17
2026-08-28 11:03:04.636233,u15,u15-laptop,it/asset_inventory.xlsx,read,2.85
2026-08-28 11:03:13.787528,u08,u08-laptop,hr/onboarding/,read,0.99
2026-08-28 11:04:05.431528,u04,u04-laptop,sales/pipeline.xlsx,read,2.6
2026-08-28 11:05:02.401215,u04,u04-laptop,sales/decks/,read,5.35
2026-08-28 11:05:46.101808,u04,u04-laptop,sales/decks/,read,1.68
2026-08-28 11:06:03.508770,u04,u04-laptop,sales/pipeline.xlsx,read,7.75
2026-08-28 11:07:17.486581,u04,u04-laptop,sales/client_contracts_confidential/,write,6.22
2026-08-28 11:08:04.034934,u14,u14-laptop,sales/pipeline.xlsx,read,1.69
2026-08-28 11:08:30.819111,u06,u06-laptop,finance/expense_reports/,read,3.35
2026-08-28 11:08:40.895609,u06,u06-laptop,finance/general_ledger.xlsx,read,4.09
2026-08-28 11:08:54.855974,u14,u14-laptop,sales/contracts/,read,0.49
2026-08-28 11:08:57.699351,u06,u06-laptop,finance/budget_2026.xlsx,download,3.2
2026-08-28 11:10:06.314499,u14,u14-laptop,sales/contracts/,read,1.59
2026-08-28 11:10:06.865131,u06,u06-laptop,finance/general_ledger.xlsx,read,4.28
2026-08-28 11:10:23.052199,u01,u01-laptop,finance/budget_2026.xlsx,read,2.25
2026-08-28 11:11:27.523609,u15,u15-laptop,it/asset_inventory.xlsx,download,3.06
2026-08-28 11:11:27.987110,u15,u15-laptop,it/scripts/,download,2.17
2026-08-28 11:12:00.346338,u14,u14-laptop,sales/pipeline.xlsx,read,1.33
2026-08-28 11:12:55.845395,u05,u05-laptop,it/tickets/,read,0.53
2026-08-28 11:13:54.021212,u08,u08-laptop,hr/onboarding/,read,11.44
2026-08-28 11:13:57.132149,u08,u08-laptop,hr/policies/,write,1.64
2026-08-28 11:14:25.380803,u04,u04-laptop,sales/pipeline.xlsx,read,3.76
2026-08-28 11:14:52.703482,u08,u08-laptop,hr/leave_records.xlsx,read,3.02
2026-08-28 11:15:03.322014,u14,u14-laptop,sales/contracts/,read,1.73
2026-08-28 11:16:05.561385,u15,u15-laptop,it/tickets/,read,3.22
2026-08-28 11:16:38.302210,u05,u05-laptop,it/tickets/,read,2.09
2026-08-28 11:17:53.601808,u15,u15-laptop,it/tickets/,download,1.64
2026-08-28 11:19:26.909760,u06,u06-laptop,finance/expense_reports/,read,5.46
2026-08-28 11:19:34.053885,u02,u02-laptop,eng/ci_logs/,read,2.6
2026-08-28 11:20:18.810750,u08,u08-laptop,hr/policies/,read,3.83
2026-08-28 11:20:37.186472,u08,u08-laptop,hr/onboarding/,read,2.4
2026-08-28 11:21:10.795692,u08,u08-laptop,hr/leave_records.xlsx,write,5.41
2026-08-28 11:23:00.544940,u05,u05-laptop,it/scripts/,write,0.95
2026-08-28 11:23:51.020195,u07,u07-laptop,eng/design_docs/,read,4.6
2026-08-28 11:24:23.749061,u07,u07-laptop,eng/repo/frontend/,download,4.21
2026-08-28 11:25:52.769692,u08,u08-laptop,hr/policies/,read,3.65
2026-08-28 11:26:16.577152,u04,u04-laptop,sales/pipeline.xlsx,read,3.12
2026-08-28 11:27:08.341007,u08,u08-laptop,hr/onboarding/,download,2.05
2026-08-28 11:30:08.963541,u06,u06-laptop,finance/budget_2026.xlsx,read,1.82
2026-08-28 11:30:31.644651,u01,u01-laptop,finance/vendor_invoices/,read,1.64
2026-08-28 11:30:41.805814,u06,u06-laptop,finance/budget_2026.xlsx,read,4.35
2026-08-28 11:32:46.039930,u06,u06-laptop,finance/vendor_invoices/,read,0.97
2026-08-28 11:34:16.807834,u06,u06-laptop,finance/vendor_invoices/,read,2.5
2026-08-28 11:35:51.042913,u01,u01-laptop,finance/vendor_invoices/,read,2.22
2026-08-28 11:37:06.774384,u06,u06-laptop,finance/vendor_invoices/,read,4.52
2026-08-28 11:37:22.990850,u02,u02-laptop,eng/repo/frontend/,download,10.63
2026-08-28 11:38:40.855244,u06,u06-laptop,finance/expense_reports/,read,7.61
2026-08-28 11:38:48.933958,u15,u15-laptop,it/tickets/,read,2.1
2026-08-28 11:39:39.570571,u15,u15-laptop,it/tickets/,read,1.92
2026-08-28 11:39:55.691013,u03,u03-laptop,hr/leave_records.xlsx,read,0.48
2026-08-28 11:40:06.717833,u04,u04-laptop,sales/pipeline.xlsx,write,3.33
2026-08-28 11:41:28.617201,u15,u15-laptop,it/tickets/,read,8.03
2026-08-28 11:41:34.164590,u15,u15-laptop,it/asset_inventory.xlsx,read,4.9
2026-08-28 11:42:14.007991,u06,u06-laptop,finance/budget_2026.xlsx,read,3.95
2026-08-28 11:42:56.495467,u07,u07-laptop,eng/ci_logs/,read,3.82
2026-08-28 11:43:05.594955,u04,u04-laptop,sales/decks/,write,2.73
2026-08-28 11:43:59.931639,u09,u09-laptop,sales/contracts/,read,1.81
2026-08-28 11:44:40.617455,u06,u06-laptop,finance/budget_2026.xlsx,read,3.98
2026-08-28 11:45:51.178146,u01,u01-laptop,finance/expense_reports/,read,2.32
2026-08-28 11:46:26.159356,u06,u06-laptop,finance/expense_reports/,read,2.48
2026-08-28 11:46:40.768813,u04,u04-laptop,sales/contracts/,download,1.87
2026-08-28 11:47:00.705133,u04,u04-laptop,sales/contracts/,read,17.54
2026-08-28 11:47:18.456088,u07,u07-laptop,eng/ci_logs/,write,4.07
2026-08-28 11:47:25.217813,u07,u07-laptop,eng/design_docs/,read,1.12
2026-08-28 11:48:00.473545,u01,u01-laptop,finance/budget_2026.xlsx,read,2.13
2026-08-28 11:49:44.784304,u01,u01-laptop,finance/budget_2026.xlsx,read,1.28
2026-08-28 11:50:46.933090,u04,u04-laptop,sales/pipeline.xlsx,read,3.1
2026-08-28 11:51:16.860706,u04,u04-laptop,sales/pipeline.xlsx,read,9.15
2026-08-28 11:52:33.740286,u01,u01-laptop,finance/general_ledger.xlsx,read,0.87
2026-08-28 11:55:01.397449,u15,u15-laptop,it/tickets/,write,1.42
2026-08-28 11:56:41.527267,u15,u15-laptop,it/scripts/,read,5.34
2026-08-28 11:56:47.190278,u15,u15-laptop,it/tickets/,read,1.27
2026-08-28 11:58:19.495735,u02,u02-laptop,eng/repo/backend/,read,0.63
2026-08-28 11:58:42.290544,u04,u04-laptop,sales/decks/,read,5.2
2026-08-28 12:01:29.795394,u01,u01-laptop,finance/budget_2026.xlsx,read,5.17
2026-08-28 12:01:42.856259,u09,u09-laptop,sales/contracts/,read,1.95
2026-08-28 12:03:03.815887,u15,u15-laptop,it/tickets/,download,3.67
2026-08-28 12:06:37.889109,u05,u05-laptop,it/asset_inventory.xlsx,read,2.74
2026-08-28 12:09:33.501497,u07,u07-laptop,eng/repo/backend/,read,19.8
2026-08-28 12:11:49.646479,u09,u09-laptop,sales/contracts/,read,2.45
2026-08-28 12:11:54.954790,u06,u06-laptop,finance/vendor_invoices/,read,2.7
2026-08-28 12:13:44.566974,u01,u01-laptop,finance/general_ledger.xlsx,read,1.14
2026-08-28 12:20:30.632158,u05,u05-laptop,it/asset_inventory.xlsx,download,0.46
2026-08-28 12:21:21.057087,u09,u09-laptop,sales/decks/,read,3.24
2026-08-28 12:24:39.661374,u01,u01-laptop,finance/vendor_invoices/,download,0.83
2026-08-28 12:31:22.014377,u01,u01-laptop,finance/expense_reports/,read,3.08
2026-08-28 12:32:47.963799,u05,u05-laptop,it/asset_inventory.xlsx,read,2.97
2026-08-28 12:46:44.382932,u01,u01-laptop,finance/vendor_invoices/,read,3.03
2026-08-28 12:48:49.575414,u05,u05-laptop,it/asset_inventory.xlsx,read,1.22
2026-08-28 12:48:59.996212,u09,u09-laptop,sales/pipeline.xlsx,read,3.03
2026-08-28 12:50:22.000036,u02,u02-laptop,eng/design_docs/,read,0.59
2026-08-28 13:07:19.230347,u05,u05-laptop,it/scripts/,read,0.65
2026-08-28 13:16:30.860612,u05,u05-laptop,it/scripts/,write,1.77
2026-08-28 22:39:48.729487,u10,u10-laptop,it/scripts/,read,2.25
2026-08-28 22:51:20.148101,u10,u10-laptop,it/asset_inventory.xlsx,read,1.73
2026-08-28 22:58:53.175439,u10,u10-laptop,it/scripts/,read,2.14
2026-08-28 23:08:44.191857,u10,u10-laptop,it/tickets/,read,1.53
2026-08-28 23:22:57.348337,u10,u10-laptop,it/scripts/,read,0.94
2026-08-28 23:39:10.308219,u10,u10-laptop,it/tickets/,download,1.58
2026-08-28 23:47:30.764786,u10,u10-laptop,it/tickets/,download,3.41
2026-08-29 00:12:34.294213,u10,u10-laptop,it/tickets/,read,3.41
2026-08-29 00:40:17.378257,u10,u10-laptop,it/scripts/,write,1.26
2026-08-29 00:41:58.949576,u10,u10-laptop,it/tickets/,read,1.69
2026-08-29 00:47:34.352053,u10,u10-laptop,it/asset_inventory.xlsx,write,2.95
2026-08-29 01:21:33.264345,u10,u10-laptop,it/tickets/,read,3.13
2026-08-29 07:30:45.534785,u15,u15-laptop,it/scripts/,download,6.34
2026-08-29 07:34:56.541047,u15,u15-laptop,it/tickets/,read,7.48
2026-08-29 07:39:56.625799,u15,u15-laptop,it/asset_inventory.xlsx,read,1.23
2026-08-29 07:40:30.005186,u15,u15-laptop,it/scripts/,download,2.15
2026-08-29 07:47:18.312971,u15,u15-laptop,it/tickets/,download,7.58
2026-08-29 07:48:22.415696,u15,u15-laptop,it/asset_inventory.xlsx,download,1.52
2026-08-29 07:56:15.034811,u06,u06-laptop,finance/expense_reports/,read,0.56
2026-08-29 07:56:44.139479,u15,u15-laptop,it/tickets/,write,3.87
2026-08-29 07:58:29.274616,u15,u15-laptop,it/asset_inventory.xlsx,read,2.67
2026-08-29 08:00:36.476573,u15,u15-laptop,it/tickets/,read,5.93
2026-08-29 08:03:21.323238,u06,u06-laptop,finance/vendor_invoices/,read,0.65
2026-08-29 08:06:39.892176,u06,u06-laptop,finance/expense_reports/,read,4.79
2026-08-29 08:07:22.462428,u15,u15-laptop,it/scripts/,write,3.2
2026-08-29 08:08:40.112430,u15,u15-laptop,it/tickets/,read,6.05
2026-08-29 08:09:48.689972,u06,u06-laptop,finance/general_ledger.xlsx,read,5.49
2026-08-29 08:12:50.324198,u15,u15-laptop,it/asset_inventory.xlsx,read,12.5
2026-08-29 08:13:02.084394,u06,u06-laptop,finance/budget_2026.xlsx,read,3.43
2026-08-29 08:16:30.228468,u15,u15-laptop,it/tickets/,write,3.56
2026-08-29 08:24:32.461233,u06,u06-laptop,finance/vendor_invoices/,write,2.48
2026-08-29 08:25:10.411044,u06,u06-laptop,finance/expense_reports/,read,2.91
2026-08-29 08:25:37.476091,u15,u15-laptop,it/tickets/,download,2.04
2026-08-29 08:29:17.557564,u15,u15-laptop,it/tickets/,read,2.66
2026-08-29 08:32:59.599369,u06,u06-laptop,finance/expense_reports/,read,6.82
2026-08-29 08:43:41.729471,u15,u15-laptop,it/scripts/,read,2.25
2026-08-29 08:47:06.723510,u06,u06-laptop,finance/expense_reports/,read,2.01
2026-08-29 08:48:33.774466,u15,u15-laptop,it/asset_inventory.xlsx,read,1.87
2026-08-29 08:48:36.602209,u15,u15-laptop,it/tickets/,write,7.56
2026-08-29 08:48:59.994912,u15,u15-laptop,it/tickets/,read,1.01
2026-08-29 08:49:14.789242,u15,u15-laptop,it/scripts/,download,4.47
2026-08-29 08:52:43.503003,u15,u15-laptop,it/tickets/,read,6.41
2026-08-29 08:56:13.335676,u06,u06-laptop,finance/budget_2026.xlsx,read,2.56
2026-08-29 08:57:41.926543,u07,u07-laptop,eng/prod_credentials.env,read,8.75
2026-08-29 08:57:53.952949,u15,u15-laptop,it/scripts/,write,12.33
2026-08-29 09:04:39.642692,u15,u15-laptop,it/scripts/,read,2.44
2026-08-29 09:05:43.043128,u06,u06-laptop,finance/expense_reports/,write,5.98
2026-08-29 09:06:14.479666,u15,u15-laptop,it/tickets/,read,2.01
2026-08-29 09:09:37.261244,u06,u06-laptop,finance/expense_reports/,read,2.09
2026-08-29 09:10:49.798505,u07,u07-laptop,eng/ci_logs/,write,2.01
2026-08-29 09:13:13.052193,u15,u15-laptop,it/asset_inventory.xlsx,read,3.25
2026-08-29 09:13:21.147116,u06,u06-laptop,finance/vendor_invoices/,read,1.84
2026-08-29 09:13:27.748289,u07,u07-laptop,eng/design_docs/,read,9.6
2026-08-29 09:13:51.918224,u15,u15-laptop,it/tickets/,read,2.4
2026-08-29 09:15:36.408609,u15,u15-laptop,it/scripts/,read,1.6
2026-08-29 09:16:57.826509,u15,u15-laptop,it/tickets/,read,8.6
2026-08-29 09:17:19.574754,u15,u15-laptop,it/scripts/,read,7.26
2026-08-29 09:17:57.465739,u07,u07-laptop,eng/ci_logs/,read,1.4
2026-08-29 09:18:22.966762,u07,u07-laptop,eng/design_docs/,read,2.32
2026-08-29 09:21:07.855412,u07,u07-laptop,eng/ci_logs/,read,4.07
2026-08-29 09:23:00.213541,u06,u06-laptop,finance/vendor_invoices/,read,4.59
2026-08-29 09:24:43.148630,u15,u15-laptop,it/tickets/,read,3.54
2026-08-29 09:25:56.085717,u15,u15-laptop,it/scripts/,read,6.22
2026-08-29 09:29:27.721578,u07,u07-laptop,eng/repo/backend/,read,2.62
2026-08-29 09:29:34.617566,u07,u07-laptop,eng/ci_logs/,read,7.83
2026-08-29 09:32:40.056092,u15,u15-laptop,it/tickets/,write,0.92
2026-08-29 09:35:34.530547,u15,u15-laptop,it/scripts/,read,4.82
2026-08-29 09:39:05.036547,u07,u07-laptop,eng/design_docs/,write,4.23
2026-08-29 09:40:00.679625,u15,u15-laptop,it/scripts/,download,1.59
2026-08-29 09:41:37.040355,u07,u07-laptop,eng/repo/frontend/,read,2.99
2026-08-29 09:45:08.358070,u07,u07-laptop,eng/ci_logs/,read,1.96
2026-08-29 09:45:15.786993,u07,u07-laptop,eng/repo/backend/,read,1.03
2026-08-29 09:46:28.965329,u15,u15-laptop,it/tickets/,write,2.78
2026-08-29 09:50:18.331987,u15,u15-laptop,it/scripts/,read,1.13
2026-08-29 09:58:49.586555,u07,u07-laptop,eng/repo/frontend/,write,1.96
2026-08-29 10:01:38.793647,u07,u07-laptop,eng/repo/frontend/,read,3.27
2026-08-29 10:03:09.458499,u07,u07-laptop,eng/design_docs/,read,4.86
2026-08-29 10:04:56.859120,u07,u07-laptop,eng/design_docs/,read,1.38
2026-08-29 10:17:27.295318,u07,u07-laptop,eng/design_docs/,read,1.3
2026-08-29 10:19:01.855263,u07,u07-laptop,eng/design_docs/,read,10.56
2026-08-29 10:24:01.441155,u07,u07-laptop,eng/repo/frontend/,download,1.38
2026-08-29 10:27:16.633378,u07,u07-laptop,eng/repo/backend/,read,7.13
2026-08-29 10:35:24.436320,u07,u07-laptop,eng/design_docs/,read,2.78
2026-08-29 11:09:39.011508,u02,u02-laptop,eng/repo/frontend/,read,1.45
2026-08-29 11:09:49.114343,u02,u02-laptop,eng/repo/backend/,read,3.23
2026-08-29 11:12:36.440784,u02,u02-laptop,eng/design_docs/,read,1.41
2026-08-29 11:13:30.058863,u02,u02-laptop,eng/repo/frontend/,read,1.95
2026-08-29 11:17:02.859605,u02,u02-laptop,eng/repo/backend/,read,3.92
2026-08-29 11:19:12.699658,u02,u02-laptop,eng/repo/frontend/,read,2.56
2026-08-29 11:22:44.333869,u02,u02-laptop,eng/ci_logs/,write,1.25
2026-08-29 11:24:24.949308,u07,u07-laptop,eng/design_docs/,write,5.19
2026-08-29 11:41:54.378091,u02,u02-laptop,eng/ci_logs/,read,3.15
2026-08-29 11:44:36.748403,u07,u07-laptop,eng/design_docs/,write,9.37
2026-08-29 11:46:14.048128,u07,u07-laptop,eng/design_docs/,write,1.31
2026-08-29 11:49:43.387813,u02,u02-laptop,eng/repo/frontend/,write,3.16
2026-08-29 11:59:08.515043,u07,u07-laptop,eng/design_docs/,write,2.04
2026-08-29 12:03:01.861564,u02,u02-laptop,eng/ci_logs/,read,6.5
2026-08-29 12:10:20.487740,u02,u02-laptop,eng/ci_logs/,read,1.35
2026-08-29 12:15:35.619308,u02,u02-laptop,eng/ci_logs/,read,1.06
2026-08-29 12:15:43.376244,u07,u07-laptop,eng/repo/frontend/,write,1.3
2026-08-29 12:16:45.500011,u02,u02-laptop,eng/design_docs/,read,1.07
2026-08-29 12:20:37.692521,u02,u02-laptop,eng/repo/backend/,read,3.59
2026-08-29 12:20:52.569875,u02,u02-laptop,eng/design_docs/,write,1.91
2026-08-29 12:32:38.870790,u07,u07-laptop,eng/repo/frontend/,read,4.26
2026-08-29 12:32:58.517085,u08,u08-laptop,hr/onboarding/,write,5.12
2026-08-29 12:33:39.956768,u08,u08-laptop,hr/onboarding/,read,3.93
2026-08-29 12:33:54.252558,u08,u08-laptop,hr/employee_records.db,read,7.01
2026-08-29 12:38:39.761890,u08,u08-laptop,hr/policies/,read,2.92
2026-08-29 12:39:10.857947,u08,u08-laptop,hr/policies/,read,6.06
2026-08-29 12:50:46.732712,u08,u08-laptop,hr/policies/,read,2.01
2026-08-29 12:54:28.401869,u08,u08-laptop,hr/leave_records.xlsx,download,4.08
2026-08-29 12:56:11.534435,u08,u08-laptop,hr/onboarding/,download,2.03
2026-08-29 13:01:29.710432,u08,u08-laptop,hr/policies/,read,1.08
2026-08-29 13:03:42.333548,u08,u08-laptop,hr/policies/,read,6.4
2026-08-29 13:03:43.183027,u08,u08-laptop,hr/policies/,write,3.0
2026-08-29 13:05:10.875657,u08,u08-laptop,hr/leave_records.xlsx,read,2.45
2026-08-29 13:05:19.325181,u08,u08-laptop,hr/policies/,read,11.46
2026-08-29 13:07:55.784893,u08,u08-laptop,hr/policies/,write,3.31
2026-08-29 13:08:56.361721,u08,u08-laptop,hr/policies/,read,0.78
2026-08-29 13:11:53.527066,u08,u08-laptop,hr/onboarding/,read,4.26
2026-08-29 13:13:07.735195,u08,u08-laptop,hr/onboarding/,read,4.41
2026-08-29 13:13:57.191965,u08,u08-laptop,hr/onboarding/,read,1.19
2026-08-29 13:13:59.828144,u08,u08-laptop,hr/leave_records.xlsx,read,4.75
2026-08-29 13:23:51.685122,u08,u08-laptop,hr/onboarding/,download,3.21
2026-08-29 13:27:10.801141,u08,u08-laptop,hr/policies/,read,1.35
2026-08-29 13:33:35.056862,u08,u08-laptop,hr/policies/,read,5.28
2026-08-29 13:36:39.290946,u08,u08-laptop,hr/onboarding/,read,9.67
2026-08-29 13:38:29.292529,u08,u08-laptop,hr/leave_records.xlsx,read,2.39
2026-08-29 13:41:37.735222,u08,u08-laptop,hr/policies/,read,2.15
2026-08-29 13:43:10.435473,u08,u08-laptop,hr/leave_records.xlsx,read,1.72
2026-08-29 13:48:19.301159,u08,u08-laptop,hr/onboarding/,read,6.29
2026-08-29 13:50:08.681095,u01,u01-mobile,finance/general_ledger.xlsx,read,0.52
2026-08-29 13:50:23.034926,u01,u01-mobile,finance/vendor_invoices/,read,2.16
2026-08-29 13:53:35.297648,u01,u01-mobile,finance/budget_2026.xlsx,read,1.81
2026-08-29 13:58:32.363789,u08,u08-laptop,hr/onboarding/,download,4.93
2026-08-29 13:58:59.546735,u01,u01-mobile,finance/expense_reports/,read,0.71
2026-08-29 13:59:25.436665,u01,u01-mobile,finance/expense_reports/,download,0.74
2026-08-29 14:11:36.799206,u01,u01-mobile,finance/budget_2026.xlsx,download,1.53
2026-08-29 14:11:46.801956,u01,u01-mobile,finance/expense_reports/,read,1.91
2026-08-29 14:26:25.168454,u01,u01-mobile,finance/general_ledger.xlsx,read,0.97
2026-08-29 14:31:44.192763,u01,u01-mobile,finance/vendor_invoices/,write,3.56
2026-08-29 14:46:54.311525,u01,u01-mobile,finance/budget_2026.xlsx,write,1.1
2026-08-29 14:47:40.619097,u01,u01-mobile,finance/budget_2026.xlsx,write,0.86
2026-08-29 14:48:42.641702,u01,u01-mobile,finance/budget_2026.xlsx,read,0.56
2026-08-29 15:10:55.128983,u01,u01-mobile,finance/expense_reports/,read,1.62
2026-08-29 15:14:47.851604,u01,u01-mobile,finance/vendor_invoices/,read,3.38
2026-08-30 08:48:27.601907,u04,u04-laptop,sales/decks/,read,0.76
2026-08-30 08:53:33.629450,u04,u04-laptop,sales/pipeline.xlsx,read,11.62
2026-08-30 09:03:04.048709,u04,u04-laptop,sales/contracts/,read,3.05
2026-08-30 09:13:09.454173,u04,u04-laptop,sales/decks/,read,4.37
2026-08-30 09:19:00.687894,u02,u02-laptop,eng/repo/backend/,read,1.02
2026-08-30 09:20:47.256753,u02,u02-laptop,eng/design_docs/,read,3.53
2026-08-30 09:28:42.458408,u04,u04-laptop,sales/pipeline.xlsx,download,4.17
2026-08-30 09:28:52.907800,u02,u02-laptop,eng/design_docs/,read,1.84
2026-08-30 09:32:27.476697,u04,u04-laptop,sales/pipeline.xlsx,write,3.47
2026-08-30 09:32:32.940839,u04,u04-laptop,sales/decks/,read,2.37
2026-08-30 09:32:33.052622,u02,u02-laptop,eng/repo/frontend/,write,3.33
2026-08-30 09:34:49.520758,u02,u02-laptop,eng/repo/backend/,read,3.15
2026-08-30 09:42:18.489239,u02,u02-laptop,eng/repo/frontend/,read,3.28
2026-08-30 09:45:32.154293,u02,u02-laptop,eng/design_docs/,read,2.17
2026-08-30 09:52:43.068431,u04,u04-laptop,sales/decks/,download,0.53
2026-08-30 09:54:53.463577,u04,u04-laptop,sales/pipeline.xlsx,read,1.79
2026-08-30 09:55:34.504585,u04,u04-laptop,sales/contracts/,read,1.13
2026-08-30 10:02:06.306080,u02,u02-laptop,eng/repo/frontend/,read,1.86
2026-08-30 10:05:07.869006,u04,u04-laptop,sales/decks/,write,1.74
2026-08-30 10:07:17.901035,u04,u04-laptop,sales/contracts/,read,6.56
2026-08-30 10:09:40.216093,u02,u02-laptop,eng/repo/backend/,read,3.79
2026-08-30 10:10:50.027404,u02,u02-laptop,eng/ci_logs/,write,4.12
2026-08-30 10:11:54.042435,u04,u04-laptop,sales/pipeline.xlsx,read,3.1
2026-08-30 10:16:37.423241,u02,u02-laptop,eng/repo/frontend/,read,5.13
2026-08-30 10:20:29.967140,u02,u02-laptop,eng/repo/frontend/,download,1.52
2026-08-30 10:21:19.368184,u04,u04-laptop,sales/decks/,write,0.65
2026-08-30 10:23:34.158880,u02,u02-laptop,eng/design_docs/,read,5.22
2026-08-30 10:27:14.056014,u02,u02-laptop,eng/repo/frontend/,download,1.75
2026-08-30 10:32:58.738346,u02,u02-laptop,eng/design_docs/,read,4.7
2026-08-30 10:36:22.826749,u04,u04-laptop,sales/pipeline.xlsx,write,2.03
2026-08-30 10:43:17.516774,u04,u04-laptop,sales/pipeline.xlsx,read,0.99
2026-08-30 10:45:52.249657,u04,u04-laptop,sales/client_contracts_confidential/,read,20.22
2026-08-30 10:46:07.709885,u02,u02-laptop,eng/repo/frontend/,write,1.43
2026-08-30 10:47:12.938736,u02,u02-laptop,eng/ci_logs/,write,3.5
2026-08-30 10:47:53.171906,u04,u04-laptop,sales/contracts/,write,4.18
2026-08-31 06:50:20.767875,u13,u13-mobile,hr/onboarding/,download,5.8
2026-08-31 06:58:22.731286,u13,u13-mobile,hr/policies/,read,2.49
2026-08-31 07:00:17.196338,u13,u13-mobile,hr/policies/,read,1.55
2026-08-31 07:37:18.846899,u05,u05-mobile,it/tickets/,write,1.91
2026-08-31 07:42:25.049835,u05,u05-mobile,it/asset_inventory.xlsx,read,1.82
2026-08-31 07:47:54.942584,u15,u15-laptop,it/scripts/,read,1.6
2026-08-31 07:52:18.800853,u08,u08-laptop,hr/policies/,write,4.68
2026-08-31 07:54:09.666434,u13,u13-mobile,hr/policies/,read,0.5
2026-08-31 07:56:23.139612,u15,u15-laptop,it/tickets/,write,5.06
2026-08-31 07:57:26.943955,u05,u05-mobile,it/asset_inventory.xlsx,write,1.63
2026-08-31 08:00:10.826775,u15,u15-laptop,it/scripts/,read,7.7
2026-08-31 08:05:22.542623,u13,u13-mobile,hr/policies/,read,3.88
2026-08-31 08:07:30.379199,u15,u15-laptop,it/asset_inventory.xlsx,read,2.92
2026-08-31 08:09:21.682997,u08,u08-laptop,hr/leave_records.xlsx,read,1.97
2026-08-31 08:09:28.889152,u15,u15-laptop,it/scripts/,read,0.92
2026-08-31 08:11:58.771878,u05,u05-mobile,it/tickets/,read,0.93
2026-08-31 08:14:11.562515,u05,u05-mobile,it/asset_inventory.xlsx,read,1.34
2026-08-31 08:20:29.713997,u08,u08-laptop,hr/policies/,read,4.26
2026-08-31 08:26:19.353297,u08,u08-laptop,hr/onboarding/,write,2.5
2026-08-31 08:27:26.166876,u15,u15-laptop,it/asset_inventory.xlsx,read,1.91
2026-08-31 08:29:22.950287,u14,u14-laptop,sales/decks/,read,1.35
2026-08-31 08:30:24.493493,u15,u15-laptop,it/scripts/,read,4.5
2026-08-31 08:30:25.104317,u08,u08-laptop,hr/leave_records.xlsx,read,2.73
2026-08-31 08:33:49.621683,u14,u14-laptop,sales/decks/,read,1.91
2026-08-31 08:40:55.344288,u06,u06-laptop,finance/budget_2026.xlsx,read,2.66
2026-08-31 08:43:13.662180,u01,u01-mobile,finance/budget_2026.xlsx,read,1.26
2026-08-31 08:44:32.915687,u06,u06-laptop,finance/general_ledger.xlsx,read,1.4
2026-08-31 08:44:51.346491,u13,u13-mobile,hr/onboarding/,read,1.68
2026-08-31 08:45:24.169611,u08,u08-laptop,hr/onboarding/,read,2.96
2026-08-31 08:48:47.812529,u03,u03-laptop,hr/onboarding/,write,2.21
2026-08-31 08:49:36.588031,u06,u06-laptop,finance/vendor_invoices/,read,4.47
2026-08-31 08:49:51.662444,u08,u08-laptop,hr/leave_records.xlsx,read,2.14
2026-08-31 08:50:30.648579,u06,u06-laptop,finance/vendor_invoices/,download,7.94
2026-08-31 08:51:13.010709,u05,u05-mobile,it/tickets/,read,1.68
2026-08-31 08:51:31.694748,u08,u08-laptop,hr/leave_records.xlsx,read,5.03
2026-08-31 08:51:43.740845,u06,u06-laptop,finance/vendor_invoices/,read,2.46
2026-08-31 08:51:55.009827,u06,u06-laptop,finance/budget_2026.xlsx,write,1.99
2026-08-31 08:56:58.865063,u06,u06-laptop,finance/budget_2026.xlsx,read,1.82
2026-08-31 08:57:21.059771,u13,u13-mobile,hr/onboarding/,write,2.48
2026-08-31 09:03:10.624278,u13,u13-mobile,hr/onboarding/,read,2.18
2026-08-31 09:12:10.317637,u14,u14-laptop,sales/contracts/,write,1.36
2026-08-31 09:15:43.727076,u01,u01-mobile,finance/budget_2026.xlsx,download,2.84
2026-08-31 09:18:29.274000,u13,u13-mobile,hr/leave_records.xlsx,read,5.53
2026-08-31 09:20:30.543184,u15,u15-laptop,it/scripts/,read,6.21
2026-08-31 09:21:11.918977,u06,u06-laptop,finance/vendor_invoices/,read,2.2
2026-08-31 09:24:33.750491,u13,u13-mobile,hr/policies/,write,1.27
2026-08-31 09:24:45.715704,u01,u01-mobile,finance/general_ledger.xlsx,read,2.15
2026-08-31 09:25:00.204999,u06,u06-laptop,finance/budget_2026.xlsx,read,2.12
2026-08-31 09:25:13.362856,u06,u06-laptop,finance/vendor_invoices/,read,1.74
2026-08-31 09:27:17.569002,u13,u13-mobile,hr/leave_records.xlsx,read,5.24
2026-08-31 09:28:38.739087,u06,u06-laptop,finance/vendor_invoices/,read,6.91
2026-08-31 09:28:52.078192,u15,u15-laptop,it/scripts/,read,2.24
2026-08-31 09:29:44.830046,u06,u06-laptop,finance/vendor_invoices/,read,1.22
2026-08-31 09:31:29.890275,u03,u03-laptop,hr/onboarding/,write,3.83
2026-08-31 09:33:04.879957,u12,u12-laptop,eng/ci_logs/,read,3.67
2026-08-31 09:33:49.216173,u15,u15-laptop,it/scripts/,read,1.9
2026-08-31 09:35:10.919764,u15,u15-laptop,it/scripts/,read,2.28
2026-08-31 09:35:15.857034,u13,u13-mobile,hr/policies/,read,2.99
2026-08-31 09:36:24.854251,u15,u15-laptop,it/tickets/,read,4.59
2026-08-31 09:36:40.890919,u01,u01-mobile,finance/budget_2026.xlsx,read,0.97
2026-08-31 09:36:52.968372,u01,u01-mobile,finance/general_ledger.xlsx,read,6.1
2026-08-31 09:38:30.140272,u15,u15-laptop,it/scripts/,read,1.74
2026-08-31 09:38:30.219875,u01,u01-mobile,finance/vendor_invoices/,write,1.1
2026-08-31 09:39:29.666071,u02,u02-laptop,eng/ci_logs/,write,2.53
2026-08-31 09:40:02.847957,u01,u01-mobile,finance/expense_reports/,write,0.7
2026-08-31 09:40:18.818857,u06,u06-laptop,finance/budget_2026.xlsx,read,6.74
2026-08-31 09:40:33.447226,u01,u01-mobile,finance/budget_2026.xlsx,read,1.57
2026-08-31 09:42:10.005984,u15,u15-laptop,it/scripts/,read,13.88
2026-08-31 09:45:27.775164,u15,u15-laptop,it/scripts/,read,2.39
2026-08-31 09:46:57.467302,u06,u06-laptop,finance/general_ledger.xlsx,read,4.42
2026-08-31 09:47:09.667924,u03,u03-laptop,hr/policies/,read,5.4
2026-08-31 09:50:25.060072,u13,u13-mobile,hr/leave_records.xlsx,write,1.97
2026-08-31 09:50:47.103314,u02,u02-laptop,eng/ci_logs/,read,4.15
2026-08-31 09:51:51.771808,u01,u01-mobile,finance/expense_reports/,read,1.08
2026-08-31 09:52:36.639202,u13,u13-mobile,hr/leave_records.xlsx,read,2.34
2026-08-31 09:52:58.663672,u01,u01-mobile,finance/budget_2026.xlsx,read,1.68
2026-08-31 09:54:15.358262,u01,u01-mobile,finance/expense_reports/,read,2.46
2026-08-31 09:54:19.079630,u15,u15-laptop,it/scripts/,read,1.49
2026-08-31 09:55:08.760320,u15,u15-laptop,it/asset_inventory.xlsx,read,5.73
2026-08-31 09:55:50.033013,u12,u12-laptop,eng/ci_logs/,read,2.52
2026-08-31 09:56:02.684497,u15,u15-laptop,it/asset_inventory.xlsx,download,9.31
2026-08-31 10:01:26.166474,u13,u13-mobile,hr/policies/,write,2.44
2026-08-31 10:03:39.136482,u01,u01-mobile,finance/budget_2026.xlsx,read,1.21
2026-08-31 10:04:26.001423,u15,u15-laptop,it/scripts/,download,2.92
2026-08-31 10:04:40.871570,u01,u01-mobile,finance/budget_2026.xlsx,download,0.75
2026-08-31 10:05:49.527508,u15,u15-laptop,it/tickets/,download,2.86
2026-08-31 10:06:30.375261,u12,u12-laptop,eng/repo/frontend/,read,4.13
2026-08-31 10:06:40.579063,u12,u12-laptop,eng/repo/frontend/,write,2.68
2026-08-31 10:06:50.476180,u13,u13-mobile,hr/leave_records.xlsx,read,2.6
2026-08-31 10:08:53.100220,u01,u01-mobile,finance/budget_2026.xlsx,read,0.8
2026-08-31 10:09:23.554762,u15,u15-laptop,it/scripts/,write,3.25
2026-08-31 10:09:52.508245,u03,u03-laptop,hr/policies/,read,2.3
2026-08-31 10:10:18.058856,u13,u13-mobile,hr/policies/,read,0.49
2026-08-31 10:11:50.110763,u15,u15-laptop,it/asset_inventory.xlsx,read,2.74
2026-08-31 10:15:00.093154,u01,u01-mobile,finance/general_ledger.xlsx,read,1.33
2026-08-31 10:16:25.977332,u15,u15-laptop,it/scripts/,read,1.86
2026-08-31 10:21:10.137716,u09,u09-laptop,sales/contracts/,read,5.39
2026-08-31 10:22:32.036668,u09,u09-laptop,sales/contracts/,read,3.9
2026-08-31 10:24:44.184433,u15,u15-laptop,it/tickets/,read,3.53
2026-08-31 10:25:35.902852,u14,u14-laptop,sales/pipeline.xlsx,write,2.95
2026-08-31 10:26:03.197048,u15,u15-laptop,it/tickets/,read,7.07
2026-08-31 10:28:20.588675,u15,u15-laptop,it/tickets/,read,3.01
2026-08-31 10:28:31.173091,u07,u07-laptop,eng/ci_logs/,read,4.92
2026-08-31 10:30:30.863417,u07,u07-laptop,eng/ci_logs/,read,8.5
2026-08-31 10:31:51.396464,u13,u13-mobile,hr/leave_records.xlsx,read,1.47
2026-08-31 10:35:01.167698,u12,u12-laptop,eng/design_docs/,write,1.91
2026-08-31 10:36:24.787838,u12,u12-laptop,eng/repo/frontend/,read,0.77
2026-08-31 10:37:02.329871,u12,u12-laptop,eng/design_docs/,read,5.74
2026-08-31 10:37:37.423928,u07,u07-laptop,eng/design_docs/,write,3.67
2026-08-31 10:38:28.451315,u14,u14-laptop,sales/decks/,read,0.98
2026-08-31 10:38:32.638872,u09,u09-laptop,sales/pipeline.xlsx,read,1.25
2026-08-31 10:38:44.372520,u03,u03-laptop,hr/leave_records.xlsx,read,1.24
2026-08-31 10:39:02.386295,u15,u15-laptop,it/asset_inventory.xlsx,read,4.55
2026-08-31 10:39:19.116603,u15,u15-laptop,it/tickets/,write,5.76
2026-08-31 10:39:49.514939,u14,u14-laptop,sales/pipeline.xlsx,read,1.14
2026-08-31 10:42:45.707479,u14,u14-laptop,sales/decks/,read,0.8
2026-08-31 10:43:23.893353,u15,u15-laptop,it/asset_inventory.xlsx,read,1.79
2026-08-31 10:44:17.054788,u15,u15-laptop,it/scripts/,read,2.82
2026-08-31 10:44:54.938971,u07,u07-laptop,eng/repo/frontend/,read,3.73
2026-08-31 10:48:58.915561,u12,u12-laptop,eng/design_docs/,write,2.67
2026-08-31 10:51:28.456211,u13,u13-mobile,hr/employee_records.db,read,2.79
2026-08-31 10:52:53.769976,u13,u13-mobile,hr/onboarding/,read,2.8
2026-08-31 10:52:58.531958,u15,u15-laptop,it/tickets/,read,2.46
2026-08-31 10:55:16.752281,u14,u14-laptop,sales/contracts/,read,1.03
2026-08-31 10:57:02.234804,u12,u12-laptop,eng/repo/backend/,write,2.45
2026-08-31 10:58:48.754515,u13,u13-mobile,hr/onboarding/,write,4.7
2026-08-31 11:01:42.645655,u09,u09-laptop,sales/contracts/,write,1.19
2026-08-31 11:01:56.101493,u15,u15-laptop,it/scripts/,write,1.02
2026-08-31 11:03:29.679729,u12,u12-laptop,eng/ci_logs/,read,3.62
2026-08-31 11:05:20.527556,u15,u15-laptop,it/asset_inventory.xlsx,write,7.12
2026-08-31 11:06:08.989148,u07,u07-laptop,eng/repo/frontend/,download,3.38
2026-08-31 11:09:28.579104,u09,u09-laptop,sales/pipeline.xlsx,read,3.26
2026-08-31 11:13:51.458950,u14,u14-laptop,sales/pipeline.xlsx,read,2.49
2026-08-31 11:15:46.624433,u09,u09-laptop,sales/contracts/,write,0.84
2026-08-31 11:15:57.576547,u04,u04-laptop,sales/decks/,read,1.63
2026-08-31 11:16:07.209582,u09,u09-laptop,sales/contracts/,read,1.71
2026-08-31 11:16:20.308190,u12,u12-laptop,eng/design_docs/,write,2.78
2026-08-31 11:16:32.226156,u07,u07-laptop,eng/design_docs/,read,4.7
2026-08-31 11:17:52.228599,u04,u04-laptop,sales/pipeline.xlsx,read,1.66
2026-08-31 11:18:18.924213,u04,u04-laptop,sales/pipeline.xlsx,read,3.02
2026-08-31 11:19:53.246558,u04,u04-laptop,sales/decks/,read,1.5
2026-08-31 11:21:18.503692,u07,u07-laptop,eng/repo/backend/,write,5.68
2026-08-31 11:21:51.303902,u04,u04-laptop,sales/decks/,read,3.85
2026-08-31 11:23:35.841905,u04,u04-laptop,sales/decks/,read,1.53
2026-08-31 11:23:58.878136,u02,u02-laptop,eng/design_docs/,read,1.02
2026-08-31 11:26:41.277760,u14,u14-laptop,sales/pipeline.xlsx,write,2.05
2026-08-31 11:27:52.464571,u04,u04-laptop,sales/contracts/,read,12.3
2026-08-31 11:29:18.578242,u07,u07-laptop,eng/repo/frontend/,read,0.98
2026-08-31 11:30:34.900749,u04,u04-laptop,sales/decks/,read,1.75
2026-08-31 11:31:25.426268,u04,u04-laptop,sales/contracts/,read,2.53
2026-08-31 11:32:08.606065,u04,u04-laptop,sales/decks/,download,8.26
2026-08-31 11:33:35.300593,u12,u12-laptop,eng/repo/backend/,read,2.98
2026-08-31 11:34:18.469616,u04,u04-laptop,sales/pipeline.xlsx,read,3.72
2026-08-31 11:35:47.621181,u04,u04-laptop,sales/decks/,write,1.53
2026-08-31 11:37:35.556923,u09,u09-laptop,sales/pipeline.xlsx,read,2.68
2026-08-31 11:37:44.271253,u04,u04-laptop,sales/pipeline.xlsx,read,3.44
2026-08-31 11:40:41.681338,u13,u13-mobile,hr/leave_records.xlsx,read,3.68
2026-08-31 11:41:31.017692,u04,u04-laptop,sales/pipeline.xlsx,write,4.34
2026-08-31 11:45:01.634582,u07,u07-laptop,eng/design_docs/,write,1.37
2026-08-31 11:46:24.213273,u09,u09-laptop,sales/pipeline.xlsx,read,0.75
2026-08-31 11:48:48.144294,u07,u07-laptop,eng/ci_logs/,write,4.76
2026-08-31 11:50:11.284556,u04,u04-laptop,sales/decks/,read,5.42
2026-08-31 11:54:12.458113,u04,u04-laptop,sales/pipeline.xlsx,write,1.24
2026-08-31 11:55:39.844871,u04,u04-laptop,sales/decks/,read,2.65
2026-08-31 11:56:45.337257,u02,u02-laptop,eng/design_docs/,write,3.23
2026-08-31 12:03:05.300192,u02,u02-laptop,eng/repo/frontend/,read,2.52
2026-08-31 12:03:16.421509,u11,u11-laptop,finance/expense_reports/,write,0.71
2026-08-31 12:04:46.607845,u13,u13-mobile,hr/onboarding/,read,1.25
2026-08-31 12:09:27.064821,u09,u09-laptop,sales/contracts/,write,2.02
2026-08-31 12:12:24.616811,u04,u04-laptop,sales/contracts/,download,1.62
2026-08-31 12:12:37.853991,u05,u05-mobile,it/asset_inventory.xlsx,write,2.21
2026-08-31 12:12:38.031857,u09,u09-laptop,sales/contracts/,read,1.32
2026-08-31 12:12:42.910774,u08,u08-laptop,hr/onboarding/,write,4.05
2026-08-31 12:13:53.941307,u09,u09-laptop,sales/pipeline.xlsx,read,1.31
2026-08-31 12:14:06.819921,u04,u04-laptop,sales/decks/,read,4.03
2026-08-31 12:14:11.343454,u08,u08-laptop,hr/onboarding/,read,7.24
2026-08-31 12:15:27.695100,u07,u07-laptop,eng/ci_logs/,read,3.14
2026-08-31 12:16:04.923523,u03,u03-laptop,hr/onboarding/,write,1.03
2026-08-31 12:17:44.838758,u09,u09-laptop,sales/pipeline.xlsx,write,1.37
2026-08-31 12:17:54.185641,u04,u04-laptop,sales/decks/,read,5.4
2026-08-31 12:18:11.626451,u02,u02-laptop,eng/ci_logs/,read,0.98
2026-08-31 12:20:51.870761,u09,u09-laptop,sales/contracts/,write,1.84
2026-08-31 12:23:51.472667,u05,u05-mobile,it/asset_inventory.xlsx,read,1.99
2026-08-31 12:24:43.845980,u05,u05-mobile,it/scripts/,read,0.91
2026-08-31 12:26:46.392567,u05,u05-mobile,it/asset_inventory.xlsx,read,1.3
2026-08-31 12:27:46.064449,u08,u08-laptop,hr/onboarding/,read,8.28
2026-08-31 12:28:09.794725,u04,u04-laptop,sales/contracts/,read,4.13
2026-08-31 12:31:01.040682,u02,u02-laptop,eng/ci_logs/,read,1.2
2026-08-31 12:31:41.736717,u07,u07-laptop,eng/ci_logs/,read,5.33
2026-08-31 12:32:16.834284,u02,u02-laptop,eng/ci_logs/,read,2.88
2026-08-31 12:32:51.023957,u08,u08-laptop,hr/leave_records.xlsx,read,1.92
2026-08-31 12:33:05.520643,u13,u13-mobile,hr/policies/,download,3.12
2026-08-31 12:35:08.776909,u03,u03-laptop,hr/policies/,download,2.01
2026-08-31 12:37:36.332923,u03,u03-laptop,hr/leave_records.xlsx,write,2.08
2026-08-31 12:37:41.396709,u04,u04-laptop,sales/decks/,read,1.38
2026-08-31 12:37:50.102378,u11,u11-laptop,finance/general_ledger.xlsx,read,1.43
2026-08-31 12:38:49.641528,u03,u03-laptop,hr/onboarding/,read,1.14
2026-08-31 12:38:56.792895,u11,u11-laptop,finance/general_ledger.xlsx,read,1.14
2026-08-31 12:40:16.598630,u11,u11-laptop,finance/vendor_invoices/,download,3.35
2026-08-31 12:45:08.938175,u03,u03-laptop,hr/leave_records.xlsx,download,1.1
2026-08-31 12:49:44.065067,u11,u11-laptop,finance/budget_2026.xlsx,read,0.31
2026-08-31 12:52:07.971473,u05,u05-mobile,it/asset_inventory.xlsx,read,3.22
2026-08-31 12:54:06.621774,u09,u09-laptop,sales/contracts/,read,1.87
2026-08-31 12:54:20.909364,u08,u08-laptop,hr/policies/,read,6.72
2026-08-31 12:54:47.275966,u05,u05-mobile,it/asset_inventory.xlsx,read,0.52
2026-08-31 12:55:44.060787,u09,u09-laptop,sales/pipeline.xlsx,write,2.49
2026-08-31 12:58:35.340785,u05,u05-mobile,it/scripts/,read,2.31
2026-08-31 12:59:35.369494,u11,u11-laptop,finance/general_ledger.xlsx,download,1.81
2026-08-31 13:00:24.939740,u08,u08-laptop,hr/onboarding/,read,1.7
2026-08-31 13:00:49.086429,u08,u08-laptop,hr/onboarding/,read,15.98
2026-08-31 13:02:23.393473,u09,u09-laptop,sales/pipeline.xlsx,read,0.97
2026-08-31 13:03:22.804852,u11,u11-laptop,finance/expense_reports/,read,1.17
2026-08-31 13:03:58.209803,u08,u08-laptop,hr/onboarding/,read,3.22
2026-08-31 13:09:29.779896,u08,u08-laptop,hr/leave_records.xlsx,write,1.81
2026-08-31 13:12:22.974930,u09,u09-laptop,sales/contracts/,write,0.84
2026-08-31 13:12:26.532171,u08,u08-laptop,hr/onboarding/,read,8.63
2026-08-31 13:12:51.210836,u11,u11-laptop,finance/vendor_invoices/,read,3.39
2026-08-31 13:12:52.419605,u05,u05-mobile,it/scripts/,read,0.98
2026-08-31 13:12:52.702834,u11,u11-laptop,finance/budget_2026.xlsx,read,0.82
2026-08-31 13:15:23.770272,u08,u08-laptop,hr/onboarding/,read,7.22
2026-08-31 13:20:00.985708,u11,u11-laptop,finance/vendor_invoices/,read,2.77
2026-08-31 13:22:13.415149,u05,u05-mobile,it/asset_inventory.xlsx,write,2.75
2026-08-31 13:25:03.048277,u05,u05-mobile,it/scripts/,read,1.07
2026-08-31 13:25:18.244189,u02,u02-laptop,eng/repo/backend/,write,3.99
2026-08-31 13:25:45.289444,u11,u11-laptop,finance/expense_reports/,download,6.46
2026-08-31 13:30:13.186685,u09,u09-laptop,sales/decks/,write,0.98
2026-08-31 13:35:45.395803,u08,u08-laptop,hr/policies/,write,5.54
2026-08-31 13:41:24.169260,u11,u11-laptop,finance/vendor_invoices/,write,0.85
2026-08-31 13:42:06.368754,u11,u11-laptop,finance/vendor_invoices/,read,1.21
2026-08-31 13:46:21.947819,u09,u09-laptop,sales/pipeline.xlsx,write,1.47
2026-08-31 13:50:06.740078,u05,u05-mobile,it/tickets/,read,1.16
2026-08-31 13:51:04.992591,u11,u11-laptop,finance/vendor_invoices/,read,0.61
2026-08-31 13:54:18.644377,u09,u09-laptop,sales/decks/,write,5.72
2026-08-31 13:57:59.452699,u05,u05-mobile,it/asset_inventory.xlsx,read,3.19
2026-08-31 15:12:42.993840,u14,u14-laptop,sales/contracts/,read,0.76
2026-08-31 15:17:10.391049,u14,u14-laptop,sales/contracts/,download,1.38
2026-08-31 15:21:50.883113,u14,u14-laptop,sales/decks/,write,0.9
2026-08-31 15:26:23.504773,u14,u14-laptop,sales/decks/,read,0.21
2026-08-31 22:03:52.455603,u10,u10-laptop,it/scripts/,download,1.05
2026-08-31 22:06:50.812505,u10,u10-laptop,it/scripts/,read,1.37
2026-08-31 22:18:07.179121,u10,u10-laptop,it/scripts/,read,3.29
2026-08-31 22:25:33.098113,u10,u10-laptop,it/asset_inventory.xlsx,read,0.57
2026-08-31 23:01:08.608099,u10,u10-laptop,it/asset_inventory.xlsx,read,1.85
2026-08-31 23:22:58.971693,u10,u10-laptop,it/tickets/,read,5.73
2026-08-31 23:26:00.795076,u10,u10-laptop,it/tickets/,read,1.51
2026-08-31 23:45:04.238718,u10,u10-laptop,it/asset_inventory.xlsx,write,0.37
2026-08-31 23:52:48.234631,u10,u10-laptop,it/tickets/,read,1.05
2026-09-01 00:20:12.177111,u10,u10-laptop,it/scripts/,read,1.46
2026-09-01 00:28:40.878186,u10,u10-laptop,it/tickets/,read,3.8
2026-09-01 00:55:21.331388,u10,u10-laptop,it/asset_inventory.xlsx,write,2.38
2026-09-01 01:02:46.149971,u10,u10-laptop,it/asset_inventory.xlsx,download,1.58
2026-09-01 01:27:07.483028,u09,u09-laptop,sales/decks/,download,1.1
2026-09-01 01:31:01.195220,u09,u09-laptop,sales/pipeline.xlsx,download,1.26
2026-09-01 01:37:48.473295,u09,u09-laptop,sales/contracts/,download,2.93
2026-09-01 01:49:22.119929,u09,u09-laptop,sales/contracts/,read,1.62
2026-09-01 01:58:48.189710,u09,u09-laptop,sales/contracts/,download,1.52
2026-09-01 02:04:26.858447,u09,u09-laptop,sales/pipeline.xlsx,read,1.75
2026-09-01 02:06:52.583269,u09,u09-laptop,sales/decks/,write,1.7
2026-09-01 02:12:34.361135,u09,u09-laptop,sales/pipeline.xlsx,download,2.07
2026-09-01 02:23:55.041194,u09,u09-laptop,sales/decks/,download,2.83
2026-09-01 02:26:46.936384,u09,u09-laptop,sales/decks/,read,2.04
2026-09-01 02:27:52.375529,u09,u09-laptop,sales/decks/,write,1.8
2026-09-01 02:29:53.780153,u09,u09-laptop,sales/pipeline.xlsx,download,2.07
2026-09-01 02:33:41.847095,u09,u09-laptop,sales/pipeline.xlsx,read,1.28
2026-09-01 02:38:20.101921,u09,u09-laptop,sales/decks/,download,2.08
2026-09-01 02:44:09.114421,u09,u09-laptop,sales/contracts/,read,2.12
2026-09-01 02:56:45.737706,u09,u09-laptop,sales/decks/,download,1.88
2026-09-01 03:00:24.646271,u09,u09-laptop,sales/pipeline.xlsx,read,1.52
2026-09-01 03:02:46.828702,u09,u09-laptop,sales/contracts/,download,0.42
2026-09-01 03:07:15.904596,u09,u09-laptop,sales/decks/,read,2.76
2026-09-01 03:10:56.707865,u09,u09-laptop,sales/pipeline.xlsx,write,1.09
2026-09-01 03:13:49.390523,u09,u09-laptop,sales/decks/,download,2.41
2026-09-01 03:16:57.172851,u09,u09-laptop,sales/pipeline.xlsx,read,0.69
2026-09-01 03:23:16.435714,u09,u09-laptop,sales/pipeline.xlsx,read,0.6
2026-09-01 07:01:34.831724,u12,u12-laptop,eng/repo/frontend/,read,1.57
2026-09-01 07:15:32.189843,u12,u12-laptop,eng/design_docs/,download,4.02
2026-09-01 08:17:35.678146,u03,u03-laptop,hr/onboarding/,read,2.4
2026-09-01 08:18:14.466328,u03,u03-laptop,hr/onboarding/,read,1.11
2026-09-01 08:28:19.167894,u03,u03-laptop,hr/onboarding/,read,1.74
2026-09-01 08:33:03.944678,u11,u11-laptop,finance/general_ledger.xlsx,write,1.78
2026-09-01 08:35:06.377410,u11,u11-laptop,finance/general_ledger.xlsx,read,4.13
2026-09-01 08:45:43.715744,u07,u07-laptop,eng/ci_logs/,read,1.62
2026-09-01 08:52:13.088262,u07,u07-laptop,eng/repo/backend/,read,6.49
2026-09-01 08:52:42.800730,u02,u02-laptop,eng/design_docs/,read,2.44
2026-09-01 08:54:01.718570,u07,u07-laptop,eng/design_docs/,read,5.54
2026-09-01 08:54:17.270920,u02,u02-laptop,eng/repo/backend/,read,0.78
2026-09-01 08:55:38.475305,u07,u07-laptop,eng/repo/backend/,read,2.84
2026-09-01 08:58:53.239683,u02,u02-laptop,eng/repo/frontend/,write,2.3
2026-09-01 09:06:58.158761,u07,u07-laptop,eng/design_docs/,read,7.98
2026-09-01 09:19:59.983141,u02,u02-laptop,eng/ci_logs/,download,1.14
2026-09-01 09:20:37.136554,u02,u02-laptop,eng/repo/frontend/,read,0.71
2026-09-01 09:23:16.849738,u11,u11-laptop,finance/budget_2026.xlsx,read,0.97
2026-09-01 09:25:47.250637,u02,u02-laptop,eng/repo/frontend/,read,2.33
2026-09-01 09:31:35.119658,u13,u13-laptop,hr/policies/,write,1.44
2026-09-01 09:35:26.633314,u07,u07-laptop,eng/repo/frontend/,write,1.81
2026-09-01 09:36:02.480564,u07,u07-laptop,eng/ci_logs/,read,3.88
2026-09-01 09:36:05.422860,u13,u13-laptop,hr/policies/,read,1.25
2026-09-01 09:36:30.877732,u06,u06-laptop,finance/vendor_invoices/,write,6.32
2026-09-01 09:36:39.545472,u06,u06-laptop,finance/general_ledger.xlsx,write,5.86
2026-09-01 09:40:02.976714,u02,u02-laptop,eng/design_docs/,write,1.38
2026-09-01 09:41:26.692277,u11,u11-laptop,finance/expense_reports/,write,1.3
2026-09-01 09:41:58.412896,u06,u06-laptop,finance/budget_2026.xlsx,write,4.85
2026-09-01 09:42:00.151408,u02,u02-laptop,eng/repo/backend/,read,1.08
2026-09-01 09:42:13.014047,u02,u02-laptop,eng/ci_logs/,write,0.81
2026-09-01 09:45:19.446221,u13,u13-laptop,hr/leave_records.xlsx,read,1.09
2026-09-01 09:49:21.482584,u02,u02-laptop,eng/ci_logs/,read,2.93
2026-09-01 09:50:05.133035,u02,u02-laptop,eng/ci_logs/,read,6.49
2026-09-01 09:50:25.150174,u08,u08-laptop,hr/onboarding/,read,5.91
2026-09-01 09:53:50.687906,u06,u06-laptop,finance/general_ledger.xlsx,read,15.5
2026-09-01 09:54:31.983334,u11,u11-laptop,finance/general_ledger.xlsx,read,2.09
2026-09-01 09:56:21.158609,u05,u05-laptop,it/scripts/,write,1.23
2026-09-01 09:56:41.427391,u02,u02-laptop,eng/ci_logs/,write,3.51
2026-09-01 09:57:07.946329,u08,u08-laptop,hr/policies/,read,2.84
2026-09-01 09:57:08.931975,u08,u08-laptop,hr/onboarding/,write,7.19
2026-09-01 09:57:30.421159,u13,u13-laptop,hr/policies/,read,1.96
2026-09-01 09:59:33.394500,u13,u13-laptop,hr/onboarding/,write,1.67
2026-09-01 10:01:39.700673,u02,u02-laptop,eng/repo/backend/,write,4.88
2026-09-01 10:02:16.944676,u02,u02-laptop,eng/repo/backend/,read,2.22
2026-09-01 10:03:42.919384,u02,u02-laptop,eng/repo/backend/,read,1.6
2026-09-01 10:04:09.028852,u12,u12-laptop,eng/ci_logs/,read,8.77
2026-09-01 10:04:51.342366,u06,u06-laptop,finance/budget_2026.xlsx,read,4.59
2026-09-01 10:04:51.482197,u02,u02-laptop,eng/design_docs/,read,3.56
2026-09-01 10:05:14.046400,u05,u05-laptop,it/scripts/,read,1.28
2026-09-01 10:06:04.700085,u08,u08-laptop,hr/policies/,read,2.07
2026-09-01 10:07:38.116756,u05,u05-laptop,it/asset_inventory.xlsx,read,2.28
2026-09-01 10:09:05.425143,u06,u06-laptop,finance/vendor_invoices/,read,3.77
2026-09-01 10:11:21.581568,u12,u12-laptop,eng/repo/frontend/,read,8.85
2026-09-01 10:12:47.887881,u08,u08-laptop,hr/leave_records.xlsx,read,2.86
2026-09-01 10:12:48.858642,u06,u06-laptop,finance/budget_2026.xlsx,write,17.62
2026-09-01 10:12:51.062278,u12,u12-laptop,eng/repo/frontend/,read,2.24
2026-09-01 10:13:46.715144,u13,u13-laptop,hr/onboarding/,read,1.72
2026-09-01 10:14:52.059138,u06,u06-laptop,finance/expense_reports/,read,1.83
2026-09-01 10:15:13.190019,u13,u13-laptop,hr/onboarding/,read,4.99
2026-09-01 10:15:18.480976,u15,u15-laptop,it/scripts/,read,1.69
2026-09-01 10:15:47.590081,u12,u12-laptop,eng/repo/backend/,download,1.28
2026-09-01 10:17:50.281793,u15,u15-laptop,it/asset_inventory.xlsx,read,3.98
2026-09-01 10:19:24.687968,u13,u13-laptop,hr/leave_records.xlsx,read,2.25
2026-09-01 10:20:14.503280,u13,u13-laptop,hr/policies/,read,6.61
2026-09-01 10:21:27.840009,u05,u05-laptop,it/tickets/,read,1.44
2026-09-01 10:21:32.064470,u06,u06-laptop,finance/general_ledger.xlsx,read,2.55
2026-09-01 10:21:46.502322,u15,u15-laptop,it/scripts/,read,2.06
2026-09-01 10:21:54.219412,u11,u11-laptop,finance/vendor_invoices/,read,1.41
2026-09-01 10:22:55.756040,u06,u06-laptop,finance/expense_reports/,read,2.37
2026-09-01 10:23:05.018378,u11,u11-laptop,finance/vendor_invoices/,write,1.31
2026-09-01 10:23:52.481767,u04,u04-laptop,sales/contracts/,read,2.35
2026-09-01 10:24:32.594716,u08,u08-laptop,hr/policies/,read,3.73
2026-09-01 10:24:33.051608,u05,u05-laptop,it/scripts/,read,1.98
2026-09-01 10:25:28.441957,u06,u06-laptop,finance/budget_2026.xlsx,read,3.51
2026-09-01 10:26:04.485241,u15,u15-laptop,it/asset_inventory.xlsx,read,2.4
2026-09-01 10:26:06.408187,u15,u15-laptop,it/scripts/,read,2.97
2026-09-01 10:26:18.913254,u15,u15-laptop,it/asset_inventory.xlsx,read,4.17
2026-09-01 10:26:22.316459,u11,u11-laptop,finance/vendor_invoices/,read,1.84
2026-09-01 10:27:30.532820,u05,u05-laptop,it/scripts/,read,1.49
2026-09-01 10:28:14.425568,u15,u15-laptop,it/scripts/,read,1.82
2026-09-01 10:30:07.559829,u13,u13-laptop,hr/onboarding/,write,4.23
2026-09-01 10:31:00.504649,u01,u01-mobile,finance/expense_reports/,read,1.42
2026-09-01 10:31:02.496640,u15,u15-laptop,it/scripts/,write,4.41
2026-09-01 10:31:29.931211,u06,u06-laptop,finance/vendor_invoices/,read,4.89
2026-09-01 10:32:14.148136,u05,u05-laptop,it/scripts/,write,0.33
2026-09-01 10:33:02.646180,u15,u15-laptop,it/scripts/,write,4.09
2026-09-01 10:33:05.289751,u04,u04-laptop,sales/decks/,read,4.76
2026-09-01 10:33:29.422675,u05,u05-laptop,it/asset_inventory.xlsx,read,3.14
2026-09-01 10:33:40.690091,u06,u06-laptop,finance/general_ledger.xlsx,read,2.64
2026-09-01 10:33:52.496613,u08,u08-laptop,hr/policies/,write,7.4
2026-09-01 10:35:40.202412,u01,u01-mobile,finance/budget_2026.xlsx,read,3.32
2026-09-01 10:35:57.454072,u06,u06-laptop,finance/budget_2026.xlsx,write,3.29
2026-09-01 10:36:24.431846,u15,u15-laptop,it/tickets/,write,2.52
2026-09-01 10:36:32.726733,u04,u04-laptop,sales/pipeline.xlsx,write,3.92
2026-09-01 10:36:48.818578,u13,u13-laptop,hr/onboarding/,write,4.14
2026-09-01 10:39:16.744814,u13,u13-laptop,hr/onboarding/,read,1.66
2026-09-01 10:39:23.566044,u15,u15-laptop,it/asset_inventory.xlsx,read,9.43
2026-09-01 10:39:30.553595,u04,u04-laptop,sales/decks/,read,3.15
2026-09-01 10:40:12.964101,u06,u06-laptop,finance/vendor_invoices/,read,4.74
2026-09-01 10:40:17.741577,u15,u15-laptop,it/asset_inventory.xlsx,read,3.1
2026-09-01 10:40:42.306778,u04,u04-laptop,sales/contracts/,read,4.64
2026-09-01 10:41:15.979584,u06,u06-laptop,finance/general_ledger.xlsx,download,4.22
2026-09-01 10:41:25.254032,u06,u06-laptop,finance/general_ledger.xlsx,read,1.77
2026-09-01 10:41:44.049760,u08,u08-laptop,hr/policies/,read,2.97
2026-09-01 10:41:53.037424,u15,u15-laptop,it/asset_inventory.xlsx,read,4.8
2026-09-01 10:42:18.760855,u01,u01-mobile,finance/general_ledger.xlsx,read,1.9
2026-09-01 10:42:20.104695,u15,u15-laptop,it/asset_inventory.xlsx,read,7.44
2026-09-01 10:43:40.114529,u13,u13-laptop,hr/policies/,read,3.33
2026-09-01 10:43:44.183943,u07,u07-laptop,eng/design_docs/,read,5.69
2026-09-01 10:44:07.214888,u13,u13-laptop,hr/policies/,read,4.5
2026-09-01 10:45:30.982523,u08,u08-laptop,hr/leave_records.xlsx,write,1.12
2026-09-01 10:46:32.133998,u05,u05-laptop,it/scripts/,read,4.7
2026-09-01 10:46:42.943729,u05,u05-laptop,it/asset_inventory.xlsx,read,1.57
2026-09-01 10:46:46.659989,u15,u15-laptop,it/asset_inventory.xlsx,read,4.54
2026-09-01 10:47:39.679952,u03,u03-laptop,hr/policies/,write,1.14
2026-09-01 10:48:28.929082,u05,u05-laptop,it/scripts/,read,1.01
2026-09-01 10:48:41.656184,u01,u01-mobile,finance/budget_2026.xlsx,read,1.67
2026-09-01 10:49:24.024297,u15,u15-laptop,it/scripts/,read,2.04
2026-09-01 10:49:38.158966,u15,u15-laptop,it/scripts/,download,12.71
2026-09-01 10:49:49.405171,u04,u04-laptop,sales/contracts/,read,4.51
2026-09-01 10:50:05.994162,u01,u01-mobile,finance/budget_2026.xlsx,read,0.74
2026-09-01 10:50:51.108402,u05,u05-laptop,it/scripts/,write,0.99
2026-09-01 10:51:04.533591,u01,u01-mobile,finance/expense_reports/,read,3.68
2026-09-01 10:51:38.291018,u13,u13-laptop,hr/leave_records.xlsx,read,2.16
2026-09-01 10:52:19.545281,u15,u15-laptop,it/asset_inventory.xlsx,read,6.96
2026-09-01 10:52:23.353093,u06,u06-laptop,finance/expense_reports/,read,6.6
2026-09-01 10:52:49.901747,u12,u12-laptop,eng/design_docs/,read,1.28
2026-09-01 10:53:24.589598,u01,u01-mobile,finance/general_ledger.xlsx,write,3.22
2026-09-01 10:53:27.797734,u12,u12-laptop,eng/repo/frontend/,read,1.52
2026-09-01 10:55:31.031837,u15,u15-laptop,it/asset_inventory.xlsx,download,2.53
2026-09-01 10:57:12.918372,u04,u04-laptop,sales/contracts/,write,3.9
2026-09-01 10:57:36.792825,u15,u15-laptop,it/tickets/,write,3.57
2026-09-01 10:57:51.108200,u15,u15-laptop,it/scripts/,read,1.95
2026-09-01 10:58:15.603796,u13,u13-laptop,hr/policies/,write,2.71
2026-09-01 10:58:24.137371,u03,u03-laptop,hr/onboarding/,read,1.8
2026-09-01 10:59:05.670614,u05,u05-laptop,it/asset_inventory.xlsx,read,0.47
2026-09-01 11:00:04.553290,u05,u05-laptop,it/tickets/,download,0.64
2026-09-01 11:01:00.854335,u06,u06-laptop,finance/general_ledger.xlsx,read,1.99
2026-09-01 11:01:20.370479,u05,u05-laptop,it/scripts/,read,0.73
2026-09-01 11:03:07.573611,u08,u08-laptop,hr/leave_records.xlsx,read,5.63
2026-09-01 11:03:27.020978,u12,u12-laptop,eng/ci_logs/,read,3.76
2026-09-01 11:03:58.952815,u15,u15-laptop,it/network_diagram.vsdx,read,2.47
2026-09-01 11:04:02.106931,u15,u15-laptop,it/tickets/,write,3.28
2026-09-01 11:06:51.796965,u08,u08-laptop,hr/policies/,read,2.5
2026-09-01 11:07:12.006158,u08,u08-laptop,hr/onboarding/,read,2.45
2026-09-01 11:07:35.471728,u15,u15-laptop,it/asset_inventory.xlsx,read,4.54
2026-09-01 11:07:38.355743,u15,u15-laptop,it/tickets/,write,3.71
2026-09-01 11:08:43.083466,u04,u04-laptop,sales/client_contracts_confidential/,write,2.74
2026-09-01 11:09:26.982532,u01,u01-mobile,finance/expense_reports/,read,1.12
2026-09-01 11:10:08.789806,u01,u01-mobile,finance/general_ledger.xlsx,read,3.14
2026-09-01 11:13:23.680629,u12,u12-laptop,eng/repo/backend/,write,2.41
2026-09-01 11:14:29.990027,u12,u12-laptop,eng/repo/backend/,download,8.6
2026-09-01 11:15:43.130923,u08,u08-laptop,hr/policies/,write,1.74
2026-09-01 11:15:44.771489,u14,u14-laptop,sales/contracts/,read,0.67
2026-09-01 11:16:07.033741,u01,u01-mobile,finance/expense_reports/,write,3.18
2026-09-01 11:16:26.104603,u03,u03-laptop,hr/policies/,read,0.64
2026-09-01 11:17:51.606346,u15,u15-laptop,it/tickets/,read,4.5
2026-09-01 11:17:56.590976,u05,u05-laptop,it/scripts/,read,1.76
2026-09-01 11:18:21.250862,u15,u15-laptop,it/asset_inventory.xlsx,read,2.19
2026-09-01 11:19:24.507820,u14,u14-laptop,sales/pipeline.xlsx,read,0.36
2026-09-01 11:19:29.762510,u05,u05-laptop,it/asset_inventory.xlsx,read,1.07
2026-09-01 11:20:03.906384,u14,u14-laptop,sales/decks/,read,0.86
2026-09-01 11:22:13.422778,u14,u14-laptop,sales/decks/,read,1.09
2026-09-01 11:22:31.713142,u11,u11-laptop,finance/budget_2026.xlsx,read,3.12
2026-09-01 11:23:11.464619,u15,u15-laptop,it/asset_inventory.xlsx,read,1.83
2026-09-01 11:24:30.342055,u07,u07-laptop,eng/design_docs/,write,2.45
2026-09-01 11:26:08.612614,u14,u14-laptop,sales/contracts/,read,0.53
2026-09-01 11:26:18.548690,u04,u04-laptop,sales/pipeline.xlsx,read,4.98
2026-09-01 11:26:46.757183,u01,u01-mobile,finance/budget_2026.xlsx,read,1.26
2026-09-01 11:28:59.561165,u14,u14-laptop,sales/contracts/,read,0.53
2026-09-01 11:29:34.584572,u05,u05-laptop,it/tickets/,download,1.67
2026-09-01 11:31:12.162514,u05,u05-laptop,it/tickets/,read,1.97
2026-09-01 11:31:12.842666,u14,u14-laptop,sales/contracts/,write,3.0
2026-09-01 11:31:14.065975,u01,u01-mobile,finance/budget_2026.xlsx,write,3.7
2026-09-01 11:32:09.773853,u01,u01-mobile,finance/budget_2026.xlsx,read,2.08
2026-09-01 11:32:15.239766,u01,u01-mobile,finance/budget_2026.xlsx,read,4.22
2026-09-01 11:32:34.882292,u15,u15-laptop,it/asset_inventory.xlsx,read,1.23
2026-09-01 11:34:39.515319,u04,u04-laptop,sales/pipeline.xlsx,read,2.65
2026-09-01 11:35:45.481255,u15,u15-laptop,it/scripts/,read,2.55
2026-09-01 11:35:59.821969,u14,u14-laptop,sales/pipeline.xlsx,download,0.8
2026-09-01 11:36:21.935898,u11,u11-laptop,finance/vendor_invoices/,write,2.71
2026-09-01 11:36:24.714310,u14,u14-laptop,sales/decks/,read,1.73
2026-09-01 11:36:37.595707,u01,u01-mobile,finance/vendor_invoices/,read,1.15
2026-09-01 11:36:57.244636,u04,u04-laptop,sales/contracts/,write,3.13
2026-09-01 11:39:06.273524,u04,u04-laptop,sales/pipeline.xlsx,read,3.29
2026-09-01 11:40:01.525706,u07,u07-laptop,eng/repo/backend/,read,3.91
2026-09-01 11:40:13.578817,u05,u05-laptop,it/scripts/,write,1.89
2026-09-01 11:41:44.344511,u01,u01-mobile,finance/budget_2026.xlsx,read,3.27
2026-09-01 11:43:57.554464,u07,u07-laptop,eng/design_docs/,read,4.15
2026-09-01 11:45:12.475397,u07,u07-laptop,eng/repo/backend/,download,5.3
2026-09-01 11:46:01.324201,u01,u01-mobile,finance/general_ledger.xlsx,read,1.59
2026-09-01 11:46:31.911065,u01,u01-mobile,finance/general_ledger.xlsx,read,1.19
2026-09-01 11:48:57.774341,u04,u04-laptop,sales/contracts/,write,2.47
2026-09-01 11:50:02.715146,u01,u01-mobile,finance/budget_2026.xlsx,read,1.89
2026-09-01 11:56:00.886306,u07,u07-laptop,eng/repo/frontend/,read,3.24
2026-09-01 11:59:58.093842,u07,u07-laptop,eng/repo/backend/,read,3.71
2026-09-01 12:04:20.229998,u14,u14-laptop,sales/pipeline.xlsx,read,0.99
2026-09-01 12:04:20.898596,u07,u07-laptop,eng/design_docs/,download,1.2
2026-09-01 12:05:11.106271,u07,u07-laptop,eng/repo/backend/,read,3.86
2026-09-01 12:10:36.800161,u04,u04-laptop,sales/contracts/,write,1.8
2026-09-01 12:12:05.330094,u11,u11-laptop,finance/budget_2026.xlsx,read,1.31
2026-09-01 12:14:26.228377,u04,u04-laptop,sales/client_contracts_confidential/,write,4.59
2026-09-01 12:16:57.047553,u14,u14-laptop,sales/pipeline.xlsx,read,1.1
2026-09-01 12:17:19.335639,u14,u14-laptop,sales/decks/,read,0.82
2026-09-01 12:23:22.674148,u14,u14-laptop,sales/pipeline.xlsx,read,3.1
2026-09-01 12:24:47.005009,u11,u11-laptop,finance/general_ledger.xlsx,read,1.12
2026-09-01 12:25:22.582033,u12,u12-laptop,eng/design_docs/,write,3.41
2026-09-01 12:27:49.413198,u04,u04-laptop,sales/decks/,download,5.61
2026-09-01 12:31:18.477170,u11,u11-laptop,finance/general_ledger.xlsx,read,4.45
2026-09-01 12:37:30.810238,u14,u14-laptop,sales/contracts/,read,0.53
2026-09-01 12:42:22.745566,u04,u04-laptop,sales/contracts/,read,4.24
2026-09-01 12:45:17.533068,u14,u14-laptop,sales/contracts/,read,0.9
2026-09-01 12:52:41.169697,u04,u04-laptop,sales/contracts/,read,3.36
2026-09-01 12:56:01.803497,u04,u04-laptop,sales/pipeline.xlsx,read,2.63
2026-09-01 12:57:37.866818,u12,u12-laptop,eng/ci_logs/,read,4.93
2026-09-01 13:00:39.150214,u04,u04-laptop,sales/decks/,read,5.73
2026-09-01 13:04:52.430194,u04,u04-laptop,sales/pipeline.xlsx,read,1.75
2026-09-01 13:20:29.220604,u04,u04-laptop,sales/pipeline.xlsx,read,7.5
2026-09-01 13:27:09.955877,u08,u08-laptop,hr/leave_records.xlsx,download,4.09
2026-09-01 13:38:04.581301,u08,u08-laptop,hr/policies/,read,5.63
2026-09-01 13:45:23.217454,u08,u08-laptop,hr/onboarding/,read,3.42
2026-09-01 14:03:09.503835,u08,u08-laptop,hr/leave_records.xlsx,read,4.42
2026-09-01 14:21:26.882969,u08,u08-laptop,hr/policies/,read,3.08
2026-09-01 23:06:29.626506,u10,u10-laptop,it/scripts/,write,0.59
2026-09-01 23:39:36.487586,u10,u10-laptop,it/tickets/,read,1.31
2026-09-01 23:42:50.527939,u10,u10-laptop,it/tickets/,read,2.07
2026-09-01 23:59:34.779615,u10,u10-laptop,it/scripts/,write,1.61
2026-09-02 00:03:22.066111,u10,u10-laptop,it/scripts/,write,1.11
2026-09-02 00:07:18.208242,u10,u10-laptop,it/scripts/,read,4.18
2026-09-02 00:19:47.498113,u10,u10-laptop,it/admin_credentials.vault,read,2.4
2026-09-02 00:21:52.140746,u10,u10-laptop,it/tickets/,read,0.67
2026-09-02 00:52:35.811919,u10,u10-laptop,it/tickets/,read,1.37
2026-09-02 00:55:48.067836,u10,u10-laptop,it/asset_inventory.xlsx,write,3.03
2026-09-02 02:44:32.763780,u09,u09-laptop,sales/contracts/,read,3.42
2026-09-02 02:48:56.743738,u09,u09-laptop,sales/contracts/,read,4.01
2026-09-02 02:54:17.959675,u09,u09-laptop,sales/contracts/,write,1.03
2026-09-02 02:58:40.567569,u09,u09-laptop,sales/decks/,download,1.08
2026-09-02 03:03:57.452584,u09,u09-laptop,sales/pipeline.xlsx,write,1.79
2026-09-02 03:06:04.588987,u09,u09-laptop,sales/contracts/,download,2.26
2026-09-02 03:11:41.725175,u09,u09-laptop,sales/contracts/,read,1.25
2026-09-02 03:15:12.897788,u09,u09-laptop,sales/pipeline.xlsx,write,2.47
2026-09-02 03:17:41.843369,u09,u09-laptop,sales/decks/,read,2.07
2026-09-02 03:18:35.165279,u09,u09-laptop,sales/contracts/,read,1.49
2026-09-02 03:22:16.165987,u09,u09-laptop,sales/decks/,read,1.31
2026-09-02 03:24:42.776677,u09,u09-laptop,sales/pipeline.xlsx,download,2.47
2026-09-02 03:25:55.147436,u09,u09-laptop,sales/decks/,write,2.6
2026-09-02 03:26:09.835374,u09,u09-laptop,sales/contracts/,read,2.51
2026-09-02 03:29:36.706219,u09,u09-laptop,sales/pipeline.xlsx,read,2.54
2026-09-02 03:29:44.794635,u09,u09-laptop,sales/contracts/,read,1.29
2026-09-02 03:46:04.434716,u09,u09-laptop,sales/pipeline.xlsx,read,3.14
2026-09-02 03:48:19.583902,u09,u09-laptop,sales/contracts/,read,0.94
2026-09-02 03:49:54.677026,u09,u09-laptop,sales/pipeline.xlsx,download,2.89
2026-09-02 03:50:18.608022,u09,u09-laptop,sales/decks/,read,0.99
2026-09-02 03:50:50.556037,u09,u09-laptop,sales/decks/,download,1.4
2026-09-02 03:53:44.719712,u09,u09-laptop,sales/contracts/,read,1.4
2026-09-02 03:58:16.349351,u09,u09-laptop,sales/pipeline.xlsx,download,3.38
2026-09-02 03:59:53.517646,u09,u09-laptop,sales/decks/,write,1.67
2026-09-02 04:01:52.583834,u09,u09-laptop,sales/decks/,read,1.44
2026-09-02 04:08:06.926945,u09,u09-laptop,sales/contracts/,download,1.8
2026-09-02 04:13:15.765510,u09,u09-laptop,sales/decks/,download,1.69
2026-09-02 04:16:38.891103,u09,u09-laptop,sales/decks/,read,4.45
2026-09-02 04:19:35.292179,u09,u09-laptop,sales/pipeline.xlsx,read,2.14
2026-09-02 04:20:55.005882,u09,u09-laptop,sales/contracts/,read,0.77
2026-09-02 04:24:35.170480,u09,u09-laptop,sales/pipeline.xlsx,write,1.83
2026-09-02 05:38:26.007725,u13,u13-mobile,hr/onboarding/,write,5.54
2026-09-02 06:18:21.921374,u13,u13-mobile,hr/onboarding/,read,1.79
2026-09-02 06:24:25.823981,u13,u13-mobile,hr/policies/,write,2.11
2026-09-02 06:43:32.477024,u13,u13-mobile,hr/leave_records.xlsx,read,2.74
2026-09-02 07:15:26.032567,u11,u11-laptop,finance/employee_ssn_records.db,read,0.57
2026-09-02 07:22:43.873715,u11,u11-laptop,finance/budget_2026.xlsx,read,3.34
2026-09-02 07:50:06.043545,u11,u11-laptop,finance/expense_reports/,read,3.83
2026-09-02 07:50:41.683242,u11,u11-laptop,finance/budget_2026.xlsx,write,1.03
2026-09-02 07:53:38.467323,u11,u11-laptop,finance/vendor_invoices/,read,1.03
2026-09-02 07:59:20.607675,u08,u08-laptop,hr/policies/,read,5.46
2026-09-02 08:00:34.818789,u15,u15-laptop,it/asset_inventory.xlsx,read,5.65
2026-09-02 08:05:28.671788,u08,u08-laptop,hr/leave_records.xlsx,read,4.59
2026-09-02 08:07:02.600451,u15,u15-laptop,it/asset_inventory.xlsx,read,1.52
2026-09-02 08:12:53.077813,u06,u06-laptop,finance/budget_2026.xlsx,write,3.45
2026-09-02 08:19:49.308163,u15,u15-laptop,it/tickets/,write,1.53
2026-09-02 08:23:19.287556,u08,u08-laptop,hr/policies/,read,2.34
2026-09-02 08:25:08.195340,u15,u15-laptop,it/tickets/,write,0.96
2026-09-02 08:36:20.840820,u06,u06-laptop,finance/general_ledger.xlsx,read,2.49
2026-09-02 08:37:04.415574,u15,u15-laptop,it/tickets/,read,1.0
2026-09-02 08:44:46.159460,u08,u08-laptop,hr/leave_records.xlsx,write,5.66
2026-09-02 08:45:58.256820,u08,u08-laptop,hr/leave_records.xlsx,read,2.78
2026-09-02 08:46:59.601132,u06,u06-laptop,finance/vendor_invoices/,download,5.02
2026-09-02 08:51:00.275089,u08,u08-laptop,hr/leave_records.xlsx,read,2.35
2026-09-02 08:51:50.005656,u05,u05-laptop,it/tickets/,read,3.66
2026-09-02 08:53:01.348229,u05,u05-laptop,it/scripts/,read,0.92
2026-09-02 08:56:16.684658,u15,u15-laptop,it/tickets/,write,2.38
2026-09-02 08:57:08.651237,u08,u08-laptop,hr/leave_records.xlsx,read,6.74
2026-09-02 08:57:35.781065,u08,u08-laptop,hr/policies/,write,1.62
2026-09-02 09:07:44.115330,u15,u15-laptop,it/scripts/,read,4.0
2026-09-02 09:07:55.832615,u15,u15-laptop,it/asset_inventory.xlsx,read,2.44
2026-09-02 09:08:30.881392,u15,u15-laptop,it/tickets/,write,5.79
2026-09-02 09:09:12.850017,u11,u11-laptop,finance/vendor_invoices/,read,2.08
2026-09-02 09:12:54.445807,u15,u15-laptop,it/scripts/,read,4.24
2026-09-02 09:13:27.811199,u11,u11-laptop,finance/budget_2026.xlsx,read,1.55
2026-09-02 09:15:10.651227,u15,u15-laptop,it/scripts/,read,4.73
2026-09-02 09:16:21.500729,u08,u08-laptop,hr/policies/,write,4.54
2026-09-02 09:23:04.002074,u11,u11-laptop,finance/general_ledger.xlsx,write,3.08
2026-09-02 09:25:30.759891,u15,u15-laptop,it/scripts/,read,6.17
2026-09-02 09:26:31.144925,u05,u05-laptop,it/scripts/,write,0.76
2026-09-02 09:27:20.189241,u15,u15-laptop,it/asset_inventory.xlsx,read,4.2
2026-09-02 09:29:08.272815,u11,u11-laptop,finance/vendor_invoices/,read,1.43
2026-09-02 09:29:41.751801,u15,u15-laptop,it/tickets/,read,2.34
2026-09-02 09:31:22.418815,u04,u04-laptop,sales/contracts/,read,1.16
2026-09-02 09:31:26.876008,u15,u15-laptop,it/scripts/,download,2.69
2026-09-02 09:31:27.864448,u15,u15-laptop,it/scripts/,write,2.66
2026-09-02 09:31:51.391261,u03,u03-laptop,hr/leave_records.xlsx,write,0.74
2026-09-02 09:33:05.574109,u05,u05-laptop,it/asset_inventory.xlsx,write,0.82
2026-09-02 09:33:05.725386,u05,u05-laptop,it/scripts/,read,2.83
2026-09-02 09:34:31.881213,u03,u03-laptop,hr/onboarding/,read,2.49
2026-09-02 09:36:24.916445,u04,u04-laptop,sales/contracts/,read,1.63
2026-09-02 09:36:53.702689,u05,u05-laptop,it/scripts/,read,0.97
2026-09-02 09:37:38.136027,u11,u11-laptop,finance/budget_2026.xlsx,read,0.57
2026-09-02 09:40:03.417294,u05,u05-laptop,it/tickets/,download,1.98
2026-09-02 09:41:14.014337,u03,u03-laptop,hr/policies/,read,2.44
2026-09-02 09:42:15.226620,u04,u04-laptop,sales/pipeline.xlsx,read,4.81
2026-09-02 09:47:01.311670,u11,u11-laptop,finance/general_ledger.xlsx,write,2.9
2026-09-02 09:50:20.997073,u04,u04-laptop,sales/pipeline.xlsx,write,3.1
2026-09-02 09:50:24.057752,u11,u11-laptop,finance/vendor_invoices/,read,1.94
2026-09-02 09:51:20.051328,u08,u08-laptop,hr/policies/,download,1.34
2026-09-02 09:52:28.919187,u11,u11-laptop,finance/vendor_invoices/,write,3.16
2026-09-02 09:52:44.958896,u03,u03-laptop,hr/policies/,write,1.46
2026-09-02 09:56:54.973164,u05,u05-laptop,it/scripts/,write,1.23
2026-09-02 09:58:07.874879,u13,u13-mobile,hr/policies/,read,3.47
2026-09-02 09:58:14.503581,u05,u05-laptop,it/asset_inventory.xlsx,write,1.03
2026-09-02 09:58:54.332275,u11,u11-laptop,finance/expense_reports/,read,1.13
2026-09-02 09:59:22.383727,u11,u11-laptop,finance/expense_reports/,read,1.35
2026-09-02 10:01:36.382642,u05,u05-laptop,it/asset_inventory.xlsx,read,1.38
2026-09-02 10:01:54.995057,u01,u01-mobile,finance/budget_2026.xlsx,read,1.44
2026-09-02 10:01:57.692831,u11,u11-laptop,finance/budget_2026.xlsx,write,2.91
2026-09-02 10:02:03.087824,u03,u03-laptop,hr/leave_records.xlsx,download,1.79
2026-09-02 10:05:00.557378,u13,u13-mobile,hr/onboarding/,download,1.43
2026-09-02 10:05:08.749409,u03,u03-laptop,hr/salary_bands.xlsx,read,1.49
2026-09-02 10:05:50.539882,u08,u08-laptop,hr/leave_records.xlsx,download,1.39
2026-09-02 10:05:52.727470,u01,u01-mobile,finance/budget_2026.xlsx,read,1.01
2026-09-02 10:06:31.289686,u08,u08-laptop,hr/leave_records.xlsx,read,2.18
2026-09-02 10:09:38.898103,u06,u06-laptop,finance/vendor_invoices/,write,1.8
2026-09-02 10:09:51.687308,u04,u04-laptop,sales/contracts/,download,4.4
2026-09-02 10:11:42.987470,u05,u05-laptop,it/asset_inventory.xlsx,read,0.59
2026-09-02 10:11:53.333019,u04,u04-laptop,sales/contracts/,read,8.58
2026-09-02 10:12:02.202948,u01,u01-mobile,finance/general_ledger.xlsx,download,1.82
2026-09-02 10:12:38.765384,u11,u11-laptop,finance/expense_reports/,read,3.17
2026-09-02 10:12:59.692578,u08,u08-laptop,hr/leave_records.xlsx,write,1.87
2026-09-02 10:13:13.790079,u05,u05-laptop,it/scripts/,read,2.0
2026-09-02 10:13:36.405428,u03,u03-laptop,hr/policies/,write,1.87
2026-09-02 10:13:58.475150,u11,u11-laptop,finance/expense_reports/,write,0.76
2026-09-02 10:14:14.714883,u11,u11-laptop,finance/expense_reports/,read,2.2
2026-09-02 10:16:24.467968,u01,u01-mobile,finance/budget_2026.xlsx,read,0.85
2026-09-02 10:18:14.125375,u07,u07-laptop,eng/design_docs/,download,1.49
2026-09-02 10:18:33.218016,u07,u07-laptop,eng/ci_logs/,read,3.14
2026-09-02 10:19:02.786381,u01,u01-mobile,finance/expense_reports/,read,0.88
2026-09-02 10:19:17.570278,u06,u06-laptop,finance/budget_2026.xlsx,read,3.12
2026-09-02 10:20:13.846850,u04,u04-laptop,sales/decks/,write,4.55
2026-09-02 10:20:40.541615,u11,u11-laptop,finance/expense_reports/,write,5.61
2026-09-02 10:21:16.694680,u03,u03-laptop,hr/leave_records.xlsx,read,0.92
2026-09-02 10:22:04.405986,u11,u11-laptop,finance/budget_2026.xlsx,write,0.63
2026-09-02 10:24:19.388529,u05,u05-laptop,it/scripts/,write,2.03
2026-09-02 10:26:32.167763,u08,u08-laptop,hr/policies/,read,2.52
2026-09-02 10:28:27.034413,u05,u05-laptop,it/scripts/,read,4.66
2026-09-02 10:29:26.723722,u01,u01-mobile,finance/budget_2026.xlsx,read,0.54
2026-09-02 10:30:35.963502,u02,u02-laptop,eng/ci_logs/,read,2.45
2026-09-02 10:31:24.112668,u05,u05-laptop,it/asset_inventory.xlsx,write,1.56
2026-09-02 10:32:24.488350,u05,u05-laptop,it/scripts/,read,0.65
2026-09-02 10:32:47.770607,u04,u04-laptop,sales/contracts/,download,2.94
2026-09-02 10:33:23.281104,u11,u11-laptop,finance/budget_2026.xlsx,download,4.0
2026-09-02 10:37:33.985599,u08,u08-laptop,hr/leave_records.xlsx,read,2.85
2026-09-02 10:38:03.465002,u06,u06-laptop,finance/vendor_invoices/,read,2.64
2026-09-02 10:39:56.663038,u11,u11-laptop,finance/general_ledger.xlsx,read,0.72
2026-09-02 10:40:22.906403,u12,u12-laptop,eng/repo/backend/,write,5.02
2026-09-02 10:41:25.942541,u02,u02-laptop,eng/repo/backend/,read,5.25
2026-09-02 10:41:27.710511,u06,u06-laptop,finance/vendor_invoices/,read,2.38
2026-09-02 10:41:41.396723,u13,u13-mobile,hr/onboarding/,download,1.7
2026-09-02 10:41:49.179087,u01,u01-mobile,finance/expense_reports/,read,0.86
2026-09-02 10:42:36.114457,u05,u05-laptop,it/tickets/,write,0.73
2026-09-02 10:44:04.397421,u12,u12-laptop,eng/design_docs/,read,1.63
2026-09-02 10:44:36.537221,u01,u01-mobile,finance/expense_reports/,write,1.74
2026-09-02 10:44:39.023049,u07,u07-laptop,eng/repo/frontend/,read,12.34
2026-09-02 10:46:04.028431,u12,u12-laptop,eng/repo/frontend/,download,2.47
2026-09-02 10:46:34.080263,u06,u06-laptop,finance/budget_2026.xlsx,download,5.01
2026-09-02 10:46:50.207796,u02,u02-laptop,eng/design_docs/,read,2.56
2026-09-02 10:47:06.453919,u07,u07-laptop,eng/repo/backend/,read,10.99
2026-09-02 10:47:10.816388,u12,u12-laptop,eng/design_docs/,read,2.8
2026-09-02 10:47:34.204689,u14,u14-laptop,sales/client_contracts_confidential/,read,0.73
2026-09-02 10:50:19.596451,u02,u02-laptop,eng/design_docs/,read,9.7
2026-09-02 10:50:25.224080,u07,u07-laptop,eng/design_docs/,read,1.0
2026-09-02 10:51:04.765186,u06,u06-laptop,finance/budget_2026.xlsx,read,3.06
2026-09-02 10:52:52.536226,u12,u12-laptop,eng/repo/frontend/,read,1.47
2026-09-02 10:53:13.838589,u01,u01-mobile,finance/general_ledger.xlsx,read,5.97
2026-09-02 10:53:31.168682,u02,u02-laptop,eng/repo/backend/,read,1.95
2026-09-02 10:56:28.461438,u01,u01-mobile,finance/general_ledger.xlsx,read,2.38
2026-09-02 10:57:32.756834,u02,u02-laptop,eng/infra/terraform_state.tfstate,read,1.02
2026-09-02 10:57:55.844779,u12,u12-laptop,eng/repo/backend/,read,3.18
2026-09-02 10:58:09.227871,u07,u07-laptop,eng/repo/backend/,read,3.17
2026-09-02 10:59:06.107640,u14,u14-laptop,sales/decks/,download,1.01
2026-09-02 10:59:33.140337,u14,u14-laptop,sales/decks/,write,1.83
2026-09-02 11:00:07.280365,u06,u06-laptop,finance/vendor_invoices/,read,2.53
2026-09-02 11:03:36.627392,u02,u02-laptop,eng/repo/backend/,read,2.26
2026-09-02 11:04:35.685671,u01,u01-mobile,finance/general_ledger.xlsx,write,1.3
2026-09-02 11:09:06.279939,u06,u06-laptop,finance/budget_2026.xlsx,download,2.83
2026-09-02 11:11:35.088430,u01,u01-mobile,finance/general_ledger.xlsx,read,1.62
2026-09-02 11:13:47.878224,u01,u01-mobile,finance/general_ledger.xlsx,write,1.76
2026-09-02 11:18:20.736238,u14,u14-laptop,sales/contracts/,read,0.69
2026-09-02 11:19:59.543416,u05,u05-laptop,it/tickets/,download,1.52
2026-09-02 11:20:08.846299,u06,u06-laptop,finance/vendor_invoices/,read,7.13
2026-09-02 11:20:27.971990,u14,u14-laptop,sales/pipeline.xlsx,read,1.15
2026-09-02 11:23:57.386667,u12,u12-laptop,eng/repo/frontend/,read,4.37
2026-09-02 11:24:03.687994,u04,u04-laptop,sales/decks/,read,0.69
2026-09-02 11:25:28.093274,u12,u12-laptop,eng/repo/frontend/,read,1.22
2026-09-02 11:25:40.016312,u02,u02-laptop,eng/ci_logs/,read,4.05
2026-09-02 11:27:32.919061,u05,u05-laptop,it/tickets/,write,2.38
2026-09-02 11:27:47.004164,u07,u07-laptop,eng/repo/backend/,read,1.73
2026-09-02 11:28:51.778415,u13,u13-mobile,hr/policies/,read,10.42
2026-09-02 11:29:21.480003,u07,u07-laptop,eng/design_docs/,read,1.82
2026-09-02 11:29:27.131848,u04,u04-laptop,sales/pipeline.xlsx,read,5.36
2026-09-02 11:30:18.825249,u12,u12-laptop,eng/ci_logs/,read,2.2
2026-09-02 11:31:23.594748,u14,u14-laptop,sales/decks/,read,4.03
2026-09-02 11:31:24.003579,u07,u07-laptop,eng/repo/frontend/,write,2.05
2026-09-02 11:33:36.122779,u04,u04-laptop,sales/decks/,read,2.49
2026-09-02 11:34:06.924360,u05,u05-laptop,it/tickets/,write,1.56
2026-09-02 11:34:51.416662,u12,u12-laptop,eng/repo/frontend/,read,6.69
2026-09-02 11:40:20.376956,u12,u12-laptop,eng/ci_logs/,read,0.92
2026-09-02 11:42:11.620770,u12,u12-laptop,eng/repo/backend/,download,1.75
2026-09-02 11:44:00.097588,u05,u05-laptop,it/asset_inventory.xlsx,download,1.82
2026-09-02 11:44:14.026158,u14,u14-laptop,sales/decks/,read,2.25
2026-09-02 11:44:58.730715,u07,u07-laptop,eng/repo/backend/,read,2.26
2026-09-02 11:45:23.620467,u02,u02-laptop,eng/repo/frontend/,read,4.45
2026-09-02 11:45:25.726202,u13,u13-mobile,hr/onboarding/,read,1.23
2026-09-02 11:47:37.442926,u02,u02-laptop,eng/design_docs/,read,2.87
2026-09-02 11:48:51.855709,u08,u08-laptop,hr/policies/,download,11.14
2026-09-02 11:49:09.674424,u07,u07-laptop,eng/repo/backend/,read,2.14
2026-09-02 11:50:46.046429,u04,u04-laptop,sales/decks/,download,3.63
2026-09-02 11:50:49.098097,u08,u08-laptop,hr/onboarding/,write,4.12
2026-09-02 11:51:10.935993,u15,u15-laptop,it/scripts/,read,5.2
2026-09-02 11:51:47.620544,u12,u12-laptop,eng/prod_credentials.env,read,9.76
2026-09-02 11:52:15.070636,u04,u04-laptop,sales/pipeline.xlsx,read,2.16
2026-09-02 11:52:23.312335,u05,u05-laptop,it/scripts/,read,0.85
2026-09-02 11:53:06.718374,u14,u14-laptop,sales/decks/,read,0.4
2026-09-02 11:53:42.863282,u14,u14-laptop,sales/contracts/,read,1.41
2026-09-02 11:53:46.243383,u12,u12-laptop,eng/design_docs/,read,2.38
2026-09-02 11:56:07.350915,u08,u08-laptop,hr/policies/,read,2.86
2026-09-02 11:58:06.544367,u14,u14-laptop,sales/decks/,read,2.75
2026-09-02 11:58:36.703174,u04,u04-laptop,sales/pipeline.xlsx,write,1.64
2026-09-02 11:58:53.409480,u15,u15-laptop,it/scripts/,read,3.5
2026-09-02 12:06:02.138043,u14,u14-laptop,sales/contracts/,download,1.64
2026-09-02 12:08:37.762276,u02,u02-laptop,eng/repo/backend/,download,1.62
2026-09-02 12:08:54.973764,u15,u15-laptop,it/asset_inventory.xlsx,write,2.07
2026-09-02 12:09:10.666481,u02,u02-laptop,eng/repo/backend/,read,1.95
2026-09-02 12:10:01.272487,u04,u04-laptop,sales/contracts/,read,5.57
2026-09-02 12:10:30.229427,u04,u04-laptop,sales/pipeline.xlsx,download,1.42
2026-09-02 12:11:25.461895,u08,u08-laptop,hr/leave_records.xlsx,read,4.04
2026-09-02 12:11:28.776067,u15,u15-laptop,it/scripts/,read,5.21
2026-09-02 12:17:47.792192,u14,u14-laptop,sales/contracts/,read,0.58
2026-09-02 12:18:08.326843,u08,u08-laptop,hr/leave_records.xlsx,read,2.41
2026-09-02 12:18:25.472085,u15,u15-laptop,it/scripts/,read,4.88
2026-09-02 12:23:02.993349,u14,u14-laptop,sales/pipeline.xlsx,read,0.46
2026-09-02 12:25:05.972377,u02,u02-laptop,eng/ci_logs/,read,2.59
2026-09-02 12:25:28.856471,u07,u07-laptop,eng/design_docs/,read,3.95
2026-09-02 12:26:08.895731,u02,u02-laptop,eng/repo/backend/,read,1.13
2026-09-02 12:29:47.851122,u15,u15-laptop,it/tickets/,write,5.63
2026-09-02 12:30:01.147831,u04,u04-laptop,sales/decks/,read,6.62
2026-09-02 12:30:54.294107,u02,u02-laptop,eng/design_docs/,read,1.62
2026-09-02 12:32:07.428364,u08,u08-laptop,hr/onboarding/,read,2.13
2026-09-02 12:35:14.949825,u04,u04-laptop,sales/pipeline.xlsx,read,4.94
2026-09-02 12:35:49.961878,u04,u04-laptop,sales/decks/,read,2.26
2026-09-02 12:35:59.041689,u04,u04-laptop,sales/pipeline.xlsx,read,4.37
2026-09-02 12:37:16.430372,u14,u14-laptop,sales/contracts/,read,0.86
2026-09-02 12:37:32.345571,u07,u07-laptop,eng/repo/frontend/,read,4.71
2026-09-02 12:39:06.725078,u08,u08-laptop,hr/policies/,read,4.27
2026-09-02 12:40:09.340271,u07,u07-laptop,eng/design_docs/,read,5.49
2026-09-02 12:40:25.636681,u14,u14-laptop,sales/decks/,read,1.66
2026-09-02 12:44:41.930588,u15,u15-laptop,it/scripts/,read,2.81
2026-09-02 12:48:26.437512,u13,u13-mobile,hr/policies/,read,3.84
2026-09-02 12:50:35.896971,u15,u15-laptop,it/tickets/,write,4.16
2026-09-02 12:51:21.544030,u02,u02-laptop,eng/repo/backend/,read,1.6
2026-09-02 12:52:56.427843,u14,u14-laptop,sales/pipeline.xlsx,download,0.72
2026-09-02 12:53:06.426593,u15,u15-laptop,it/asset_inventory.xlsx,read,4.27
2026-09-02 12:53:26.710180,u13,u13-mobile,hr/policies/,write,1.82
2026-09-02 12:55:37.131230,u14,u14-laptop,sales/contracts/,download,1.23
2026-09-02 12:57:01.478266,u13,u13-mobile,hr/policies/,write,1.5
2026-09-02 13:03:40.168043,u07,u07-laptop,eng/ci_logs/,write,1.72
2026-09-02 13:07:57.141492,u07,u07-laptop,eng/design_docs/,read,1.76
2026-09-02 13:10:03.467076,u02,u02-laptop,eng/repo/frontend/,read,1.29
2026-09-02 13:11:36.199067,u03,unknown-device-9663,hr/policies/,download,15.58
2026-09-02 13:11:57.733953,u03,unknown-device-9663,hr/leave_records.xlsx,download,13.15
2026-09-02 13:12:42.406546,u03,unknown-device-9663,hr/leave_records.xlsx,download,8.29
2026-09-02 13:12:45.586935,u03,unknown-device-9663,hr/employee_records.db,download,7.65
2026-09-02 13:13:16.311965,u03,unknown-device-9663,hr/leave_records.xlsx,download,13.42
2026-09-02 13:14:07.202744,u03,unknown-device-9663,hr/salary_bands.xlsx,download,24.55
2026-09-02 13:14:36.309418,u13,u13-mobile,hr/policies/,read,2.5
2026-09-02 13:14:44.707387,u03,unknown-device-9663,hr/onboarding/,download,24.78
2026-09-02 13:14:54.838329,u03,unknown-device-9663,hr/leave_records.xlsx,download,14.57
2026-09-02 13:15:18.199739,u03,unknown-device-9663,hr/salary_bands.xlsx,download,21.43
2026-09-02 13:15:27.123260,u03,unknown-device-9663,hr/policies/,download,10.35
2026-09-02 13:15:34.768277,u03,unknown-device-9663,hr/salary_bands.xlsx,download,19.97
2026-09-02 13:16:43.655995,u03,unknown-device-9663,hr/salary_bands.xlsx,download,6.37
2026-09-02 13:16:44.650057,u03,unknown-device-9663,hr/salary_bands.xlsx,download,15.14
2026-09-02 13:17:07.681447,u03,unknown-device-9663,hr/salary_bands.xlsx,download,20.32
2026-09-02 13:17:08.679631,u03,unknown-device-9663,hr/policies/,download,14.93
2026-09-02 13:17:20.878708,u03,unknown-device-9663,hr/salary_bands.xlsx,download,12.29
2026-09-02 13:17:36.335393,u03,unknown-device-9663,hr/leave_records.xlsx,download,19.7
2026-09-02 13:17:53.022886,u03,unknown-device-9663,hr/salary_bands.xlsx,download,8.14
2026-09-02 13:20:14.155194,u03,unknown-device-9663,hr/employee_records.db,download,15.2
2026-09-02 13:20:26.567681,u03,unknown-device-9663,hr/employee_records.db,download,10.97
2026-09-02 13:20:56.741722,u03,unknown-device-9663,hr/employee_records.db,download,15.28
2026-09-02 13:21:05.415465,u14,u14-laptop,sales/pipeline.xlsx,read,1.37
2026-09-02 13:21:34.937921,u03,unknown-device-9663,hr/leave_records.xlsx,download,11.43
2026-09-02 13:21:52.325744,u03,unknown-device-9663,hr/onboarding/,download,24.62
2026-09-02 13:22:20.520954,u03,unknown-device-9663,hr/employee_records.db,download,23.12
2026-09-02 13:22:32.924346,u02,u02-laptop,eng/design_docs/,download,4.3
2026-09-02 13:22:42.133957,u03,unknown-device-9663,hr/policies/,download,11.58
2026-09-02 13:22:58.210983,u03,unknown-device-9663,hr/salary_bands.xlsx,download,24.13
2026-09-02 13:23:15.646442,u03,unknown-device-9663,hr/salary_bands.xlsx,download,24.61
2026-09-02 13:23:20.321937,u03,unknown-device-9663,hr/onboarding/,download,9.15
2026-09-02 13:23:57.421908,u03,unknown-device-9663,hr/leave_records.xlsx,download,7.2
2026-09-02 13:25:33.170319,u03,unknown-device-9663,hr/onboarding/,download,26.18
2026-09-02 13:25:38.905721,u03,unknown-device-9663,hr/policies/,download,9.69
2026-09-02 13:25:51.903602,u03,unknown-device-9663,hr/leave_records.xlsx,download,17.11
2026-09-02 13:25:54.977092,u03,unknown-device-9663,hr/employee_records.db,download,19.6
2026-09-02 13:26:19.383685,u03,unknown-device-9663,hr/onboarding/,download,12.01
2026-09-02 13:27:58.466174,u13,u13-mobile,hr/onboarding/,read,5.46
2026-09-02 13:28:07.864001,u03,unknown-device-9663,hr/onboarding/,download,14.24
2026-09-02 13:28:31.829133,u02,u02-laptop,eng/repo/backend/,download,2.72
2026-09-02 13:29:24.789335,u03,unknown-device-9663,hr/leave_records.xlsx,download,33.91
2026-09-02 13:30:03.573279,u03,unknown-device-9663,hr/onboarding/,download,12.8
2026-09-02 13:31:03.555967,u03,unknown-device-9663,hr/onboarding/,download,10.88
2026-09-02 13:31:32.256797,u03,unknown-device-9663,hr/salary_bands.xlsx,download,17.59
2026-09-02 13:31:51.599916,u03,unknown-device-9663,hr/employee_records.db,download,13.78
2026-09-02 13:32:24.822518,u03,unknown-device-9663,hr/policies/,download,24.82
2026-09-02 13:32:59.587411,u03,unknown-device-9663,hr/salary_bands.xlsx,download,10.98
2026-09-02 13:33:43.682803,u03,unknown-device-9663,hr/employee_records.db,download,21.3
2026-09-02 13:33:59.205638,u03,unknown-device-9663,hr/salary_bands.xlsx,download,8.38
2026-09-02 13:34:04.212232,u03,unknown-device-9663,hr/employee_records.db,download,34.15
2026-09-02 13:34:19.086307,u03,unknown-device-9663,hr/employee_records.db,download,7.49
2026-09-02 13:34:23.535321,u03,unknown-device-9663,hr/employee_records.db,download,19.81
2026-09-02 13:34:51.216417,u03,unknown-device-9663,hr/onboarding/,download,15.06
2026-09-02 13:46:52.233294,u02,u02-laptop,eng/repo/frontend/,write,2.31
2026-09-02 22:32:19.405902,u10,u10-laptop,it/tickets/,read,0.99
2026-09-02 22:55:57.999889,u10,u10-laptop,it/asset_inventory.xlsx,write,1.09
2026-09-02 23:35:28.190980,u10,u10-laptop,it/tickets/,read,0.83
2026-09-03 01:05:39.492257,u10,u10-laptop,it/tickets/,read,2.34
2026-09-03 01:28:38.618316,u10,u10-laptop,it/scripts/,write,1.14
2026-09-03 01:50:38.304349,u10,u10-laptop,it/tickets/,write,0.59
2026-09-03 03:56:47.649705,u09,u09-laptop,sales/decks/,read,3.69
2026-09-03 03:59:21.955212,u09,u09-laptop,sales/decks/,read,4.99
2026-09-03 04:01:58.626502,u09,u09-laptop,sales/decks/,read,2.62
2026-09-03 04:05:29.347666,u09,u09-laptop,sales/contracts/,read,1.55
2026-09-03 04:08:47.961773,u09,u09-laptop,sales/contracts/,read,1.31
2026-09-03 04:09:13.352805,u09,u09-laptop,sales/pipeline.xlsx,read,3.41
2026-09-03 04:13:06.747826,u09,u09-laptop,sales/decks/,download,1.53
2026-09-03 04:15:05.084607,u09,u09-laptop,sales/contracts/,download,1.15
2026-09-03 04:19:59.752373,u09,u09-laptop,sales/contracts/,download,1.3
2026-09-03 04:23:10.065596,u09,u09-laptop,sales/decks/,download,0.81
2026-09-03 04:26:48.144147,u09,u09-laptop,sales/pipeline.xlsx,read,0.87
2026-09-03 04:28:00.328504,u09,u09-laptop,sales/decks/,read,2.33
2026-09-03 04:35:57.716730,u09,u09-laptop,sales/decks/,download,0.92
2026-09-03 04:36:02.419335,u09,u09-laptop,sales/decks/,read,14.12
2026-09-03 04:37:40.389165,u09,u09-laptop,sales/decks/,read,1.13
2026-09-03 04:40:53.468001,u09,u09-laptop,sales/contracts/,download,2.55
2026-09-03 04:41:00.164404,u09,u09-laptop,sales/pipeline.xlsx,download,3.02
2026-09-03 04:42:33.195343,u09,u09-laptop,sales/decks/,write,1.04
2026-09-03 04:42:34.941184,u09,u09-laptop,sales/decks/,read,2.33
2026-09-03 04:45:29.988095,u09,u09-laptop,sales/pipeline.xlsx,download,0.76
2026-09-03 04:45:45.265080,u09,u09-laptop,sales/contracts/,write,1.58
2026-09-03 04:48:00.080555,u09,u09-laptop,sales/pipeline.xlsx,read,2.06
2026-09-03 04:52:03.644673,u09,u09-laptop,sales/decks/,write,1.18
2026-09-03 04:55:00.544546,u09,u09-laptop,sales/decks/,download,1.31
2026-09-03 04:58:01.142464,u09,u09-laptop,sales/contracts/,download,0.97
2026-09-03 04:58:33.482040,u09,u09-laptop,sales/contracts/,read,3.54
2026-09-03 04:59:33.925122,u09,u09-laptop,sales/decks/,read,1.66
2026-09-03 05:00:57.959354,u09,u09-laptop,sales/decks/,read,0.6
2026-09-03 05:01:58.374414,u09,u09-laptop,sales/decks/,download,1.55
2026-09-03 05:04:59.089820,u09,u09-laptop,sales/contracts/,download,0.41
2026-09-03 05:06:44.380728,u09,u09-laptop,sales/decks/,download,2.64
2026-09-03 05:11:17.593723,u09,u09-laptop,sales/pipeline.xlsx,write,1.47
2026-09-03 05:12:02.703427,u09,u09-laptop,sales/decks/,write,1.15
2026-09-03 05:22:28.523137,u09,u09-laptop,sales/pipeline.xlsx,download,1.41
2026-09-03 05:23:20.849913,u09,u09-laptop,sales/decks/,read,2.25
2026-09-03 05:25:16.829419,u09,u09-laptop,sales/contracts/,read,0.96
2026-09-03 05:30:24.331477,u09,u09-laptop,sales/pipeline.xlsx,read,0.98
2026-09-03 05:30:39.410693,u09,u09-laptop,sales/decks/,read,1.37
2026-09-03 05:30:40.801374,u09,u09-laptop,sales/decks/,read,0.9
2026-09-03 05:30:41.143455,u09,u09-laptop,sales/decks/,read,0.91
2026-09-03 05:37:03.170909,u09,u09-laptop,sales/decks/,download,2.84
2026-09-03 05:47:28.304471,u09,u09-laptop,sales/decks/,read,0.69
2026-09-03 08:03:51.715155,u15,u15-laptop,it/scripts/,write,2.04
2026-09-03 08:13:50.076781,u15,u15-laptop,it/asset_inventory.xlsx,read,3.72
2026-09-03 08:15:59.786563,u12,u12-laptop,eng/design_docs/,read,2.8
2026-09-03 08:18:59.074822,u15,u15-laptop,it/tickets/,read,3.58
2026-09-03 08:24:16.821901,u15,u15-laptop,it/asset_inventory.xlsx,write,1.18
2026-09-03 08:26:57.265539,u12,u12-laptop,eng/repo/frontend/,read,5.48
2026-09-03 08:27:01.807725,u12,u12-laptop,eng/repo/frontend/,write,1.15
2026-09-03 08:27:15.766265,u03,u03-laptop,hr/policies/,read,0.35
2026-09-03 08:28:10.561863,u15,u15-laptop,it/scripts/,read,4.37
2026-09-03 08:29:33.934911,u02,u02-laptop,eng/repo/backend/,read,3.25
2026-09-03 08:32:39.034788,u12,u12-laptop,eng/repo/backend/,read,1.46
2026-09-03 08:32:47.602533,u06,u06-laptop,finance/expense_reports/,read,4.1
2026-09-03 08:33:17.565380,u03,u03-laptop,hr/leave_records.xlsx,read,5.87
2026-09-03 08:33:58.860013,u04,u04-laptop,sales/decks/,read,6.17
2026-09-03 08:34:00.816279,u15,u15-laptop,it/tickets/,write,0.96
2026-09-03 08:34:26.864604,u01,u01-laptop,finance/bank_account_details.db,read,1.58
2026-09-03 08:41:14.325531,u04,u04-laptop,sales/pipeline.xlsx,read,5.21
2026-09-03 08:41:26.605918,u04,u04-laptop,sales/decks/,write,1.18
2026-09-03 08:44:55.595753,u15,u15-laptop,it/asset_inventory.xlsx,read,3.72
2026-09-03 08:44:58.264618,u04,u04-laptop,sales/pipeline.xlsx,read,2.36
2026-09-03 08:46:13.405587,u04,u04-laptop,sales/client_contracts_confidential/,read,4.7
2026-09-03 08:47:19.305644,u04,u04-laptop,sales/contracts/,read,0.82
2026-09-03 08:49:14.905821,u15,u15-laptop,it/scripts/,read,1.82
2026-09-03 08:49:58.177865,u03,u03-laptop,hr/policies/,read,5.31
2026-09-03 08:51:09.023005,u12,u12-laptop,eng/repo/backend/,read,4.59
2026-09-03 08:51:16.563716,u03,u03-laptop,hr/leave_records.xlsx,read,0.65
2026-09-03 08:52:56.926816,u03,u03-laptop,hr/onboarding/,download,2.2
2026-09-03 08:52:59.318771,u12,u12-laptop,eng/repo/backend/,read,4.23
2026-09-03 08:53:33.910292,u15,u15-laptop,it/tickets/,read,3.85
2026-09-03 08:54:14.233716,u04,u04-laptop,sales/pipeline.xlsx,read,2.77
2026-09-03 08:54:23.041924,u04,u04-laptop,sales/decks/,read,2.79
2026-09-03 08:54:59.693119,u04,u04-laptop,sales/pipeline.xlsx,read,6.36
2026-09-03 08:56:51.903814,u15,u15-laptop,it/tickets/,write,1.49
2026-09-03 08:58:07.861315,u06,u06-laptop,finance/vendor_invoices/,download,3.45
2026-09-03 08:59:01.591619,u06,u06-laptop,finance/budget_2026.xlsx,read,3.65
2026-09-03 09:01:47.120792,u06,u06-laptop,finance/vendor_invoices/,read,5.26
2026-09-03 09:01:57.900755,u06,u06-laptop,finance/general_ledger.xlsx,read,1.37
2026-09-03 09:01:58.971331,u04,u04-laptop,sales/decks/,read,2.34
2026-09-03 09:02:44.655075,u04,u04-laptop,sales/contracts/,read,0.91
2026-09-03 09:03:53.518449,u03,u03-laptop,hr/policies/,download,1.7
2026-09-03 09:06:11.237532,u04,u04-laptop,sales/contracts/,read,3.44
2026-09-03 09:07:58.778773,u04,u04-laptop,sales/decks/,read,2.56
2026-09-03 09:08:00.059775,u15,u15-laptop,it/tickets/,read,2.6
2026-09-03 09:10:21.076816,u12,u12-laptop,eng/design_docs/,read,1.73
2026-09-03 09:10:59.937404,u02,u02-laptop,eng/design_docs/,read,1.92
2026-09-03 09:11:42.862538,u03,u03-laptop,hr/policies/,write,1.16
2026-09-03 09:11:49.490320,u15,u15-laptop,it/scripts/,read,6.33
2026-09-03 09:12:25.518094,u12,u12-laptop,eng/design_docs/,write,2.38
2026-09-03 09:14:10.555815,u15,u15-laptop,it/asset_inventory.xlsx,write,2.7
2026-09-03 09:15:38.929851,u01,u01-laptop,finance/budget_2026.xlsx,read,2.63
2026-09-03 09:16:55.386484,u03,u03-laptop,hr/onboarding/,write,2.51
2026-09-03 09:17:52.622422,u02,u02-laptop,eng/repo/frontend/,read,3.02
2026-09-03 09:17:58.577063,u04,u04-laptop,sales/decks/,read,2.33
2026-09-03 09:18:10.583328,u11,u11-laptop,finance/general_ledger.xlsx,read,0.99
2026-09-03 09:21:32.883817,u05,u05-laptop,it/asset_inventory.xlsx,write,1.87
2026-09-03 09:22:22.292142,u15,u15-laptop,it/tickets/,download,3.48
2026-09-03 09:22:26.129955,u11,u11-laptop,finance/vendor_invoices/,read,5.42
2026-09-03 09:25:15.089020,u03,u03-laptop,hr/leave_records.xlsx,read,2.46
2026-09-03 09:25:55.996243,u12,u12-laptop,eng/ci_logs/,read,0.92
2026-09-03 09:26:39.342177,u12,u12-laptop,eng/design_docs/,read,7.32
2026-09-03 09:29:46.317593,u01,u01-laptop,finance/vendor_invoices/,read,1.13
2026-09-03 09:30:27.046024,u06,u06-laptop,finance/general_ledger.xlsx,write,1.99
2026-09-03 09:31:43.224876,u04,u04-laptop,sales/decks/,read,1.65
2026-09-03 09:32:38.141992,u04,u04-laptop,sales/pipeline.xlsx,read,1.97
2026-09-03 09:33:52.964306,u08,u08-laptop,hr/onboarding/,read,2.26
2026-09-03 09:34:44.120895,u06,u06-laptop,finance/vendor_invoices/,read,2.11
2026-09-03 09:35:05.359130,u04,u04-laptop,sales/pipeline.xlsx,read,4.16
2026-09-03 09:35:38.294459,u04,u04-laptop,sales/contracts/,write,6.14
2026-09-03 09:35:40.980238,u04,u04-laptop,sales/decks/,write,3.02
2026-09-03 09:36:43.770798,u13,u13-laptop,hr/leave_records.xlsx,read,1.66
2026-09-03 09:37:12.663439,u07,u07-laptop,eng/ci_logs/,download,6.65
2026-09-03 09:37:39.825202,u15,u15-laptop,it/scripts/,read,1.63
2026-09-03 09:37:42.521048,u01,u01-laptop,finance/vendor_invoices/,download,1.08
2026-09-03 09:39:29.680508,u15,u15-laptop,it/asset_inventory.xlsx,read,2.05
2026-09-03 09:41:11.028952,u15,u15-laptop,it/tickets/,read,5.11
2026-09-03 09:42:13.956123,u01,u01-laptop,finance/budget_2026.xlsx,read,2.67
2026-09-03 09:43:16.804879,u04,u04-laptop,sales/contracts/,read,4.71
2026-09-03 09:45:38.762714,u13,u13-laptop,hr/onboarding/,read,4.75
2026-09-03 09:45:47.884272,u04,u04-laptop,sales/contracts/,write,2.71
2026-09-03 09:46:50.113344,u15,u15-laptop,it/scripts/,write,3.11
2026-09-03 09:47:28.004335,u08,u08-laptop,hr/onboarding/,write,2.02
2026-09-03 09:50:10.736895,u13,u13-laptop,hr/policies/,download,5.45
2026-09-03 09:54:55.414028,u08,u08-laptop,hr/policies/,read,4.01
2026-09-03 09:55:54.865105,u05,u05-laptop,it/scripts/,read,0.91
2026-09-03 09:58:04.077795,u15,u15-laptop,it/asset_inventory.xlsx,read,4.58
2026-09-03 10:01:14.643282,u07,u07-laptop,eng/design_docs/,write,3.14
2026-09-03 10:02:18.432559,u15,u15-laptop,it/asset_inventory.xlsx,download,6.32
2026-09-03 10:07:53.185297,u11,u11-laptop,finance/expense_reports/,write,1.22
2026-09-03 10:12:32.821661,u13,u13-laptop,hr/onboarding/,read,3.77
2026-09-03 10:13:40.236982,u05,u05-laptop,it/tickets/,read,1.72
2026-09-03 10:14:08.189255,u07,u07-laptop,eng/ci_logs/,read,5.72
2026-09-03 10:14:09.925610,u14,u14-laptop,sales/contracts/,read,0.65
2026-09-03 10:14:35.661853,u05,u05-laptop,it/tickets/,write,2.05
2026-09-03 10:16:05.422700,u14,u14-laptop,sales/pipeline.xlsx,write,0.92
2026-09-03 10:16:17.121596,u13,u13-laptop,hr/policies/,write,1.77
2026-09-03 10:16:17.675678,u11,u11-laptop,finance/general_ledger.xlsx,read,0.97
2026-09-03 10:16:19.929020,u02,u02-laptop,eng/design_docs/,write,3.35
2026-09-03 10:16:30.554936,u08,u08-laptop,hr/leave_records.xlsx,read,5.33
2026-09-03 10:17:28.266767,u13,u13-laptop,hr/leave_records.xlsx,write,2.29
2026-09-03 10:20:55.927247,u14,u14-laptop,sales/pipeline.xlsx,read,0.37
2026-09-03 10:20:57.028455,u01,u01-laptop,finance/budget_2026.xlsx,read,1.42
2026-09-03 10:22:34.086949,u07,u07-laptop,eng/ci_logs/,read,4.39
2026-09-03 10:23:04.998933,u02,u02-laptop,eng/repo/frontend/,read,5.39
2026-09-03 10:24:30.991202,u13,u13-laptop,hr/policies/,read,5.4
2026-09-03 10:24:41.122917,u08,u08-laptop,hr/onboarding/,read,2.99
2026-09-03 10:27:48.557137,u05,u05-laptop,it/asset_inventory.xlsx,read,1.36
2026-09-03 10:28:21.634067,u13,u13-laptop,hr/policies/,read,1.74
2026-09-03 10:28:57.615281,u02,u02-laptop,eng/repo/backend/,read,5.4
2026-09-03 10:30:55.148058,u07,u07-laptop,eng/repo/backend/,read,5.34
2026-09-03 10:32:49.705015,u07,u07-laptop,eng/design_docs/,read,1.68
2026-09-03 10:34:44.252653,u08,u08-laptop,hr/policies/,read,6.55
2026-09-03 10:34:45.293508,u02,u02-laptop,eng/ci_logs/,read,1.49
2026-09-03 10:35:33.277130,u11,u11-laptop,finance/vendor_invoices/,read,0.66
2026-09-03 10:37:10.808518,u01,u01-laptop,finance/budget_2026.xlsx,write,1.35
2026-09-03 10:40:23.311060,u02,u02-laptop,eng/repo/backend/,download,3.04
2026-09-03 10:41:35.936543,u13,u13-laptop,hr/onboarding/,write,2.69
2026-09-03 10:43:50.975891,u01,u01-laptop,finance/general_ledger.xlsx,read,0.91
2026-09-03 10:44:32.011961,u01,u01-laptop,finance/budget_2026.xlsx,read,1.75
2026-09-03 10:46:38.649918,u13,u13-laptop,hr/policies/,write,2.75
2026-09-03 10:46:59.692427,u01,u01-laptop,finance/expense_reports/,read,0.78
2026-09-03 10:48:26.454965,u08,u08-laptop,hr/leave_records.xlsx,read,6.23
2026-09-03 10:48:28.799469,u08,u08-laptop,hr/onboarding/,read,1.47
2026-09-03 10:48:33.686294,u01,u01-laptop,finance/budget_2026.xlsx,read,1.18
2026-09-03 10:49:13.997507,u08,u08-laptop,hr/onboarding/,read,1.82
2026-09-03 10:51:04.665191,u01,u01-laptop,finance/general_ledger.xlsx,read,1.95
2026-09-03 10:51:18.944198,u14,u14-laptop,sales/client_contracts_confidential/,read,2.55
2026-09-03 10:54:43.163353,u13,u13-laptop,hr/onboarding/,read,3.4
2026-09-03 10:54:56.307955,u01,u01-laptop,finance/vendor_invoices/,read,0.58
2026-09-03 10:56:01.367889,u05,u05-laptop,it/tickets/,read,1.05
2026-09-03 10:57:10.936103,u08,u08-laptop,hr/onboarding/,read,8.28
2026-09-03 10:57:42.708617,u07,u07-laptop,eng/repo/frontend/,read,2.55
2026-09-03 10:59:23.734114,u13,u13-laptop,hr/policies/,read,2.63
2026-09-03 11:02:17.197230,u03,u03-laptop,hr/onboarding/,read,2.76
2026-09-03 11:03:17.650724,u13,u13-laptop,hr/leave_records.xlsx,read,4.43
2026-09-03 11:03:58.762937,u03,u03-laptop,hr/policies/,read,0.75
2026-09-03 11:04:43.435513,u14,u14-laptop,sales/decks/,write,0.83
2026-09-03 11:10:04.100413,u13,u13-laptop,hr/leave_records.xlsx,download,2.65
2026-09-03 11:12:54.504060,u05,u05-laptop,it/asset_inventory.xlsx,read,0.66
2026-09-03 11:14:50.668437,u01,u01-laptop,finance/expense_reports/,read,0.73
2026-09-03 11:15:14.439531,u14,u14-laptop,sales/contracts/,read,0.89
2026-09-03 11:16:27.583483,u14,u14-laptop,sales/decks/,read,0.46
2026-09-03 11:18:00.346883,u14,u14-laptop,sales/decks/,write,1.62
2026-09-03 11:18:47.965563,u07,u07-laptop,eng/ci_logs/,write,7.99
2026-09-03 11:18:51.770365,u14,u14-laptop,sales/contracts/,read,1.01
2026-09-03 11:18:57.930540,u05,u05-laptop,it/scripts/,read,0.45
2026-09-03 11:19:29.027072,u14,u14-laptop,sales/contracts/,download,1.63
2026-09-03 11:19:45.138652,u13,u13-laptop,hr/policies/,read,1.64
2026-09-03 11:20:53.433800,u08,u08-laptop,hr/onboarding/,download,9.6
2026-09-03 11:20:59.450403,u15,u15-laptop,it/asset_inventory.xlsx,read,5.02
2026-09-03 11:22:13.809140,u08,u08-laptop,hr/policies/,write,1.26
2026-09-03 11:22:51.916570,u11,u11-laptop,finance/expense_reports/,read,3.16
2026-09-03 11:24:57.377507,u05,u05-laptop,it/asset_inventory.xlsx,read,0.63
2026-09-03 11:28:23.131160,u08,u08-laptop,hr/onboarding/,read,2.44
2026-09-03 11:28:34.927144,u15,u15-laptop,it/asset_inventory.xlsx,write,1.44
2026-09-03 11:28:54.853888,u02,u02-laptop,eng/ci_logs/,read,4.47
2026-09-03 11:30:19.634569,u13,u13-laptop,hr/onboarding/,read,1.43
2026-09-03 11:31:56.719226,u07,u07-laptop,eng/ci_logs/,read,3.49
2026-09-03 11:33:11.708512,u15,u15-laptop,it/scripts/,read,1.88
2026-09-03 11:33:28.621186,u14,u14-laptop,sales/decks/,read,0.79
2026-09-03 11:33:38.955632,u02,u02-laptop,eng/repo/backend/,read,3.0
2026-09-03 11:34:01.362890,u02,u02-laptop,eng/ci_logs/,read,2.86
2026-09-03 11:35:02.120447,u03,u03-laptop,hr/leave_records.xlsx,read,1.74
2026-09-03 11:35:58.219543,u07,u07-laptop,eng/ci_logs/,download,2.7
2026-09-03 11:36:07.078384,u13,u13-laptop,hr/onboarding/,read,3.22
2026-09-03 11:36:22.799844,u15,u15-laptop,it/asset_inventory.xlsx,read,3.09
2026-09-03 11:36:24.828773,u14,u14-laptop,sales/contracts/,read,0.64
2026-09-03 11:40:12.353250,u08,u08-laptop,hr/policies/,read,2.05
2026-09-03 11:42:35.991164,u14,u14-laptop,sales/pipeline.xlsx,read,1.11
2026-09-03 11:43:36.291499,u01,u01-laptop,finance/budget_2026.xlsx,read,4.04
2026-09-03 11:45:29.008641,u07,u07-laptop,eng/repo/frontend/,read,2.9
2026-09-03 11:45:43.008267,u13,u13-laptop,hr/policies/,read,0.96
2026-09-03 11:46:15.698620,u15,u15-laptop,it/asset_inventory.xlsx,download,2.71
2026-09-03 11:47:05.935861,u07,u07-laptop,eng/design_docs/,read,1.71
2026-09-03 11:48:48.718852,u07,u07-laptop,eng/ci_logs/,read,3.2
2026-09-03 11:51:32.930714,u05,u05-laptop,it/tickets/,read,0.74
2026-09-03 11:51:35.553770,u02,u02-laptop,eng/repo/backend/,read,1.36
2026-09-03 11:54:10.502416,u13,u13-laptop,hr/policies/,read,2.7
2026-09-03 11:58:22.244566,u11,u11-laptop,finance/expense_reports/,read,1.13
2026-09-03 12:01:58.501214,u07,u07-laptop,eng/repo/frontend/,read,2.92
2026-09-03 12:04:05.488174,u07,u07-laptop,eng/repo/frontend/,read,5.12
2026-09-03 12:08:13.560849,u13,u13-laptop,hr/leave_records.xlsx,write,1.19
2026-09-03 12:09:08.678474,u05,u05-laptop,it/asset_inventory.xlsx,write,2.57
2026-09-03 12:09:23.089966,u13,u13-laptop,hr/leave_records.xlsx,read,3.42
2026-09-03 12:09:36.286157,u05,u05-laptop,it/asset_inventory.xlsx,read,3.9
2026-09-03 12:11:38.761559,u07,u07-laptop,eng/repo/frontend/,read,1.55
2026-09-03 12:11:43.170747,u06,u06-laptop,finance/budget_2026.xlsx,write,4.84
2026-09-03 12:18:25.705240,u07,u07-laptop,eng/design_docs/,download,2.56
2026-09-03 12:18:39.589798,u08,u08-laptop,hr/policies/,write,4.9
2026-09-03 12:20:12.296437,u08,u08-laptop,hr/leave_records.xlsx,read,1.81
2026-09-03 12:20:25.173512,u11,u11-laptop,finance/expense_reports/,write,1.43
2026-09-03 12:21:31.399574,u07,u07-laptop,eng/design_docs/,read,4.48
2026-09-03 12:22:08.347177,u05,u05-laptop,it/asset_inventory.xlsx,read,0.67
2026-09-03 12:23:54.424314,u06,u06-laptop,finance/vendor_invoices/,read,1.78
2026-09-03 12:24:52.296192,u12,u12-laptop,eng/repo/backend/,read,1.95
2026-09-03 12:27:49.439120,u12,u12-laptop,eng/repo/frontend/,read,5.88
2026-09-03 12:30:33.375433,u06,u06-laptop,finance/budget_2026.xlsx,write,3.96
2026-09-03 12:30:36.754238,u13,u13-laptop,hr/leave_records.xlsx,read,1.07
2026-09-03 12:31:47.339777,u02,u02-laptop,eng/design_docs/,read,1.09
2026-09-03 12:32:55.126518,u12,u12-laptop,eng/repo/frontend/,read,2.05
2026-09-03 12:34:22.032107,u06,u06-laptop,finance/expense_reports/,read,2.7
2026-09-03 12:34:40.577037,u07,u07-laptop,eng/repo/frontend/,write,3.28
2026-09-03 12:37:27.576599,u05,u05-laptop,it/tickets/,download,1.49
2026-09-03 12:40:08.946814,u12,u12-laptop,eng/repo/backend/,read,3.4
2026-09-03 12:43:33.332213,u12,u12-laptop,eng/ci_logs/,write,3.1
2026-09-03 12:44:35.247760,u07,u07-laptop,eng/infra/terraform_state.tfstate,read,5.1
2026-09-03 12:53:45.280198,u12,u12-laptop,eng/repo/frontend/,read,2.86
2026-09-03 12:58:52.952942,u12,u12-laptop,eng/repo/frontend/,read,4.82
2026-09-03 13:08:05.785064,u06,u06-laptop,finance/vendor_invoices/,read,4.82
2026-09-03 13:14:27.590353,u12,u12-laptop,eng/repo/frontend/,read,1.01
2026-09-03 13:19:30.438774,u05,u05-laptop,it/asset_inventory.xlsx,read,0.68
2026-09-03 13:25:19.593541,u12,u12-laptop,eng/design_docs/,write,2.5
2026-09-03 13:29:02.121357,u12,u12-laptop,eng/repo/backend/,read,2.83
2026-09-03 13:29:27.334226,u13,u13-laptop,hr/onboarding/,read,1.57
2026-09-03 13:32:06.757316,u12,u12-laptop,eng/repo/frontend/,read,2.54
2026-09-03 13:32:16.668685,u13,u13-laptop,hr/policies/,read,1.65
2026-09-03 13:36:20.419275,u05,u05-laptop,it/scripts/,write,2.65
2026-09-03 13:38:38.016018,u13,u13-laptop,hr/policies/,read,1.05
2026-09-03 13:45:00.055034,u05,u05-laptop,it/scripts/,read,0.93
2026-09-03 13:55:52.200583,u12,u12-laptop,eng/ci_logs/,read,3.03
2026-09-03 14:09:09.988003,u05,u05-laptop,it/tickets/,read,1.08
2026-09-03 20:48:47.644915,u10,u10-laptop,it/scripts/,read,1.85
2026-09-03 20:50:29.648647,u10,u10-laptop,it/scripts/,read,4.45
2026-09-03 21:36:08.222570,u10,u10-laptop,it/scripts/,read,1.18
2026-09-03 21:39:21.877121,u10,u10-laptop,it/scripts/,download,2.37
2026-09-03 21:46:16.295686,u10,u10-laptop,it/asset_inventory.xlsx,read,0.92
2026-09-03 21:57:12.713549,u10,u10-laptop,it/asset_inventory.xlsx,write,5.05
2026-09-03 21:59:09.397581,u10,u10-laptop,it/asset_inventory.xlsx,read,0.56
2026-09-03 22:00:12.304254,u10,u10-laptop,it/asset_inventory.xlsx,read,2.92
2026-09-03 22:04:42.590811,u10,u10-laptop,it/tickets/,download,1.81
2026-09-03 22:09:13.509741,u10,u10-laptop,it/asset_inventory.xlsx,read,2.07
2026-09-03 22:12:54.919736,u10,u10-laptop,it/tickets/,read,4.24
2026-09-03 22:34:00.323660,u10,u10-laptop,it/tickets/,write,3.24
2026-09-03 22:54:17.696506,u10,u10-laptop,it/tickets/,read,2.03
2026-09-03 22:59:59.914133,u10,u10-laptop,it/scripts/,write,1.85
2026-09-03 23:02:18.994469,u10,u10-laptop,it/tickets/,read,0.98
2026-09-03 23:03:44.519179,u10,u10-laptop,it/asset_inventory.xlsx,read,0.75
2026-09-03 23:13:14.745744,u10,u10-laptop,it/scripts/,read,2.22
2026-09-03 23:32:10.654824,u10,u10-laptop,it/tickets/,read,1.17
2026-09-03 23:36:37.913393,u10,u10-laptop,it/scripts/,read,0.84
2026-09-03 23:47:11.958595,u10,u10-laptop,it/tickets/,read,0.85
2026-09-04 03:38:23.175027,u09,u09-laptop,sales/contracts/,read,1.42
2026-09-04 03:42:58.092252,u09,u09-laptop,sales/pipeline.xlsx,write,1.05
2026-09-04 03:44:08.280205,u09,u09-laptop,sales/decks/,write,1.07
2026-09-04 03:47:12.559214,u09,u09-laptop,sales/client_contracts_confidential/,read,2.01
2026-09-04 03:47:52.619933,u09,u09-laptop,sales/contracts/,read,1.88
2026-09-04 03:47:59.478918,u09,u09-laptop,sales/decks/,write,3.57
2026-09-04 03:48:57.859283,u09,u09-laptop,sales/decks/,download,5.89
2026-09-04 03:49:12.981508,u09,u09-laptop,sales/contracts/,download,1.91
2026-09-04 03:49:14.181065,u09,u09-laptop,sales/decks/,download,0.71
2026-09-04 03:54:31.059852,u09,u09-laptop,sales/pipeline.xlsx,read,1.13
2026-09-04 03:56:57.167907,u09,u09-laptop,sales/pipeline.xlsx,read,1.84
2026-09-04 03:58:11.443417,u09,u09-laptop,sales/pipeline.xlsx,write,0.62
2026-09-04 04:00:37.338659,u09,u09-laptop,sales/decks/,download,1.49
2026-09-04 04:10:07.104955,u09,u09-laptop,sales/pipeline.xlsx,download,1.49
2026-09-04 04:10:53.983175,u09,u09-laptop,sales/client_contracts_confidential/,read,2.97
2026-09-04 04:13:09.587616,u09,u09-laptop,sales/contracts/,write,1.33
2026-09-04 04:14:17.315573,u09,u09-laptop,sales/decks/,write,1.48
2026-09-04 04:16:06.271437,u09,u09-laptop,sales/contracts/,write,2.69
2026-09-04 04:20:29.671462,u09,u09-laptop,sales/contracts/,download,1.26
2026-09-04 04:26:59.802342,u09,u09-laptop,sales/client_contracts_confidential/,write,1.42
2026-09-04 04:27:41.297614,u09,u09-laptop,sales/client_contracts_confidential/,download,1.48
2026-09-04 04:32:59.743781,u09,u09-laptop,sales/pipeline.xlsx,read,0.56
2026-09-04 04:35:54.096993,u09,u09-laptop,sales/pipeline.xlsx,download,3.35
2026-09-04 04:38:00.373956,u09,u09-laptop,sales/pipeline.xlsx,read,0.53
2026-09-04 04:39:11.622614,u09,u09-laptop,sales/decks/,read,3.39
2026-09-04 04:40:44.909026,u09,u09-laptop,sales/contracts/,read,1.73
2026-09-04 04:44:50.225282,u09,u09-laptop,sales/contracts/,download,0.99
2026-09-04 04:46:02.733384,u09,u09-laptop,sales/client_contracts_confidential/,write,2.33
2026-09-04 04:47:59.193227,u09,u09-laptop,sales/pipeline.xlsx,download,2.57
2026-09-04 04:48:17.457697,u09,u09-laptop,sales/client_contracts_confidential/,download,3.65
2026-09-04 04:50:25.389814,u09,u09-laptop,sales/contracts/,read,3.84
2026-09-04 04:52:24.387587,u09,u09-laptop,sales/decks/,write,1.04
2026-09-04 04:58:24.938776,u09,u09-laptop,sales/contracts/,read,2.03
2026-09-04 04:59:59.138854,u09,u09-laptop,sales/client_contracts_confidential/,write,3.02
2026-09-04 05:03:29.517972,u09,u09-laptop,sales/client_contracts_confidential/,read,2.42
2026-09-04 05:04:54.765682,u09,u09-laptop,sales/contracts/,download,2.1
2026-09-04 05:08:00.083765,u09,u09-laptop,sales/contracts/,read,5.44
2026-09-04 05:09:39.752467,u09,u09-laptop,sales/contracts/,download,0.88
2026-09-04 05:11:12.033208,u09,u09-laptop,sales/decks/,read,1.26
2026-09-04 05:12:25.294102,u09,u09-laptop,sales/pipeline.xlsx,download,3.28
2026-09-04 05:13:22.038777,u09,u09-laptop,sales/pipeline.xlsx,download,1.7
2026-09-04 05:14:04.890137,u09,u09-laptop,sales/pipeline.xlsx,download,1.88
2026-09-04 05:16:02.369281,u09,u09-laptop,sales/decks/,write,2.52
2026-09-04 05:16:04.201465,u09,u09-laptop,sales/pipeline.xlsx,read,0.66
2026-09-04 05:16:22.332932,u09,u09-laptop,sales/pipeline.xlsx,download,1.65
2026-09-04 05:18:11.384236,u09,u09-laptop,sales/pipeline.xlsx,read,2.78
2026-09-04 05:19:47.853580,u09,u09-laptop,sales/pipeline.xlsx,read,0.87
2026-09-04 05:23:40.866340,u09,u09-laptop,sales/decks/,read,1.97
2026-09-04 05:24:01.585707,u09,u09-laptop,sales/decks/,read,0.91
2026-09-04 05:25:01.585323,u09,u09-laptop,sales/decks/,download,4.15
2026-09-04 05:33:18.625751,u09,u09-laptop,sales/pipeline.xlsx,download,1.06
2026-09-04 05:33:27.617008,u09,u09-laptop,sales/contracts/,download,1.08
2026-09-04 05:33:56.270162,u09,u09-laptop,sales/pipeline.xlsx,download,1.56
2026-09-04 05:34:34.249040,u09,u09-laptop,sales/client_contracts_confidential/,download,3.64
2026-09-04 05:35:57.558244,u09,u09-laptop,sales/contracts/,read,2.94
2026-09-04 06:59:50.445389,u06,u06-laptop,finance/general_ledger.xlsx,read,1.92
2026-09-04 07:21:02.474239,u06,u06-laptop,finance/budget_2026.xlsx,read,3.6
2026-09-04 07:42:53.581598,u06,u06-laptop,finance/general_ledger.xlsx,read,2.99
2026-09-04 08:10:18.174695,u06,u06-laptop,finance/vendor_invoices/,read,4.28
2026-09-04 08:21:15.586358,u03,u03-laptop,hr/policies/,read,0.39
2026-09-04 08:24:03.080591,u15,u15-laptop,it/scripts/,read,4.18
2026-09-04 08:24:51.065223,u04,u04-laptop,sales/contracts/,read,1.1
2026-09-04 08:26:49.309933,u06,u06-laptop,finance/general_ledger.xlsx,read,4.42
2026-09-04 08:28:49.393948,u15,u15-laptop,it/tickets/,read,1.88
2026-09-04 08:31:25.965016,u15,u15-laptop,it/asset_inventory.xlsx,download,1.95
2026-09-04 08:33:24.253349,u15,u15-laptop,it/tickets/,read,4.56
2026-09-04 08:37:06.068372,u03,u03-laptop,hr/onboarding/,read,2.02
2026-09-04 08:38:12.429471,u04,u04-laptop,sales/decks/,download,2.38
2026-09-04 08:40:51.737204,u13,u13-mobile,hr/onboarding/,read,1.95
2026-09-04 08:45:55.583408,u13,u13-mobile,hr/policies/,read,5.35
2026-09-04 08:48:05.560066,u04,u04-laptop,sales/decks/,read,3.21
2026-09-04 08:51:42.804976,u15,u15-laptop,it/tickets/,write,1.18
2026-09-04 09:00:44.222348,u12,u12-laptop,eng/repo/backend/,read,2.14
2026-09-04 09:02:22.143850,u13,u13-mobile,hr/leave_records.xlsx,write,2.68
2026-09-04 09:02:30.618860,u12,u12-laptop,eng/ci_logs/,read,2.81
2026-09-04 09:10:07.132158,u04,u04-laptop,sales/contracts/,download,3.46
2026-09-04 09:10:35.721420,u06,u06-laptop,finance/expense_reports/,write,3.5
2026-09-04 09:11:45.376881,u08,u08-laptop,hr/employee_records.db,read,5.65
2026-09-04 09:12:37.354904,u12,u12-laptop,eng/design_docs/,read,0.8
2026-09-04 09:12:58.476543,u13,u13-mobile,hr/leave_records.xlsx,read,3.78
2026-09-04 09:13:57.857699,u12,u12-laptop,eng/design_docs/,read,1.3
2026-09-04 09:15:29.866566,u03,u03-laptop,hr/leave_records.xlsx,read,1.09
2026-09-04 09:17:40.583482,u03,u03-laptop,hr/onboarding/,download,1.9
2026-09-04 09:18:05.814756,u03,u03-laptop,hr/leave_records.xlsx,read,0.52
2026-09-04 09:18:27.333640,u03,u03-laptop,hr/leave_records.xlsx,read,4.31
2026-09-04 09:22:27.601377,u15,u15-laptop,it/tickets/,read,2.58
2026-09-04 09:24:19.234779,u03,u03-laptop,hr/policies/,read,0.75
2026-09-04 09:25:04.348974,u03,u03-laptop,hr/leave_records.xlsx,read,1.27
2026-09-04 09:28:49.278800,u15,u15-laptop,it/asset_inventory.xlsx,read,2.15
2026-09-04 09:30:29.435290,u05,u05-mobile,it/scripts/,read,2.29
2026-09-04 09:32:12.105288,u04,u04-laptop,sales/pipeline.xlsx,download,6.37
2026-09-04 09:34:05.151631,u06,u06-laptop,finance/budget_2026.xlsx,read,1.51
2026-09-04 09:34:24.274057,u01,u01-mobile,finance/vendor_invoices/,read,1.01
2026-09-04 09:36:32.194798,u03,u03-laptop,hr/leave_records.xlsx,read,1.44
2026-09-04 09:36:38.288284,u12,u12-laptop,eng/ci_logs/,read,3.17
2026-09-04 09:38:12.054967,u03,u03-laptop,hr/leave_records.xlsx,read,1.47
2026-09-04 09:38:35.029148,u15,u15-laptop,it/tickets/,write,4.32
2026-09-04 09:40:17.932832,u01,u01-mobile,finance/expense_reports/,read,2.99
2026-09-04 09:40:24.347875,u03,u03-laptop,hr/onboarding/,read,0.82
2026-09-04 09:40:38.144337,u02,u02-laptop,eng/ci_logs/,read,1.82
2026-09-04 09:41:01.845698,u13,u13-mobile,hr/policies/,read,6.11
2026-09-04 09:41:10.308388,u04,u04-laptop,sales/pipeline.xlsx,read,2.22
2026-09-04 09:41:46.583451,u13,u13-mobile,hr/policies/,read,2.4
2026-09-04 09:44:33.779366,u08,u08-laptop,hr/leave_records.xlsx,read,3.9
2026-09-04 09:44:43.664541,u02,u02-laptop,eng/design_docs/,read,2.21
2026-09-04 09:45:36.459734,u12,u12-laptop,eng/repo/frontend/,read,1.31
2026-09-04 09:48:02.517765,u12,u12-laptop,eng/repo/frontend/,write,6.72
2026-09-04 09:51:00.019643,u12,u12-laptop,eng/design_docs/,read,4.03
2026-09-04 09:54:31.613155,u04,u04-laptop,sales/contracts/,read,4.76
2026-09-04 09:54:49.165486,u12,u12-laptop,eng/ci_logs/,read,4.78
2026-09-04 09:56:36.167743,u03,u03-laptop,hr/onboarding/,write,0.72
2026-09-04 09:57:06.650324,u08,u08-laptop,hr/policies/,read,7.75
2026-09-04 09:57:25.754026,u12,u12-laptop,eng/ci_logs/,read,1.66
2026-09-04 09:57:46.130639,u08,u08-laptop,hr/onboarding/,read,6.35
2026-09-04 10:00:20.407238,u13,u13-mobile,hr/leave_records.xlsx,read,3.57
2026-09-04 10:00:32.590467,u04,u04-laptop,sales/decks/,download,4.14
2026-09-04 10:03:58.696667,u04,u04-laptop,sales/decks/,read,3.85
2026-09-04 10:04:59.885185,u03,u03-laptop,hr/policies/,read,0.85
2026-09-04 10:07:13.879901,u15,u15-laptop,it/scripts/,read,2.77
2026-09-04 10:07:40.687049,u04,u04-laptop,sales/decks/,read,2.31
2026-09-04 10:08:03.690343,u01,u01-mobile,finance/general_ledger.xlsx,read,2.04
2026-09-04 10:08:58.899687,u03,u03-laptop,hr/policies/,read,2.57
2026-09-04 10:09:58.790441,u05,u05-mobile,it/asset_inventory.xlsx,read,0.58
2026-09-04 10:10:53.020150,u03,u03-laptop,hr/policies/,read,1.13
2026-09-04 10:11:06.726787,u01,u01-mobile,finance/general_ledger.xlsx,read,0.8
2026-09-04 10:12:03.780782,u02,u02-laptop,eng/ci_logs/,read,1.58
2026-09-04 10:12:58.925514,u02,u02-laptop,eng/design_docs/,read,2.47
2026-09-04 10:15:05.529160,u05,u05-mobile,it/asset_inventory.xlsx,read,0.72
2026-09-04 10:16:55.914037,u12,u12-laptop,eng/ci_logs/,read,3.66
2026-09-04 10:17:21.842141,u12,u12-laptop,eng/ci_logs/,read,2.99
2026-09-04 10:17:27.772008,u02,u02-laptop,eng/ci_logs/,read,3.27
2026-09-04 10:19:29.243863,u12,u12-laptop,eng/repo/backend/,read,6.35
2026-09-04 10:20:44.639672,u12,u12-laptop,eng/repo/frontend/,read,1.47
2026-09-04 10:22:26.551462,u13,u13-mobile,hr/leave_records.xlsx,read,1.42
2026-09-04 10:23:08.032778,u11,u11-laptop,finance/vendor_invoices/,read,0.7
2026-09-04 10:24:46.810255,u05,u05-mobile,it/asset_inventory.xlsx,read,3.61
2026-09-04 10:24:55.812529,u11,u11-laptop,finance/budget_2026.xlsx,write,2.67
2026-09-04 10:25:05.130237,u12,u12-laptop,eng/ci_logs/,read,2.28
2026-09-04 10:26:30.901921,u04,u04-laptop,sales/contracts/,read,4.26
2026-09-04 10:26:38.853319,u08,u08-laptop,hr/policies/,download,1.54
2026-09-04 10:27:03.664949,u12,u12-laptop,eng/repo/frontend/,read,5.91
2026-09-04 10:27:18.030293,u13,u13-mobile,hr/policies/,read,0.94
2026-09-04 10:27:18.631369,u02,u02-laptop,eng/design_docs/,write,1.03
2026-09-04 10:29:58.605615,u11,u11-laptop,finance/budget_2026.xlsx,write,0.87
2026-09-04 10:30:18.175242,u04,u04-laptop,sales/pipeline.xlsx,write,1.5
2026-09-04 10:30:28.482509,u11,u11-laptop,finance/budget_2026.xlsx,write,4.56
2026-09-04 10:30:38.589714,u04,u04-laptop,sales/decks/,read,11.82
2026-09-04 10:30:53.187009,u05,u05-mobile,it/tickets/,download,0.9
2026-09-04 10:32:24.292775,u04,u04-laptop,sales/contracts/,read,1.82
2026-09-04 10:33:12.912782,u11,u11-laptop,finance/expense_reports/,read,5.07
2026-09-04 10:34:22.617132,u15,u15-laptop,it/tickets/,write,4.79
2026-09-04 10:35:25.547174,u02,u02-laptop,eng/ci_logs/,write,2.38
2026-09-04 10:36:37.508365,u11,u11-laptop,finance/vendor_invoices/,read,1.19
2026-09-04 10:36:37.842111,u05,u05-mobile,it/scripts/,read,0.85
2026-09-04 10:37:16.039262,u15,u15-laptop,it/scripts/,download,2.06
2026-09-04 10:37:18.999354,u14,u14-laptop,sales/decks/,read,2.12
2026-09-04 10:37:29.807451,u02,u02-laptop,eng/repo/frontend/,read,1.46
2026-09-04 10:37:54.772465,u08,u08-laptop,hr/leave_records.xlsx,read,2.74
2026-09-04 10:39:05.205179,u13,u13-mobile,hr/onboarding/,read,0.95
2026-09-04 10:39:39.274810,u11,u11-laptop,finance/budget_2026.xlsx,read,1.88
2026-09-04 10:40:06.001050,u08,u08-laptop,hr/policies/,read,5.5
2026-09-04 10:40:53.460492,u11,u11-laptop,finance/vendor_invoices/,read,1.35
2026-09-04 10:41:02.659552,u02,u02-laptop,eng/ci_logs/,read,2.29
2026-09-04 10:41:13.460019,u05,u05-mobile,it/asset_inventory.xlsx,read,0.93
2026-09-04 10:41:49.428057,u01,u01-mobile,finance/general_ledger.xlsx,read,1.5
2026-09-04 10:42:53.069434,u04,u04-laptop,sales/decks/,read,4.24
2026-09-04 10:42:57.585711,u14,u14-laptop,sales/pipeline.xlsx,read,1.39
2026-09-04 10:43:39.306992,u08,u08-laptop,hr/leave_records.xlsx,read,2.06
2026-09-04 10:44:08.987835,u02,u02-laptop,eng/design_docs/,read,1.01
2026-09-04 10:45:05.886727,u02,u02-laptop,eng/design_docs/,read,2.42
2026-09-04 10:45:24.277478,u13,u13-mobile,hr/onboarding/,download,2.41
2026-09-04 10:45:43.426352,u02,u02-laptop,eng/repo/frontend/,read,0.97
2026-09-04 10:47:47.895287,u13,u13-mobile,hr/policies/,read,4.74
2026-09-04 10:47:57.427189,u08,u08-laptop,hr/onboarding/,read,5.77
2026-09-04 10:52:47.525544,u08,u08-laptop,hr/leave_records.xlsx,read,3.95
2026-09-04 10:53:01.543148,u15,u15-laptop,it/tickets/,read,2.67
2026-09-04 10:53:28.973645,u02,u02-laptop,eng/design_docs/,read,0.93
2026-09-04 10:54:48.432835,u15,u15-laptop,it/scripts/,read,1.59
2026-09-04 10:55:29.393629,u14,u14-laptop,sales/pipeline.xlsx,download,1.8
2026-09-04 10:55:59.932566,u14,u14-laptop,sales/decks/,read,1.2
2026-09-04 10:56:06.476815,u08,u08-laptop,hr/onboarding/,read,3.39
2026-09-04 10:57:28.477647,u05,u05-mobile,it/scripts/,read,2.28
2026-09-04 10:57:41.117525,u15,u15-laptop,it/scripts/,read,2.39
2026-09-04 10:58:14.316574,u01,u01-mobile,finance/budget_2026.xlsx,read,2.48
2026-09-04 10:58:21.683892,u08,u08-laptop,hr/onboarding/,read,2.37
2026-09-04 11:01:58.068203,u03,u03-laptop,hr/policies/,write,1.21
2026-09-04 11:01:58.620400,u13,u13-mobile,hr/policies/,read,1.19
2026-09-04 11:02:48.397445,u15,u15-laptop,it/scripts/,read,1.81
2026-09-04 11:03:43.548458,u15,u15-laptop,it/asset_inventory.xlsx,read,5.85
2026-09-04 11:04:27.683591,u08,u08-laptop,hr/onboarding/,write,4.5
2026-09-04 11:05:03.737332,u13,u13-mobile,hr/onboarding/,read,0.54
2026-09-04 11:05:42.459563,u15,u15-laptop,it/asset_inventory.xlsx,download,4.0
2026-09-04 11:05:48.838170,u15,u15-laptop,it/asset_inventory.xlsx,write,1.39
2026-09-04 11:07:06.193750,u14,u14-laptop,sales/decks/,read,1.62
2026-09-04 11:07:16.307256,u15,u15-laptop,it/scripts/,read,2.01
2026-09-04 11:07:16.859303,u03,u03-laptop,hr/policies/,write,0.57
2026-09-04 11:08:53.215011,u11,u11-laptop,finance/vendor_invoices/,read,1.81
2026-09-04 11:09:29.226567,u01,u01-mobile,finance/general_ledger.xlsx,read,0.68
2026-09-04 11:09:37.383272,u04,u04-laptop,sales/decks/,download,3.64
2026-09-04 11:10:06.758886,u04,u04-laptop,sales/contracts/,read,9.18
2026-09-04 11:10:51.156730,u08,u08-laptop,hr/leave_records.xlsx,write,8.25
2026-09-04 11:11:37.920304,u01,u01-mobile,finance/vendor_invoices/,read,0.66
2026-09-04 11:11:51.296624,u01,u01-mobile,finance/expense_reports/,read,2.53
2026-09-04 11:11:56.450977,u13,u13-mobile,hr/onboarding/,read,1.42
2026-09-04 11:12:22.024941,u15,u15-laptop,it/scripts/,download,7.54
2026-09-04 11:12:36.590252,u14,u14-laptop,sales/contracts/,read,0.86
2026-09-04 11:12:43.234878,u14,u14-laptop,sales/contracts/,read,0.65
2026-09-04 11:13:16.721644,u11,u11-laptop,finance/general_ledger.xlsx,read,1.84
2026-09-04 11:14:17.841777,u11,u11-laptop,finance/general_ledger.xlsx,read,1.63
2026-09-04 11:14:43.869127,u08,u08-laptop,hr/policies/,read,3.69
2026-09-04 11:16:09.370066,u04,u04-laptop,sales/contracts/,write,5.9
2026-09-04 11:16:12.849647,u01,u01-mobile,finance/general_ledger.xlsx,read,1.66
2026-09-04 11:18:03.481110,u15,u15-laptop,it/asset_inventory.xlsx,read,3.28
2026-09-04 11:19:22.366790,u13,u13-mobile,hr/onboarding/,read,2.08
2026-09-04 11:20:23.890560,u03,u03-laptop,hr/policies/,download,2.57
2026-09-04 11:20:26.737503,u05,u05-mobile,it/scripts/,write,1.2
2026-09-04 11:20:53.800069,u11,u11-laptop,finance/expense_reports/,read,2.01
2026-09-04 11:22:44.343872,u11,u11-laptop,finance/expense_reports/,read,1.84
2026-09-04 11:22:57.993567,u14,u14-laptop,sales/contracts/,read,1.11
2026-09-04 11:23:03.242305,u04,u04-laptop,sales/decks/,read,1.75
2026-09-04 11:23:06.775114,u11,u11-laptop,finance/vendor_invoices/,read,1.57
2026-09-04 11:23:41.738184,u04,u04-laptop,sales/client_contracts_confidential/,read,3.74
2026-09-04 11:26:17.508961,u11,u11-laptop,finance/vendor_invoices/,read,1.09
2026-09-04 11:27:13.269212,u01,u01-mobile,finance/general_ledger.xlsx,read,2.21
2026-09-04 11:28:33.839787,u11,u11-laptop,finance/budget_2026.xlsx,read,3.0
2026-09-04 11:28:51.298946,u15,u15-laptop,it/tickets/,write,3.88
2026-09-04 11:29:15.586353,u14,u14-laptop,sales/decks/,download,1.17
2026-09-04 11:31:55.171329,u15,u15-laptop,it/scripts/,read,4.22
2026-09-04 11:32:26.500730,u15,u15-laptop,it/asset_inventory.xlsx,download,2.1
2026-09-04 11:33:16.648352,u11,u11-laptop,finance/budget_2026.xlsx,read,2.12
2026-09-04 11:34:36.141973,u15,u15-laptop,it/scripts/,read,1.43
2026-09-04 11:36:27.008275,u01,u01-mobile,finance/general_ledger.xlsx,read,1.84
2026-09-04 11:36:33.282357,u15,u15-laptop,it/asset_inventory.xlsx,read,1.65
2026-09-04 11:39:34.672867,u03,u03-laptop,hr/onboarding/,read,3.26
2026-09-04 11:39:35.637537,u01,u01-mobile,finance/general_ledger.xlsx,read,1.08
2026-09-04 11:41:55.657188,u13,u13-mobile,hr/onboarding/,write,3.1
2026-09-04 11:42:07.198934,u01,u01-mobile,finance/general_ledger.xlsx,write,2.62
2026-09-04 11:44:22.595746,u11,u11-laptop,finance/general_ledger.xlsx,read,2.3
2026-09-04 11:44:35.485781,u01,u01-mobile,finance/expense_reports/,download,3.29
2026-09-04 11:44:53.499448,u15,u15-laptop,it/asset_inventory.xlsx,read,2.9
2026-09-04 11:45:23.696631,u01,u01-mobile,finance/budget_2026.xlsx,write,3.0
2026-09-04 11:45:58.513054,u01,u01-mobile,finance/general_ledger.xlsx,write,0.75
2026-09-04 11:48:26.318604,u15,u15-laptop,it/asset_inventory.xlsx,download,2.06
2026-09-04 11:49:04.111386,u15,u15-laptop,it/asset_inventory.xlsx,write,1.66
2026-09-04 11:49:21.544880,u05,u05-mobile,it/tickets/,read,1.47
2026-09-04 11:50:37.960992,u05,u05-mobile,it/asset_inventory.xlsx,read,3.93
2026-09-04 11:51:04.837425,u11,u11-laptop,finance/budget_2026.xlsx,read,5.41
2026-09-04 11:51:15.743692,u01,u01-mobile,finance/vendor_invoices/,download,3.93
2026-09-04 11:53:30.367564,u15,u15-laptop,it/scripts/,write,4.41
2026-09-04 11:54:54.861151,u14,u14-laptop,sales/decks/,write,1.47
2026-09-04 11:54:55.402526,u05,u05-mobile,it/tickets/,write,3.55
2026-09-04 11:55:46.437223,u05,u05-mobile,it/tickets/,read,3.45
2026-09-04 12:00:11.967831,u01,u01-mobile,finance/vendor_invoices/,download,1.45
2026-09-04 12:00:39.304801,u15,u15-laptop,it/tickets/,read,3.66
2026-09-04 12:03:15.042833,u14,u14-laptop,sales/contracts/,read,1.1
2026-09-04 12:04:05.629901,u08,u08-laptop,hr/leave_records.xlsx,write,4.52
2026-09-04 12:08:41.174583,u05,u05-mobile,it/asset_inventory.xlsx,read,1.11
2026-09-04 12:09:16.962786,u08,u08-laptop,hr/leave_records.xlsx,read,3.18
2026-09-04 12:13:31.620771,u04,u04-laptop,sales/contracts/,read,4.26
2026-09-04 12:15:26.744799,u14,u14-laptop,sales/decks/,read,0.6
2026-09-04 12:17:51.138166,u08,u08-laptop,hr/leave_records.xlsx,read,1.34
2026-09-04 12:18:36.444315,u15,u15-laptop,it/scripts/,read,4.51
2026-09-04 12:20:17.507433,u14,u14-laptop,sales/decks/,read,2.01
2026-09-04 12:21:41.876481,u14,u14-laptop,sales/contracts/,read,1.77
2026-09-04 12:25:13.631163,u05,u05-mobile,it/tickets/,read,1.89
2026-09-04 12:26:51.418313,u05,u05-mobile,it/tickets/,read,1.86
2026-09-04 12:28:16.074252,u07,u07-laptop,eng/design_docs/,read,2.55
2026-09-04 12:32:00.090625,u07,u07-laptop,eng/ci_logs/,read,1.96
2026-09-04 12:34:00.764378,u07,u07-laptop,eng/ci_logs/,read,3.17
2026-09-04 12:36:20.528409,u07,u07-laptop,eng/repo/backend/,read,1.23
2026-09-04 12:38:13.879885,u07,u07-laptop,eng/repo/backend/,read,3.68
2026-09-04 12:40:28.341776,u14,u14-laptop,sales/client_contracts_confidential/,read,0.77
2026-09-04 12:40:38.220040,u07,u07-laptop,eng/repo/backend/,read,5.52
2026-09-04 12:41:01.868084,u07,u07-laptop,eng/ci_logs/,read,1.22
2026-09-04 12:45:50.504451,u14,u14-laptop,sales/pipeline.xlsx,read,0.97
2026-09-04 12:47:57.122479,u07,u07-laptop,eng/design_docs/,read,2.38
2026-09-04 12:52:25.021491,u07,u07-laptop,eng/repo/backend/,write,3.19
2026-09-04 12:54:46.011315,u14,u14-laptop,sales/contracts/,write,1.6
2026-09-04 12:54:59.716305,u14,u14-laptop,sales/pipeline.xlsx,read,0.31
2026-09-04 12:58:45.484859,u14,u14-laptop,sales/pipeline.xlsx,read,1.64
2026-09-04 13:01:11.548301,u14,u14-laptop,sales/pipeline.xlsx,write,0.64
2026-09-04 13:01:57.254940,u07,u07-laptop,eng/repo/frontend/,read,4.8
2026-09-04 13:02:07.653737,u07,u07-laptop,eng/repo/backend/,read,2.66
2026-09-04 13:06:04.366240,u14,u14-laptop,sales/pipeline.xlsx,write,1.58
2026-09-04 13:06:41.367328,u07,u07-laptop,eng/design_docs/,read,2.29
2026-09-04 13:15:28.955031,u07,u07-laptop,eng/repo/frontend/,read,3.1
2026-09-04 13:16:00.304845,u07,u07-laptop,eng/ci_logs/,write,3.61
2026-09-04 13:22:18.613630,u07,u07-laptop,eng/ci_logs/,write,3.55
2026-09-04 13:35:01.219437,u07,u07-laptop,eng/repo/frontend/,read,3.38
2026-09-04 13:38:06.654142,u07,u07-laptop,eng/repo/frontend/,write,9.15
2026-09-04 13:42:14.825079,u07,u07-laptop,eng/infra/terraform_state.tfstate,write,6.37
2026-09-04 13:45:30.003299,u07,u07-laptop,eng/design_docs/,read,6.22
2026-09-04 13:46:33.584257,u07,u07-laptop,eng/repo/backend/,read,6.01
2026-09-04 13:47:48.410672,u07,u07-laptop,eng/repo/backend/,read,4.71
2026-09-04 13:48:25.790718,u07,u07-laptop,eng/ci_logs/,write,2.26
2026-09-04 13:51:55.262240,u07,u07-laptop,eng/repo/backend/,read,6.05
2026-09-04 13:55:05.257975,u07,u07-laptop,eng/ci_logs/,read,5.71
2026-09-04 13:55:14.582353,u07,u07-laptop,eng/ci_logs/,download,3.28
2026-09-04 13:56:06.583717,u07,u07-laptop,eng/repo/frontend/,write,9.13
