timestamp,user_id,device_id,dest_domain,bytes_mb,protocol
2026-08-01 10:43:36.668661,u05,u05-laptop,adminportal.corp.local,41.74,https
2026-08-01 10:55:42.746690,u15,u15-laptop,adminportal.corp.local,102.21,https
2026-08-01 11:08:03.263997,u08,u08-laptop,workday.corp.local,38.39,https
2026-08-01 11:20:35.410426,u05,u05-laptop,adminportal.corp.local,83.85,https
2026-08-01 11:21:46.830671,u05,u05-laptop,adminportal.corp.local,33.06,https
2026-08-01 11:26:41.685897,u05,u05-laptop,mail.corp.local,100.57,https
2026-08-01 11:34:49.193034,u08,u08-laptop,workday.corp.local,24.4,https
2026-08-01 11:40:55.824000,u08,u08-laptop,mail.corp.local,47.37,https
2026-08-01 12:29:11.714166,u08,u08-laptop,workday.corp.local,144.11,https
2026-08-01 12:51:01.275953,u06,u06-laptop,mail.corp.local,142.53,https
2026-08-01 14:13:28.969104,u05,u05-laptop,mail.corp.local,56.98,https
2026-08-02 08:32:53.457047,u03,u03-laptop,workday.corp.local,32.22,https
2026-08-02 08:35:51.122338,u03,u03-laptop,mail.corp.local,37.15,https
2026-08-02 08:38:48.813213,u03,u03-laptop,mail.corp.local,42.96,https
2026-08-02 08:40:00.221159,u01,u01-mobile,erp.corp.local,8.87,https
2026-08-02 09:01:46.712133,u01,u01-mobile,erp.corp.local,14.58,https
2026-08-02 09:02:47.020232,u06,u06-laptop,erp.corp.local,29.09,https
2026-08-02 09:04:36.698235,u01,u01-mobile,sap.corp.local,15.72,https
2026-08-02 09:09:04.517628,u03,u03-laptop,workday.corp.local,46.61,https
2026-08-02 09:28:52.209120,u06,u06-laptop,mail.corp.local,40.68,https
2026-08-02 09:30:33.581888,u01,u01-mobile,erp.corp.local,10.71,https
2026-08-02 09:38:51.058457,u07,u07-laptop,mail.corp.local,13.23,https
2026-08-02 09:43:36.862128,u06,u06-laptop,mail.corp.local,29.39,https
2026-08-02 09:49:27.714617,u14,u14-laptop,salesforce.corp.local,43.57,https
2026-08-02 09:55:45.205342,u07,u07-laptop,jira.corp.local,15.01,https
2026-08-02 09:56:13.203486,u07,u07-laptop,jira.corp.local,11.83,https
2026-08-02 10:10:38.221498,u09,u09-mobile,salesforce.corp.local,13.73,https
2026-08-02 10:17:26.113236,u09,u09-mobile,mail.corp.local,27.25,https
2026-08-02 10:21:52.244105,u14,u14-laptop,mail.corp.local,37.41,https
2026-08-02 10:23:38.391057,u06,u06-laptop,mail.corp.local,39.78,https
2026-08-02 10:35:19.039663,u07,u07-laptop,mail.corp.local,58.85,https
2026-08-02 10:41:09.828790,u07,u07-laptop,jira.corp.local,50.74,https
2026-08-02 10:49:52.453268,u09,u09-mobile,mail.corp.local,23.3,https
2026-08-02 10:58:09.981321,u13,u13-laptop,mail.corp.local,142.56,https
2026-08-02 11:01:25.446769,u09,u09-mobile,mail.corp.local,25.45,https
2026-08-02 11:05:01.838865,u14,u14-laptop,mail.corp.local,38.96,https
2026-08-02 11:09:34.433684,u01,u01-mobile,sap.corp.local,19.7,https
2026-08-02 11:15:09.074147,u02,u02-laptop,jira.corp.local,77.06,https
2026-08-02 11:19:11.077033,u13,u13-laptop,workday.corp.local,49.53,https
2026-08-02 11:36:36.787456,u09,u09-mobile,mail.corp.local,23.06,https
2026-08-02 11:43:09.483844,u01,u01-mobile,erp.corp.local,18.79,https
2026-08-02 11:58:55.632125,u02,u02-laptop,github.corp.local,5.61,https
2026-08-02 11:59:51.140253,u01,u01-mobile,mail.corp.local,12.97,https
2026-08-02 12:21:58.733072,u01,u01-mobile,erp.corp.local,11.06,https
2026-08-02 12:31:20.031793,u02,u02-laptop,github.corp.local,2.23,https
2026-08-02 12:34:27.488191,u01,u01-mobile,mail.corp.local,18.57,https
2026-08-02 12:43:23.244696,u02,u02-laptop,mail.corp.local,3.36,https
2026-08-02 12:45:16.629274,u02,u02-laptop,jira.corp.local,5.64,https
2026-08-02 12:46:00.589529,u02,u02-laptop,jira.corp.local,2.82,https
2026-08-02 12:52:29.652339,u02,u02-laptop,github.corp.local,3.59,https
2026-08-02 13:44:30.050068,u07,u07-laptop,github.corp.local,25.35,https
2026-08-02 13:45:50.447322,u07,u07-laptop,jira.corp.local,30.82,https
2026-08-02 20:17:17.527240,u10,u10-laptop,mail.corp.local,98.8,https
2026-08-03 07:24:23.599709,u08,u08-laptop,mail.corp.local,14.99,https
2026-08-03 08:02:09.921784,u07,u07-laptop,jira.corp.local,10.37,https
2026-08-03 08:12:15.166630,u08,u08-laptop,workday.corp.local,22.03,https
2026-08-03 08:13:16.378820,u13,u13-mobile,mail.corp.local,15.72,https
2026-08-03 08:13:31.425605,u15,u15-laptop,mail.corp.local,6.44,https
2026-08-03 08:16:34.696394,u15,u15-laptop,mail.corp.local,8.67,https
2026-08-03 08:19:19.234628,u08,u08-laptop,workday.corp.local,20.52,https
2026-08-03 08:19:48.751736,u13,u13-mobile,workday.corp.local,14.46,https
2026-08-03 08:27:58.125363,u13,u13-mobile,workday.corp.local,15.4,https
2026-08-03 08:34:18.336691,u04,u04-laptop,salesforce.corp.local,8.1,https
2026-08-03 08:36:02.226188,u08,u08-laptop,workday.corp.local,9.6,https
2026-08-03 08:38:30.583086,u15,u15-laptop,mail.corp.local,13.64,https
2026-08-03 08:39:08.133049,u07,u07-laptop,github.corp.local,9.82,https
2026-08-03 08:40:53.606128,u15,u15-laptop,adminportal.corp.local,14.57,https
2026-08-03 08:45:04.551791,u12,u12-laptop,mail.corp.local,10.17,https
2026-08-03 08:46:06.710108,u09,u09-mobile,salesforce.corp.local,5.3,https
2026-08-03 08:46:47.390025,u12,u12-laptop,github.corp.local,8.02,https
2026-08-03 08:55:26.870471,u05,u05-laptop,mail.corp.local,15.19,https
2026-08-03 08:59:33.697699,u04,u04-laptop,salesforce.corp.local,6.18,https
2026-08-03 08:59:41.015874,u13,u13-mobile,mail.corp.local,4.13,https
2026-08-03 09:00:53.783537,u07,u07-laptop,mail.corp.local,1.0,https
2026-08-03 09:01:25.449458,u13,u13-mobile,workday.corp.local,8.84,https
2026-08-03 09:08:06.064971,u13,u13-mobile,mail.corp.local,2.99,https
2026-08-03 09:10:16.721888,u13,u13-mobile,workday.corp.local,7.77,https
2026-08-03 09:10:50.635043,u09,u09-mobile,mail.corp.local,12.01,https
2026-08-03 09:11:32.182648,u13,u13-mobile,mail.corp.local,4.17,https
2026-08-03 09:12:38.788371,u05,u05-laptop,adminportal.corp.local,49.59,https
2026-08-03 09:13:31.296649,u02,u02-laptop,jira.corp.local,8.62,https
2026-08-03 09:13:40.060798,u07,u07-laptop,mail.corp.local,2.68,https
2026-08-03 09:15:01.368450,u13,u13-mobile,workday.corp.local,5.34,https
2026-08-03 09:15:35.990358,u05,u05-laptop,mail.corp.local,18.58,https
2026-08-03 09:19:49.119402,u11,u11-laptop,mail.corp.local,53.04,https
2026-08-03 09:22:09.726678,u13,u13-mobile,workday.corp.local,3.28,https
2026-08-03 09:22:15.404255,u05,u05-laptop,mail.corp.local,41.24,https
2026-08-03 09:23:51.560270,u02,u02-laptop,jira.corp.local,12.1,https
2026-08-03 09:23:56.612886,u02,u02-laptop,mail.corp.local,2.1,https
2026-08-03 09:25:03.238583,u02,u02-laptop,jira.corp.local,1.32,https
2026-08-03 09:25:57.149593,u02,u02-laptop,jira.corp.local,7.91,https
2026-08-03 09:28:54.706948,u07,u07-laptop,jira.corp.local,1.94,https
2026-08-03 09:29:56.669501,u13,u13-mobile,workday.corp.local,4.77,https
2026-08-03 09:30:04.535281,u09,u09-mobile,mail.corp.local,9.86,https
2026-08-03 09:30:56.986626,u13,u13-mobile,mail.corp.local,5.46,https
2026-08-03 09:31:40.163017,u13,u13-mobile,mail.corp.local,5.99,https
2026-08-03 09:32:00.484409,u09,u09-mobile,mail.corp.local,8.96,https
2026-08-03 09:33:12.463086,u13,u13-mobile,workday.corp.local,8.0,https
2026-08-03 09:34:00.892807,u07,u07-laptop,mail.corp.local,2.31,https
2026-08-03 09:34:41.755774,u07,u07-laptop,jira.corp.local,1.52,https
2026-08-03 09:35:07.215232,u07,u07-laptop,mail.corp.local,24.72,https
2026-08-03 09:36:02.304935,u07,u07-laptop,mail.corp.local,3.19,https
2026-08-03 09:37:13.213148,u07,u07-laptop,jira.corp.local,13.59,https
2026-08-03 09:37:59.819673,u02,u02-laptop,github.corp.local,9.41,https
2026-08-03 09:38:01.595766,u15,u15-laptop,adminportal.corp.local,5.68,https
2026-08-03 09:38:58.349364,u14,u14-laptop,mail.corp.local,151.63,https
2026-08-03 09:40:04.648510,u02,u02-laptop,mail.corp.local,5.26,https
2026-08-03 09:40:28.387895,u13,u13-mobile,workday.corp.local,8.32,https
2026-08-03 09:42:25.100156,u07,u07-laptop,mail.corp.local,3.4,https
2026-08-03 09:42:44.693468,u11,u11-laptop,sap.corp.local,55.77,https
2026-08-03 09:44:06.530087,u07,u07-laptop,github.corp.local,2.09,https
2026-08-03 09:45:45.117320,u08,u08-laptop,mail.corp.local,3.41,https
2026-08-03 09:46:19.664814,u13,u13-mobile,mail.corp.local,4.41,https
2026-08-03 09:52:44.270593,u12,u12-laptop,jira.corp.local,5.54,https
2026-08-03 09:54:35.032566,u15,u15-laptop,adminportal.corp.local,6.85,https
2026-08-03 09:58:59.031585,u13,u13-mobile,mail.corp.local,10.28,https
2026-08-03 10:00:59.231374,u08,u08-laptop,workday.corp.local,14.15,https
2026-08-03 10:01:05.494544,u07,u07-laptop,jira.corp.local,2.17,https
2026-08-03 10:02:35.038463,u15,u15-laptop,adminportal.corp.local,11.62,https
2026-08-03 10:03:24.752776,u09,u09-mobile,salesforce.corp.local,2.72,https
2026-08-03 10:04:00.650423,u03,u03-laptop,mail.corp.local,17.45,https
2026-08-03 10:04:48.634490,u12,u12-laptop,github.corp.local,5.9,https
2026-08-03 10:06:36.585970,u07,u07-laptop,mail.corp.local,16.4,https
2026-08-03 10:11:59.309562,u06,u06-laptop,mail.corp.local,12.58,https
2026-08-03 10:13:03.986798,u15,u15-laptop,adminportal.corp.local,2.71,https
2026-08-03 10:13:55.388473,u15,u15-laptop,mail.corp.local,4.11,https
2026-08-03 10:14:13.530592,u06,u06-laptop,mail.corp.local,26.84,https
2026-08-03 10:14:37.894032,u02,u02-laptop,jira.corp.local,2.99,https
2026-08-03 10:15:51.120311,u15,u15-laptop,adminportal.corp.local,5.69,https
2026-08-03 10:16:12.297195,u01,u01-mobile,mail.corp.local,32.01,https
2026-08-03 10:17:29.531438,u07,u07-laptop,github.corp.local,3.34,https
2026-08-03 10:18:15.478627,u03,u03-laptop,workday.corp.local,25.91,https
2026-08-03 10:18:16.913895,u11,u11-laptop,erp.corp.local,50.46,https
2026-08-03 10:18:59.323301,u06,u06-laptop,erp.corp.local,21.67,https
2026-08-03 10:19:10.939248,u15,u15-laptop,adminportal.corp.local,5.2,https
2026-08-03 10:19:40.210526,u02,u02-laptop,mail.corp.local,8.43,https
2026-08-03 10:19:52.522217,u09,u09-mobile,salesforce.corp.local,1.62,https
2026-08-03 10:20:38.306653,u06,u06-laptop,mail.corp.local,22.06,https
2026-08-03 10:20:39.926208,u08,u08-laptop,workday.corp.local,5.22,https
2026-08-03 10:23:37.337452,u04,u04-laptop,salesforce.corp.local,4.19,https
2026-08-03 10:24:38.584623,u03,u03-laptop,workday.corp.local,28.56,https
2026-08-03 10:25:02.886865,u07,u07-laptop,jira.corp.local,4.17,https
2026-08-03 10:26:27.419692,u07,u07-laptop,jira.corp.local,25.09,https
2026-08-03 10:27:03.249735,u04,u04-laptop,mail.corp.local,5.56,https
2026-08-03 10:32:18.451992,u15,u15-laptop,mail.corp.local,5.89,https
2026-08-03 10:34:05.288726,u08,u08-laptop,workday.corp.local,3.71,https
2026-08-03 10:34:51.965704,u15,u15-laptop,mail.corp.local,3.2,https
2026-08-03 10:35:17.031015,u15,u15-laptop,mail.corp.local,4.74,https
2026-08-03 10:35:41.514042,u08,u08-laptop,mail.corp.local,5.15,https
2026-08-03 10:35:56.942777,u02,u02-laptop,jira.corp.local,4.02,https
2026-08-03 10:38:47.640950,u13,u13-mobile,workday.corp.local,5.12,https
2026-08-03 10:39:52.388248,u07,u07-laptop,github.corp.local,2.16,https
2026-08-03 10:40:52.713885,u07,u07-laptop,mail.corp.local,3.85,https
2026-08-03 10:43:29.847420,u08,u08-laptop,workday.corp.local,18.04,https
2026-08-03 10:45:15.186137,u07,u07-laptop,github.corp.local,2.7,https
2026-08-03 10:46:34.250625,u13,u13-mobile,workday.corp.local,7.27,https
2026-08-03 10:46:58.070559,u12,u12-laptop,github.corp.local,11.41,https
2026-08-03 10:52:09.527966,u09,u09-mobile,salesforce.corp.local,2.66,https
2026-08-03 10:54:31.450422,u07,u07-laptop,jira.corp.local,5.18,https
2026-08-03 10:55:05.134897,u13,u13-mobile,workday.corp.local,2.02,https
2026-08-03 10:57:17.325354,u08,u08-laptop,workday.corp.local,3.34,https
2026-08-03 10:58:06.717721,u07,u07-laptop,mail.corp.local,4.41,https
2026-08-03 10:58:56.349806,u13,u13-mobile,workday.corp.local,2.6,https
2026-08-03 10:59:57.013022,u01,u01-mobile,mail.corp.local,63.46,https
2026-08-03 11:00:29.482391,u13,u13-mobile,mail.corp.local,2.86,https
2026-08-03 11:03:51.297896,u03,u03-laptop,mail.corp.local,32.13,https
2026-08-03 11:03:52.073992,u08,u08-laptop,mail.corp.local,8.87,https
2026-08-03 11:04:04.685447,u15,u15-laptop,adminportal.corp.local,6.89,https
2026-08-03 11:04:51.069539,u15,u15-laptop,mail.corp.local,7.27,https
2026-08-03 11:09:31.048094,u12,u12-laptop,jira.corp.local,6.38,https
2026-08-03 11:11:34.202638,u06,u06-laptop,erp.corp.local,13.78,https
2026-08-03 11:11:39.877131,u13,u13-mobile,workday.corp.local,7.38,https
2026-08-03 11:11:44.238389,u12,u12-laptop,github.corp.local,19.9,https
2026-08-03 11:22:24.683643,u08,u08-laptop,mail.corp.local,3.04,https
2026-08-03 11:25:53.525842,u03,u03-laptop,mail.corp.local,29.66,https
2026-08-03 11:25:53.654170,u08,u08-laptop,mail.corp.local,4.15,https
2026-08-03 11:26:06.405723,u13,u13-mobile,workday.corp.local,4.11,https
2026-08-03 11:32:10.273601,u08,u08-laptop,mail.corp.local,5.35,https
2026-08-03 11:35:08.184285,u09,u09-mobile,mail.corp.local,17.66,https
2026-08-03 11:35:22.829329,u09,u09-mobile,salesforce.corp.local,19.21,https
2026-08-03 11:42:05.069441,u08,u08-laptop,workday.corp.local,12.22,https
2026-08-03 11:42:20.815420,u02,u02-laptop,mail.corp.local,16.63,https
2026-08-03 11:42:52.657840,u15,u15-laptop,adminportal.corp.local,4.53,https
2026-08-03 11:44:52.136906,u02,u02-laptop,github.corp.local,10.25,https
2026-08-03 11:47:56.952943,u09,u09-mobile,salesforce.corp.local,22.47,https
2026-08-03 11:49:13.215756,u05,u05-laptop,mail.corp.local,25.71,https
2026-08-03 11:49:46.047263,u15,u15-laptop,mail.corp.local,5.46,https
2026-08-03 11:52:25.759568,u06,u06-laptop,erp.corp.local,36.21,https
2026-08-03 11:52:41.313161,u02,u02-laptop,github.corp.local,12.83,https
2026-08-03 11:52:48.319851,u08,u08-laptop,workday.corp.local,4.51,https
2026-08-03 11:53:12.398428,u08,u08-laptop,workday.corp.local,3.62,https
2026-08-03 11:53:33.306518,u06,u06-laptop,sap.corp.local,56.56,https
2026-08-03 11:56:19.222182,u08,u08-laptop,mail.corp.local,17.25,https
2026-08-03 11:59:28.635255,u15,u15-laptop,adminportal.corp.local,6.05,https
2026-08-03 12:01:24.496272,u12,u12-laptop,jira.corp.local,11.5,https
2026-08-03 12:05:41.477293,u09,u09-mobile,mail.corp.local,19.24,https
2026-08-03 12:07:00.935099,u13,u13-mobile,mail.corp.local,12.88,https
2026-08-03 12:07:44.861335,u08,u08-laptop,mail.corp.local,6.57,https
2026-08-03 12:08:12.193823,u05,u05-laptop,mail.corp.local,13.47,https
2026-08-03 12:11:48.101505,u03,u03-laptop,mail.corp.local,22.22,https
2026-08-03 12:21:20.624649,u11,u11-laptop,sap.corp.local,16.55,https
2026-08-03 12:21:55.626210,u03,u03-laptop,mail.corp.local,30.41,https
2026-08-03 12:22:03.959104,u15,u15-laptop,adminportal.corp.local,6.32,https
2026-08-03 12:23:20.752943,u03,u03-laptop,workday.corp.local,26.76,https
2026-08-03 12:25:02.308595,u15,u15-laptop,adminportal.corp.local,3.65,https
2026-08-03 12:43:06.001605,u07,u07-laptop,jira.corp.local,6.71,https
2026-08-03 12:43:50.413760,u13,u13-mobile,mail.corp.local,17.47,https
2026-08-03 12:46:03.094929,u05,u05-laptop,adminportal.corp.local,80.5,https
2026-08-03 12:55:16.862044,u11,u11-laptop,erp.corp.local,18.69,https
2026-08-03 13:02:45.671080,u11,u11-laptop,mail.corp.local,11.38,https
2026-08-03 13:05:51.211405,u15,u15-laptop,mail.corp.local,5.82,https
2026-08-03 13:19:20.910829,u07,u07-laptop,mail.corp.local,5.09,https
2026-08-03 13:19:21.377133,u07,u07-laptop,jira.corp.local,5.81,https
2026-08-03 13:56:14.112689,u04,u04-laptop,mail.corp.local,46.74,https
2026-08-03 21:11:14.230613,u10,u10-laptop,adminportal.corp.local,13.38,https
2026-08-03 21:13:20.492126,u10,u10-laptop,adminportal.corp.local,10.59,https
2026-08-03 21:21:28.462680,u10,u10-laptop,adminportal.corp.local,8.98,https
2026-08-03 21:37:09.403686,u10,u10-laptop,mail.corp.local,11.34,https
2026-08-03 22:20:06.932773,u10,u10-laptop,adminportal.corp.local,10.99,https
2026-08-03 22:48:22.376786,u10,u10-laptop,mail.corp.local,14.89,https
2026-08-03 22:51:26.169854,u10,u10-laptop,adminportal.corp.local,16.74,https
2026-08-03 22:54:31.323666,u10,u10-laptop,mail.corp.local,11.17,https
2026-08-03 23:02:00.230150,u10,u10-laptop,adminportal.corp.local,19.24,https
2026-08-03 23:31:08.130741,u10,u10-laptop,adminportal.corp.local,22.41,https
2026-08-03 23:49:47.684164,u10,u10-laptop,mail.corp.local,9.67,https
2026-08-04 00:15:53.990402,u10,u10-laptop,mail.corp.local,26.52,https
2026-08-04 08:01:48.035662,u08,u08-laptop,mail.corp.local,9.24,https
2026-08-04 08:06:33.993569,u08,u08-laptop,workday.corp.local,12.0,https
2026-08-04 08:13:49.119679,u08,u08-laptop,mail.corp.local,9.08,https
2026-08-04 08:16:18.552508,u09,u09-mobile,salesforce.corp.local,83.02,https
2026-08-04 08:21:26.891263,u11,u11-laptop,sap.corp.local,20.95,https
2026-08-04 08:26:56.762628,u11,u11-laptop,erp.corp.local,13.11,https
2026-08-04 08:29:45.054588,u01,u01-laptop,sap.corp.local,57.32,https
2026-08-04 08:36:58.611092,u11,u11-laptop,erp.corp.local,11.41,https
2026-08-04 08:41:31.623919,u01,u01-laptop,sap.corp.local,45.49,https
2026-08-04 08:42:42.981623,u02,u02-laptop,github.corp.local,4.9,https
2026-08-04 08:43:41.005547,u08,u08-laptop,workday.corp.local,15.78,https
2026-08-04 08:58:43.741987,u08,u08-laptop,mail.corp.local,10.79,https
2026-08-04 09:01:49.060268,u02,u02-laptop,github.corp.local,7.4,https
2026-08-04 09:04:29.215123,u01,u01-laptop,mail.corp.local,48.16,https
2026-08-04 09:07:57.768040,u07,u07-laptop,jira.corp.local,24.05,https
2026-08-04 09:08:50.383145,u08,u08-laptop,workday.corp.local,19.28,https
2026-08-04 09:15:43.063964,u08,u08-laptop,workday.corp.local,25.17,https
2026-08-04 09:21:46.952813,u13,u13-laptop,mail.corp.local,12.68,https
2026-08-04 09:22:57.246232,u02,u02-laptop,mail.corp.local,4.75,https
2026-08-04 09:23:18.662723,u07,u07-laptop,jira.corp.local,11.82,https
2026-08-04 09:25:40.348034,u15,u15-laptop,adminportal.corp.local,16.15,https
2026-08-04 09:25:56.190802,u11,u11-laptop,sap.corp.local,23.52,https
2026-08-04 09:29:01.817962,u03,u03-laptop,mail.corp.local,58.6,https
2026-08-04 09:29:10.571980,u02,u02-laptop,github.corp.local,6.74,https
2026-08-04 09:37:50.900300,u13,u13-laptop,workday.corp.local,23.23,https
2026-08-04 09:41:11.728655,u06,u06-laptop,erp.corp.local,60.13,https
2026-08-04 09:42:49.470396,u11,u11-laptop,sap.corp.local,21.42,https
2026-08-04 09:42:57.261487,u01,u01-laptop,sap.corp.local,27.21,https
2026-08-04 09:52:13.013236,u07,u07-laptop,jira.corp.local,10.65,https
2026-08-04 10:02:18.471631,u13,u13-laptop,workday.corp.local,7.62,https
2026-08-04 10:06:21.789928,u06,u06-laptop,mail.corp.local,51.11,https
2026-08-04 10:06:27.082833,u13,u13-laptop,workday.corp.local,9.1,https
2026-08-04 10:06:42.676999,u13,u13-laptop,mail.corp.local,10.36,https
2026-08-04 10:23:05.621881,u13,u13-laptop,mail.corp.local,3.44,https
2026-08-04 10:24:05.524470,u15,u15-laptop,mail.corp.local,12.06,https
2026-08-04 10:25:18.306833,u15,u15-laptop,mail.corp.local,30.09,https
2026-08-04 10:27:50.727468,u11,u11-laptop,erp.corp.local,15.31,https
2026-08-04 10:28:55.741051,u08,u08-laptop,mail.corp.local,16.76,https
2026-08-04 10:30:09.175135,u03,u03-laptop,workday.corp.local,105.73,https
2026-08-04 10:34:39.844194,u11,u11-laptop,sap.corp.local,21.9,https
2026-08-04 10:35:28.543159,u15,u15-laptop,adminportal.corp.local,16.01,https
2026-08-04 10:35:52.182698,u02,u02-laptop,jira.corp.local,8.36,https
2026-08-04 10:37:40.973759,u12,u12-laptop,jira.corp.local,18.89,https
2026-08-04 10:38:26.849340,u03,u03-laptop,mail.corp.local,54.12,https
2026-08-04 10:38:40.636624,u03,u03-laptop,mail.corp.local,89.62,https
2026-08-04 10:40:00.694017,u08,u08-laptop,workday.corp.local,11.92,https
2026-08-04 10:45:28.870601,u02,u02-laptop,mail.corp.local,7.94,https
2026-08-04 10:45:38.593491,u15,u15-laptop,mail.corp.local,18.23,https
2026-08-04 10:46:29.375671,u08,u08-laptop,mail.corp.local,18.27,https
2026-08-04 10:49:48.607112,u12,u12-laptop,github.corp.local,9.9,https
2026-08-04 10:53:53.806417,u01,u01-laptop,sap.corp.local,28.16,https
2026-08-04 10:55:45.013784,u15,u15-laptop,mail.corp.local,27.63,https
2026-08-04 10:58:54.217798,u15,u15-laptop,adminportal.corp.local,21.24,https
2026-08-04 11:04:09.944342,u01,u01-laptop,sap.corp.local,23.01,https
2026-08-04 11:07:10.200145,u07,u07-laptop,mail.corp.local,7.64,https
2026-08-04 11:11:58.779241,u07,u07-laptop,mail.corp.local,12.32,https
2026-08-04 11:15:59.657697,u02,u02-laptop,github.corp.local,14.64,https
2026-08-04 11:16:57.643448,u07,u07-laptop,mail.corp.local,10.81,https
2026-08-04 11:20:15.627125,u08,u08-laptop,mail.corp.local,10.3,https
2026-08-04 11:21:33.194996,u04,u04-laptop,mail.corp.local,19.98,https
2026-08-04 11:22:02.083111,u08,u08-laptop,workday.corp.local,13.89,https
2026-08-04 11:26:42.810888,u11,u11-laptop,erp.corp.local,21.79,https
2026-08-04 11:28:02.548697,u15,u15-laptop,mail.corp.local,24.41,https
2026-08-04 11:31:33.188181,u11,u11-laptop,mail.corp.local,6.65,https
2026-08-04 11:34:59.945176,u02,u02-laptop,mail.corp.local,6.46,https
2026-08-04 11:35:02.241590,u13,u13-laptop,mail.corp.local,12.86,https
2026-08-04 11:36:55.890952,u14,u14-laptop,mail.corp.local,9.95,https
2026-08-04 11:39:55.619901,u11,u11-laptop,mail.corp.local,4.92,https
2026-08-04 11:43:19.180002,u08,u08-laptop,mail.corp.local,14.0,https
2026-08-04 11:50:38.584758,u07,u07-laptop,mail.corp.local,6.05,https
2026-08-04 11:51:57.492990,u13,u13-laptop,mail.corp.local,11.18,https
2026-08-04 11:53:09.958045,u07,u07-laptop,jira.corp.local,4.99,https
2026-08-04 11:55:05.121270,u14,u14-laptop,mail.corp.local,15.13,https
2026-08-04 11:57:31.994515,u14,u14-laptop,mail.corp.local,15.98,https
2026-08-04 12:02:35.912863,u07,u07-laptop,mail.corp.local,36.13,https
2026-08-04 12:05:40.537620,u13,u13-laptop,mail.corp.local,15.83,https
2026-08-04 12:08:06.791335,u09,u09-mobile,mail.corp.local,6.46,https
2026-08-04 12:08:43.675341,u13,u13-laptop,mail.corp.local,12.07,https
2026-08-04 12:09:35.309603,u11,u11-laptop,mail.corp.local,4.69,https
2026-08-04 12:13:51.740161,u09,u09-mobile,mail.corp.local,7.5,https
2026-08-04 12:15:22.219109,u07,u07-laptop,github.corp.local,9.13,https
2026-08-04 12:22:03.437741,u09,u09-mobile,salesforce.corp.local,8.77,https
2026-08-04 12:25:54.833204,u12,u12-laptop,mail.corp.local,8.75,https
2026-08-04 12:26:53.223461,u11,u11-laptop,sap.corp.local,5.0,https
2026-08-04 12:28:29.399039,u04,u04-laptop,mail.corp.local,29.15,https
2026-08-04 12:31:38.927476,u04,u04-laptop,salesforce.corp.local,11.25,https
2026-08-04 12:31:42.407915,u14,u14-laptop,salesforce.corp.local,20.43,https
2026-08-04 12:32:02.269388,u07,u07-laptop,github.corp.local,3.69,https
2026-08-04 12:41:05.282367,u13,u13-laptop,workday.corp.local,6.23,https
2026-08-04 12:46:05.415574,u11,u11-laptop,mail.corp.local,2.46,https
2026-08-04 12:47:45.119015,u13,u13-laptop,mail.corp.local,17.34,https
2026-08-04 12:56:56.830536,u04,u04-laptop,mail.corp.local,12.54,https
2026-08-04 13:01:56.352733,u12,u12-laptop,github.corp.local,11.91,https
2026-08-04 13:07:29.734526,u04,u04-laptop,mail.corp.local,8.22,https
2026-08-04 13:08:20.133436,u13,u13-laptop,workday.corp.local,9.21,https
2026-08-04 13:10:06.383804,u09,u09-mobile,mail.corp.local,23.39,https
2026-08-04 13:18:16.161637,u12,u12-laptop,github.corp.local,8.38,https
2026-08-04 13:21:42.696546,u12,u12-laptop,github.corp.local,7.57,https
2026-08-04 13:26:04.067120,u12,u12-laptop,mail.corp.local,4.9,https
2026-08-04 13:30:16.885281,u04,u04-laptop,mail.corp.local,3.17,https
2026-08-04 13:38:31.335876,u14,u14-laptop,salesforce.corp.local,46.34,https
2026-08-04 13:48:13.154866,u12,u12-laptop,jira.corp.local,5.93,https
2026-08-04 14:02:49.280042,u12,u12-laptop,mail.corp.local,6.9,https
2026-08-04 14:18:21.443787,u12,u12-laptop,mail.corp.local,8.71,https
2026-08-04 22:20:23.666280,u10,u10-laptop,adminportal.corp.local,15.82,https
2026-08-04 22:32:04.178514,u10,u10-laptop,mail.corp.local,11.14,https
2026-08-04 22:44:07.550808,u10,u10-laptop,adminportal.corp.local,28.37,https
2026-08-04 22:46:06.424986,u10,u10-laptop,mail.corp.local,15.66,https
2026-08-05 00:34:42.234885,u10,u10-laptop,adminportal.corp.local,39.54,https
2026-08-05 01:09:46.598453,u10,u10-laptop,adminportal.corp.local,25.73,https
2026-08-05 07:24:58.866812,u06,u06-laptop,sap.corp.local,43.7,https
2026-08-05 08:16:01.260704,u02,u02-laptop,mail.corp.local,15.59,https
2026-08-05 08:20:50.439871,u02,u02-laptop,mail.corp.local,12.16,https
2026-08-05 08:22:31.516381,u06,u06-laptop,mail.corp.local,96.39,https
2026-08-05 08:24:08.761464,u02,u02-laptop,mail.corp.local,6.77,https
2026-08-05 08:41:39.475603,u07,u07-laptop,github.corp.local,7.25,https
2026-08-05 08:42:35.654731,u07,u07-laptop,mail.corp.local,17.77,https
2026-08-05 08:44:15.770102,u03,u03-laptop,mail.corp.local,10.67,https
2026-08-05 08:48:11.891013,u13,u13-laptop,mail.corp.local,26.36,https
2026-08-05 08:49:38.623253,u03,u03-laptop,workday.corp.local,7.06,https
2026-08-05 08:53:17.971468,u04,u04-laptop,mail.corp.local,137.24,https
2026-08-05 08:57:20.583425,u02,u02-laptop,github.corp.local,11.33,https
2026-08-05 09:00:13.977873,u13,u13-laptop,mail.corp.local,1.52,https
2026-08-05 09:05:26.164407,u07,u07-laptop,github.corp.local,7.45,https
2026-08-05 09:12:57.585974,u15,u15-laptop,adminportal.corp.local,7.92,https
2026-08-05 09:16:05.406497,u07,u07-laptop,github.corp.local,7.79,https
2026-08-05 09:21:20.580769,u09,u09-laptop,salesforce.corp.local,15.78,https
2026-08-05 09:23:29.498893,u15,u15-laptop,mail.corp.local,8.32,https
2026-08-05 09:25:14.435338,u06,u06-laptop,erp.corp.local,7.14,https
2026-08-05 09:27:13.176414,u13,u13-laptop,mail.corp.local,3.8,https
2026-08-05 09:27:46.293095,u13,u13-laptop,workday.corp.local,5.0,https
2026-08-05 09:30:52.795306,u13,u13-laptop,mail.corp.local,2.77,https
2026-08-05 09:31:06.502574,u13,u13-laptop,workday.corp.local,1.9,https
2026-08-05 09:32:34.741474,u07,u07-laptop,mail.corp.local,7.48,https
2026-08-05 09:32:47.393340,u02,u02-laptop,mail.corp.local,15.02,https
2026-08-05 09:34:40.872257,u03,u03-laptop,mail.corp.local,14.88,https
2026-08-05 09:36:11.401293,u15,u15-laptop,mail.corp.local,6.58,https
2026-08-05 09:37:22.700162,u11,u11-laptop,mail.corp.local,37.67,https
2026-08-05 09:44:42.864652,u13,u13-laptop,mail.corp.local,3.37,https
2026-08-05 09:45:02.085734,u03,u03-laptop,workday.corp.local,8.67,https
2026-08-05 09:45:17.955480,u03,u03-laptop,workday.corp.local,7.04,https
2026-08-05 09:46:13.164866,u13,u13-laptop,mail.corp.local,3.03,https
2026-08-05 09:49:27.459332,u15,u15-laptop,mail.corp.local,17.24,https
2026-08-05 09:52:51.374963,u13,u13-laptop,mail.corp.local,1.82,https
2026-08-05 09:54:12.541961,u15,u15-laptop,mail.corp.local,23.3,https
2026-08-05 09:56:48.999147,u05,u05-mobile,mail.corp.local,20.82,https
2026-08-05 09:58:38.708476,u13,u13-laptop,workday.corp.local,2.08,https
2026-08-05 09:59:10.915852,u09,u09-laptop,salesforce.corp.local,11.06,https
2026-08-05 09:59:16.268128,u11,u11-laptop,erp.corp.local,58.16,https
2026-08-05 10:00:42.041465,u01,u01-laptop,erp.corp.local,69.92,https
2026-08-05 10:00:51.113423,u13,u13-laptop,workday.corp.local,2.82,https
2026-08-05 10:01:54.731679,u13,u13-laptop,mail.corp.local,4.18,https
2026-08-05 10:02:52.153855,u03,u03-laptop,mail.corp.local,43.72,https
2026-08-05 10:03:21.837615,u14,u14-laptop,salesforce.corp.local,43.66,https
2026-08-05 10:03:24.152455,u08,u08-laptop,workday.corp.local,17.6,https
2026-08-05 10:04:20.413210,u15,u15-laptop,mail.corp.local,14.11,https
2026-08-05 10:04:56.668566,u05,u05-mobile,adminportal.corp.local,12.0,https
2026-08-05 10:11:42.020817,u08,u08-laptop,mail.corp.local,21.97,https
2026-08-05 10:14:09.940127,u01,u01-laptop,sap.corp.local,68.03,https
2026-08-05 10:15:16.032038,u07,u07-laptop,github.corp.local,10.0,https
2026-08-05 10:15:31.621118,u05,u05-mobile,mail.corp.local,25.9,https
2026-08-05 10:17:53.970303,u07,u07-laptop,mail.corp.local,16.59,https
2026-08-05 10:18:26.506776,u13,u13-laptop,workday.corp.local,10.59,https
2026-08-05 10:20:28.158213,u09,u09-laptop,salesforce.corp.local,4.03,https
2026-08-05 10:21:27.035370,u15,u15-laptop,mail.corp.local,4.73,https
2026-08-05 10:21:30.209221,u13,u13-laptop,workday.corp.local,2.56,https
2026-08-05 10:22:14.120923,u08,u08-laptop,mail.corp.local,19.67,https
2026-08-05 10:23:28.441568,u13,u13-laptop,workday.corp.local,3.59,https
2026-08-05 10:24:21.484154,u09,u09-laptop,mail.corp.local,7.09,https
2026-08-05 10:24:46.969450,u05,u05-mobile,mail.corp.local,4.79,https
2026-08-05 10:27:00.473958,u08,u08-laptop,workday.corp.local,12.25,https
2026-08-05 10:28:02.620022,u13,u13-laptop,mail.corp.local,5.37,https
2026-08-05 10:28:32.251973,u06,u06-laptop,sap.corp.local,8.4,https
2026-08-05 10:29:04.697728,u08,u08-laptop,mail.corp.local,17.72,https
2026-08-05 10:29:37.434656,u08,u08-laptop,mail.corp.local,14.57,https
2026-08-05 10:30:51.367671,u07,u07-laptop,mail.corp.local,8.66,https
2026-08-05 10:32:33.379393,u09,u09-laptop,salesforce.corp.local,4.54,https
2026-08-05 10:35:34.080673,u08,u08-laptop,mail.corp.local,15.35,https
2026-08-05 10:40:52.604881,u04,u04-laptop,mail.corp.local,8.21,https
2026-08-05 10:41:00.731624,u08,u08-laptop,workday.corp.local,19.92,https
2026-08-05 10:43:20.322130,u09,u09-laptop,salesforce.corp.local,4.99,https
2026-08-05 10:43:46.264921,u05,u05-mobile,mail.corp.local,4.29,https
2026-08-05 10:45:29.659433,u05,u05-mobile,adminportal.corp.local,8.74,https
2026-08-05 10:48:29.849808,u12,u12-laptop,github.corp.local,28.98,https
2026-08-05 10:48:34.005529,u04,u04-laptop,mail.corp.local,5.02,https
2026-08-05 10:50:54.943875,u11,u11-laptop,sap.corp.local,129.49,https
2026-08-05 10:51:04.444916,u13,u13-laptop,workday.corp.local,5.14,https
2026-08-05 10:51:36.761592,u13,u13-laptop,workday.corp.local,2.59,https
2026-08-05 10:52:08.428151,u13,u13-laptop,mail.corp.local,5.86,https
2026-08-05 10:53:00.934563,u04,u04-laptop,mail.corp.local,6.59,https
2026-08-05 10:53:09.919894,u12,u12-laptop,jira.corp.local,26.79,https
2026-08-05 10:55:45.633941,u13,u13-laptop,workday.corp.local,2.51,https
2026-08-05 10:55:48.315911,u03,u03-laptop,workday.corp.local,8.38,https
2026-08-05 10:56:15.849797,u13,u13-laptop,mail.corp.local,3.87,https
2026-08-05 10:57:42.191658,u09,u09-laptop,salesforce.corp.local,4.14,https
2026-08-05 10:57:55.637892,u13,u13-laptop,mail.corp.local,6.58,https
2026-08-05 10:58:27.147816,u09,u09-laptop,mail.corp.local,3.26,https
2026-08-05 10:58:39.834806,u09,u09-laptop,salesforce.corp.local,1.91,https
2026-08-05 11:00:54.996651,u08,u08-laptop,workday.corp.local,17.95,https
2026-08-05 11:03:07.575244,u08,u08-laptop,mail.corp.local,33.58,https
2026-08-05 11:03:48.488149,u13,u13-laptop,workday.corp.local,5.35,https
2026-08-05 11:03:53.735655,u13,u13-laptop,workday.corp.local,5.73,https
2026-08-05 11:04:28.646456,u04,u04-laptop,mail.corp.local,6.11,https
2026-08-05 11:06:22.388661,u07,u07-laptop,github.corp.local,8.29,https
2026-08-05 11:07:30.974453,u07,u07-laptop,mail.corp.local,13.34,https
2026-08-05 11:07:33.167439,u13,u13-laptop,workday.corp.local,32.9,https
2026-08-05 11:09:38.466470,u04,u04-laptop,mail.corp.local,8.61,https
2026-08-05 11:10:29.381221,u03,u03-laptop,workday.corp.local,15.06,https
2026-08-05 11:11:40.922420,u09,u09-laptop,salesforce.corp.local,3.25,https
2026-08-05 11:24:36.452382,u07,u07-laptop,jira.corp.local,8.48,https
2026-08-05 11:26:26.846524,u04,u04-laptop,mail.corp.local,8.25,https
2026-08-05 11:28:25.719319,u08,u08-laptop,mail.corp.local,3.12,https
2026-08-05 11:28:26.127293,u13,u13-laptop,mail.corp.local,8.66,https
2026-08-05 11:28:50.463638,u09,u09-laptop,salesforce.corp.local,4.58,https
2026-08-05 11:30:38.117599,u13,u13-laptop,workday.corp.local,8.49,https
2026-08-05 11:31:49.723738,u12,u12-laptop,github.corp.local,25.07,https
2026-08-05 11:33:11.609077,u12,u12-laptop,mail.corp.local,34.23,https
2026-08-05 11:33:13.484154,u03,u03-laptop,workday.corp.local,9.21,https
2026-08-05 11:34:41.315776,u05,u05-mobile,adminportal.corp.local,44.28,https
2026-08-05 11:37:11.249815,u11,u11-laptop,erp.corp.local,92.35,https
2026-08-05 11:41:05.571778,u12,u12-laptop,mail.corp.local,16.81,https
2026-08-05 11:50:08.822686,u13,u13-laptop,mail.corp.local,1.5,https
2026-08-05 11:57:13.144692,u04,u04-laptop,mail.corp.local,7.85,https
2026-08-05 11:58:55.298503,u05,u05-mobile,mail.corp.local,25.94,https
2026-08-05 12:00:12.744222,u12,u12-laptop,mail.corp.local,19.07,https
2026-08-05 12:01:11.425395,u13,u13-laptop,mail.corp.local,4.0,https
2026-08-05 12:04:49.826296,u13,u13-laptop,workday.corp.local,6.81,https
2026-08-05 12:05:07.092087,u09,u09-laptop,mail.corp.local,16.93,https
2026-08-05 12:05:18.318741,u03,u03-laptop,workday.corp.local,14.05,https
2026-08-05 12:09:38.531369,u08,u08-laptop,mail.corp.local,5.52,https
2026-08-05 12:10:38.039113,u08,u08-laptop,mail.corp.local,5.38,https
2026-08-05 12:18:15.545227,u08,u08-laptop,mail.corp.local,42.52,https
2026-08-05 12:20:45.131328,u14,u14-laptop,salesforce.corp.local,14.04,https
2026-08-05 12:28:40.653317,u08,u08-laptop,mail.corp.local,5.33,https
2026-08-05 12:29:43.623755,u08,u08-laptop,workday.corp.local,4.97,https
2026-08-05 12:37:08.380408,u03,u03-laptop,workday.corp.local,15.58,https
2026-08-05 12:38:25.694709,u09,u09-laptop,salesforce.corp.local,10.67,https
2026-08-05 12:41:50.045099,u14,u14-laptop,salesforce.corp.local,11.15,https
2026-08-05 12:42:58.372871,u02,u02-laptop,mail.corp.local,10.97,https
2026-08-05 12:47:55.479344,u03,u03-laptop,mail.corp.local,19.19,https
2026-08-05 12:55:05.420564,u02,u02-laptop,github.corp.local,7.27,https
2026-08-05 12:56:29.653778,u02,u02-laptop,mail.corp.local,6.25,https
2026-08-05 12:57:24.834076,u02,u02-laptop,jira.corp.local,4.91,https
2026-08-05 13:05:40.189699,u09,u09-laptop,salesforce.corp.local,10.33,https
2026-08-05 13:05:54.787139,u03,u03-laptop,mail.corp.local,13.86,https
2026-08-05 13:14:10.458228,u02,u02-laptop,mail.corp.local,11.81,https
2026-08-05 13:17:42.430905,u02,u02-laptop,jira.corp.local,9.35,https
2026-08-05 13:25:08.801367,u14,u14-laptop,mail.corp.local,16.97,https
2026-08-05 13:31:39.661687,u14,u14-laptop,salesforce.corp.local,18.75,https
2026-08-05 13:44:52.236475,u05,u05-mobile,adminportal.corp.local,31.18,https
2026-08-05 13:54:55.258555,u05,u05-mobile,adminportal.corp.local,93.77,https
2026-08-05 14:04:18.300375,u07,u07-laptop,jira.corp.local,6.45,https
2026-08-05 14:09:01.097712,u07,u07-laptop,mail.corp.local,4.36,https
2026-08-05 14:12:02.394846,u07,u07-laptop,mail.corp.local,5.74,https
2026-08-05 21:53:49.046889,u10,u10-laptop,adminportal.corp.local,103.17,https
2026-08-05 21:53:49.052383,u10,u10-laptop,adminportal.corp.local,75.72,https
2026-08-05 22:05:14.435813,u10,u10-laptop,mail.corp.local,74.88,https
2026-08-06 08:08:14.717354,u06,u06-laptop,sap.corp.local,51.18,https
2026-08-06 08:55:01.702195,u09,u09-laptop,mail.corp.local,6.17,https
2026-08-06 08:57:58.506934,u13,u13-laptop,mail.corp.local,9.41,https
2026-08-06 09:00:18.730698,u06,u06-laptop,sap.corp.local,60.33,https
2026-08-06 09:03:55.932338,u01,u01-laptop,mail.corp.local,16.68,https
2026-08-06 09:05:35.110006,u09,u09-laptop,salesforce.corp.local,20.43,https
2026-08-06 09:15:18.083241,u08,u08-laptop,mail.corp.local,12.29,https
2026-08-06 09:16:53.271696,u08,u08-laptop,mail.corp.local,13.73,https
2026-08-06 09:18:44.100834,u13,u13-laptop,workday.corp.local,19.23,https
2026-08-06 09:23:39.489474,u13,u13-laptop,mail.corp.local,10.79,https
2026-08-06 09:40:52.159232,u08,u08-laptop,mail.corp.local,14.39,https
2026-08-06 09:42:05.625400,u13,u13-laptop,mail.corp.local,1.66,https
2026-08-06 09:42:27.560143,u01,u01-laptop,erp.corp.local,25.72,https
2026-08-06 09:44:39.843587,u13,u13-laptop,mail.corp.local,4.44,https
2026-08-06 09:50:17.733745,u08,u08-laptop,workday.corp.local,10.51,https
2026-08-06 09:52:04.930004,u08,u08-laptop,workday.corp.local,7.36,https
2026-08-06 09:53:38.458794,u14,u14-laptop,mail.corp.local,33.88,https
2026-08-06 09:55:30.759450,u09,u09-laptop,salesforce.corp.local,12.86,https
2026-08-06 10:01:58.834600,u13,u13-laptop,workday.corp.local,18.57,https
2026-08-06 10:03:31.462312,u15,u15-laptop,mail.corp.local,7.04,https
2026-08-06 10:04:11.484182,u13,u13-laptop,workday.corp.local,3.13,https
2026-08-06 10:07:06.340131,u07,u07-laptop,mail.corp.local,16.56,https
2026-08-06 10:07:07.244288,u13,u13-laptop,workday.corp.local,8.03,https
2026-08-06 10:09:35.190605,u13,u13-laptop,workday.corp.local,3.31,https
2026-08-06 10:14:58.909906,u13,u13-laptop,workday.corp.local,2.1,https
2026-08-06 10:17:03.552602,u13,u13-laptop,mail.corp.local,2.59,https
2026-08-06 10:17:17.425116,u03,u03-laptop,workday.corp.local,7.05,https
2026-08-06 10:17:22.027967,u14,u14-laptop,mail.corp.local,138.9,https
2026-08-06 10:19:07.579880,u13,u13-laptop,workday.corp.local,4.31,https
2026-08-06 10:21:24.987688,u15,u15-laptop,adminportal.corp.local,11.11,https
2026-08-06 10:25:03.004963,u15,u15-laptop,adminportal.corp.local,192.09,https
2026-08-06 10:26:22.268741,u12,u12-laptop,github.corp.local,9.43,https
2026-08-06 10:36:45.914802,u13,u13-laptop,mail.corp.local,5.98,https
2026-08-06 10:40:04.175309,u15,u15-laptop,mail.corp.local,7.47,https
2026-08-06 10:42:36.004561,u13,u13-laptop,mail.corp.local,7.24,https
2026-08-06 10:45:41.917860,u13,u13-laptop,workday.corp.local,2.98,https
2026-08-06 10:49:05.247383,u07,u07-laptop,mail.corp.local,19.62,https
2026-08-06 10:51:24.658725,u13,u13-laptop,mail.corp.local,3.38,https
2026-08-06 10:56:02.190330,u03,u03-laptop,mail.corp.local,16.38,https
2026-08-06 10:57:17.251484,u14,u14-laptop,salesforce.corp.local,32.62,https
2026-08-06 10:59:06.516641,u12,u12-laptop,jira.corp.local,8.07,https
2026-08-06 11:00:00.877679,u13,u13-laptop,workday.corp.local,1.92,https
2026-08-06 11:01:55.819816,u03,u03-laptop,workday.corp.local,7.13,https
2026-08-06 11:02:10.957392,u13,u13-laptop,workday.corp.local,5.71,https
2026-08-06 11:03:02.623794,u12,u12-laptop,github.corp.local,14.22,https
2026-08-06 11:05:51.442872,u05,u05-mobile,adminportal.corp.local,16.34,https
2026-08-06 11:06:26.243711,u12,u12-laptop,github.corp.local,20.69,https
2026-08-06 11:08:50.297424,u13,u13-laptop,mail.corp.local,3.19,https
2026-08-06 11:08:52.506990,u13,u13-laptop,workday.corp.local,2.24,https
2026-08-06 11:08:56.698456,u12,u12-laptop,jira.corp.local,10.82,https
2026-08-06 11:11:08.711473,u13,u13-laptop,mail.corp.local,2.05,https
2026-08-06 11:11:12.321076,u15,u15-laptop,mail.corp.local,9.69,https
2026-08-06 11:12:05.896526,u12,u12-laptop,jira.corp.local,3.86,https
2026-08-06 11:14:26.840800,u13,u13-laptop,mail.corp.local,5.41,https
2026-08-06 11:14:53.338767,u12,u12-laptop,github.corp.local,17.18,https
2026-08-06 11:16:39.023837,u01,u01-laptop,mail.corp.local,50.39,https
2026-08-06 11:16:46.131159,u05,u05-mobile,adminportal.corp.local,114.01,https
2026-08-06 11:18:10.202701,u03,u03-laptop,workday.corp.local,4.38,https
2026-08-06 11:18:13.827805,u09,u09-laptop,mail.corp.local,13.97,https
2026-08-06 11:19:33.427392,u03,u03-laptop,workday.corp.local,2.58,https
2026-08-06 11:23:36.274304,u07,u07-laptop,jira.corp.local,17.8,https
2026-08-06 11:31:47.622872,u03,u03-laptop,workday.corp.local,7.83,https
2026-08-06 11:32:53.839841,u03,u03-laptop,mail.corp.local,6.13,https
2026-08-06 11:33:45.093887,u04,u04-laptop,salesforce.corp.local,22.53,https
2026-08-06 11:35:57.145225,u03,u03-laptop,workday.corp.local,7.81,https
2026-08-06 11:37:04.656320,u12,u12-laptop,github.corp.local,9.21,https
2026-08-06 11:37:40.341654,u03,u03-laptop,mail.corp.local,14.62,https
2026-08-06 11:39:12.013510,u05,u05-mobile,adminportal.corp.local,31.53,https
2026-08-06 11:43:05.943993,u04,u04-laptop,salesforce.corp.local,17.12,https
2026-08-06 11:44:11.606897,u03,u03-laptop,mail.corp.local,165.06,https
2026-08-06 11:49:30.487342,u03,u03-laptop,workday.corp.local,12.0,https
2026-08-06 12:10:36.932020,u04,u04-laptop,salesforce.corp.local,27.64,https
2026-08-06 12:11:58.841665,u01,u01-laptop,erp.corp.local,64.33,https
2026-08-06 12:19:03.335738,u13,u13-laptop,workday.corp.local,2.14,https
2026-08-06 12:21:19.087902,u13,u13-laptop,workday.corp.local,9.85,https
2026-08-06 12:26:36.529375,u13,u13-laptop,workday.corp.local,5.52,https
2026-08-06 12:31:38.996615,u04,u04-laptop,mail.corp.local,17.94,https
2026-08-06 12:34:35.613444,u09,u09-laptop,mail.corp.local,2.94,https
2026-08-06 12:56:01.016493,u08,u08-laptop,workday.corp.local,18.85,https
2026-08-06 13:31:42.169780,u08,u08-laptop,workday.corp.local,32.47,https
2026-08-06 14:08:51.750527,u08,u08-laptop,workday.corp.local,12.98,https
2026-08-06 15:57:03.359752,u02,u02-laptop,jira.corp.local,125.77,https
2026-08-06 23:08:45.612327,u10,u10-laptop,mail.corp.local,36.17,https
2026-08-06 23:43:50.703365,u10,u10-laptop,mail.corp.local,77.54,https
2026-08-06 23:54:10.619625,u10,u10-laptop,mail.corp.local,37.4,https
2026-08-07 07:00:42.308283,u06,u06-laptop,erp.corp.local,5.97,https
2026-08-07 07:08:20.516885,u06,u06-laptop,mail.corp.local,8.65,https
2026-08-07 07:11:54.809668,u02,u02-laptop,jira.corp.local,1.8,https
2026-08-07 07:13:52.874061,u06,u06-laptop,mail.corp.local,9.63,https
2026-08-07 07:19:46.948116,u02,u02-laptop,mail.corp.local,1.51,https
2026-08-07 07:33:23.898771,u02,u02-laptop,mail.corp.local,1.53,https
2026-08-07 07:34:03.700171,u15,u15-laptop,mail.corp.local,20.56,https
2026-08-07 07:41:50.070538,u15,u15-laptop,adminportal.corp.local,8.44,https
2026-08-07 07:55:53.749558,u11,u11-laptop,mail.corp.local,10.91,https
2026-08-07 08:16:23.872898,u15,u15-laptop,adminportal.corp.local,41.34,https
2026-08-07 08:21:13.937743,u02,u02-laptop,github.corp.local,8.61,https
2026-08-07 08:22:13.806331,u11,u11-laptop,mail.corp.local,20.91,https
2026-08-07 08:24:49.479405,u13,u13-laptop,workday.corp.local,4.06,https
2026-08-07 08:32:25.756020,u15,u15-laptop,adminportal.corp.local,18.21,https
2026-08-07 08:40:07.540093,u15,u15-laptop,adminportal.corp.local,27.59,https
2026-08-07 08:43:20.205869,u13,u13-laptop,workday.corp.local,5.17,https
2026-08-07 08:43:39.667945,u07,u07-laptop,jira.corp.local,23.34,https
2026-08-07 08:45:33.720161,u08,u08-laptop,workday.corp.local,4.62,https
2026-08-07 08:45:41.809164,u13,u13-laptop,mail.corp.local,2.24,https
2026-08-07 08:46:06.844639,u03,u03-laptop,workday.corp.local,21.08,https
2026-08-07 08:55:13.006585,u07,u07-laptop,mail.corp.local,32.2,https
2026-08-07 08:57:30.102555,u13,u13-laptop,mail.corp.local,4.03,https
2026-08-07 09:04:29.376323,u13,u13-laptop,workday.corp.local,9.76,https
2026-08-07 09:09:17.208222,u11,u11-laptop,sap.corp.local,26.36,https
2026-08-07 09:11:16.512470,u13,u13-laptop,mail.corp.local,19.95,https
2026-08-07 09:13:19.628388,u03,u03-laptop,workday.corp.local,11.26,https
2026-08-07 09:14:16.461486,u07,u07-laptop,github.corp.local,36.46,https
2026-08-07 09:21:00.018364,u02,u02-laptop,jira.corp.local,4.29,https
2026-08-07 09:21:43.687179,u15,u15-laptop,adminportal.corp.local,9.45,https
2026-08-07 09:24:19.761571,u13,u13-laptop,workday.corp.local,4.42,https
2026-08-07 09:29:37.096122,u02,u02-laptop,github.corp.local,6.52,https
2026-08-07 09:29:49.718864,u02,u02-laptop,mail.corp.local,10.4,https
2026-08-07 09:33:17.105734,u03,u03-laptop,mail.corp.local,22.14,https
2026-08-07 09:38:13.910799,u03,u03-laptop,workday.corp.local,15.85,https
2026-08-07 09:38:23.913732,u11,u11-laptop,sap.corp.local,44.63,https
2026-08-07 09:41:35.793252,u05,u05-mobile,adminportal.corp.local,4.66,https
2026-08-07 09:42:33.738962,u09,u09-mobile,salesforce.corp.local,5.12,https
2026-08-07 09:42:33.865460,u11,u11-laptop,mail.corp.local,40.24,https
2026-08-07 09:43:00.587217,u05,u05-mobile,mail.corp.local,5.45,https
2026-08-07 09:48:24.612763,u13,u13-laptop,workday.corp.local,5.18,https
2026-08-07 09:49:25.829016,u08,u08-laptop,mail.corp.local,5.0,https
2026-08-07 09:49:48.547137,u13,u13-laptop,workday.corp.local,3.31,https
2026-08-07 09:50:00.332311,u15,u15-laptop,adminportal.corp.local,21.68,https
2026-08-07 09:54:07.871566,u08,u08-laptop,workday.corp.local,33.57,https
2026-08-07 09:54:09.230085,u09,u09-mobile,mail.corp.local,1.79,https
2026-08-07 09:56:22.603318,u09,u09-mobile,mail.corp.local,5.59,https
2026-08-07 09:56:52.118506,u08,u08-laptop,workday.corp.local,5.07,https
2026-08-07 09:57:12.154590,u06,u06-laptop,erp.corp.local,19.07,https
2026-08-07 09:59:24.995188,u06,u06-laptop,mail.corp.local,44.86,https
2026-08-07 10:06:02.260508,u02,u02-laptop,mail.corp.local,10.26,https
2026-08-07 10:06:19.444009,u05,u05-mobile,adminportal.corp.local,42.75,https
2026-08-07 10:09:18.474252,u03,u03-laptop,workday.corp.local,17.83,https
2026-08-07 10:12:44.041807,u05,u05-mobile,adminportal.corp.local,1.61,https
2026-08-07 10:13:28.748137,u12,u12-laptop,github.corp.local,7.61,https
2026-08-07 10:13:52.520868,u12,u12-laptop,mail.corp.local,3.67,https
2026-08-07 10:15:57.840269,u15,u15-laptop,mail.corp.local,14.11,https
2026-08-07 10:16:37.258986,u08,u08-laptop,mail.corp.local,17.08,https
2026-08-07 10:16:56.442568,u05,u05-mobile,adminportal.corp.local,22.99,https
2026-08-07 10:17:20.902841,u06,u06-laptop,sap.corp.local,9.78,https
2026-08-07 10:18:25.023897,u03,u03-laptop,workday.corp.local,11.85,https
2026-08-07 10:18:26.870443,u05,u05-mobile,mail.corp.local,4.24,https
2026-08-07 10:19:21.448640,u06,u06-laptop,erp.corp.local,18.32,https
2026-08-07 10:20:27.312903,u12,u12-laptop,mail.corp.local,6.87,https
2026-08-07 10:25:00.297537,u02,u02-laptop,jira.corp.local,4.67,https
2026-08-07 10:26:01.841137,u06,u06-laptop,mail.corp.local,7.04,https
2026-08-07 10:28:16.753092,u12,u12-laptop,mail.corp.local,3.02,https
2026-08-07 10:28:24.877746,u05,u05-mobile,mail.corp.local,1.87,https
2026-08-07 10:28:50.343438,u08,u08-laptop,workday.corp.local,15.02,https
2026-08-07 10:32:42.381578,u05,u05-mobile,mail.corp.local,5.1,https
2026-08-07 10:34:50.613835,u09,u09-mobile,mail.corp.local,5.3,https
2026-08-07 10:37:23.034422,u05,u05-mobile,mail.corp.local,6.03,https
2026-08-07 10:37:27.540287,u03,u03-laptop,workday.corp.local,13.67,https
2026-08-07 10:37:27.613366,u11,u11-laptop,sap.corp.local,20.92,https
2026-08-07 10:39:15.409517,u13,u13-laptop,mail.corp.local,12.41,https
2026-08-07 10:44:53.757434,u08,u08-laptop,workday.corp.local,15.7,https
2026-08-07 10:45:02.255116,u02,u02-laptop,jira.corp.local,8.82,https
2026-08-07 10:46:11.271512,u12,u12-laptop,mail.corp.local,6.01,https
2026-08-07 10:46:37.674859,u11,u11-laptop,sap.corp.local,2.89,https
2026-08-07 10:47:04.035161,u02,u02-laptop,jira.corp.local,2.77,https
2026-08-07 10:47:21.636428,u12,u12-laptop,jira.corp.local,8.28,https
2026-08-07 10:47:30.054444,u08,u08-laptop,mail.corp.local,14.0,https
2026-08-07 10:47:35.046027,u01,u01-laptop,mail.corp.local,35.32,https
2026-08-07 10:52:02.945586,u13,u13-laptop,mail.corp.local,7.46,https
2026-08-07 10:53:40.238034,u05,u05-mobile,mail.corp.local,7.69,https
2026-08-07 10:57:58.273659,u02,u02-laptop,jira.corp.local,2.27,https
2026-08-07 10:58:45.933118,u09,u09-mobile,salesforce.corp.local,19.31,https
2026-08-07 11:00:08.338662,u02,u02-laptop,mail.corp.local,3.39,https
2026-08-07 11:00:23.773887,u08,u08-laptop,workday.corp.local,5.02,https
2026-08-07 11:00:26.700100,u08,u08-laptop,workday.corp.local,18.7,https
2026-08-07 11:02:00.740008,u08,u08-laptop,mail.corp.local,12.99,https
2026-08-07 11:02:04.559914,u08,u08-laptop,workday.corp.local,4.54,https
2026-08-07 11:02:28.214385,u01,u01-laptop,sap.corp.local,41.49,https
2026-08-07 11:03:14.155265,u11,u11-laptop,erp.corp.local,17.32,https
2026-08-07 11:04:44.676255,u02,u02-laptop,mail.corp.local,1.15,https
2026-08-07 11:05:26.929650,u11,u11-laptop,erp.corp.local,4.06,https
2026-08-07 11:05:49.023589,u06,u06-laptop,erp.corp.local,17.36,https
2026-08-07 11:07:13.221832,u13,u13-laptop,mail.corp.local,11.06,https
2026-08-07 11:11:07.325525,u06,u06-laptop,sap.corp.local,4.12,https
2026-08-07 11:11:11.598721,u08,u08-laptop,mail.corp.local,6.41,https
2026-08-07 11:11:14.793479,u08,u08-laptop,mail.corp.local,3.22,https
2026-08-07 11:12:36.255610,u08,u08-laptop,workday.corp.local,3.86,https
2026-08-07 11:18:44.123113,u12,u12-laptop,mail.corp.local,5.89,https
2026-08-07 11:20:36.832984,u08,u08-laptop,workday.corp.local,15.23,https
2026-08-07 11:21:25.490080,u06,u06-laptop,erp.corp.local,4.95,https
2026-08-07 11:24:09.898328,u02,u02-laptop,mail.corp.local,4.57,https
2026-08-07 11:24:17.673133,u13,u13-laptop,mail.corp.local,7.74,https
2026-08-07 11:27:04.494319,u13,u13-laptop,mail.corp.local,10.51,https
2026-08-07 11:27:07.661273,u13,u13-laptop,mail.corp.local,65.53,https
2026-08-07 11:32:25.367732,u06,u06-laptop,mail.corp.local,3.37,https
2026-08-07 11:33:13.281861,u11,u11-laptop,mail.corp.local,7.06,https
2026-08-07 11:34:06.678573,u01,u01-laptop,erp.corp.local,44.59,https
2026-08-07 11:34:39.883286,u11,u11-laptop,sap.corp.local,7.15,https
2026-08-07 11:36:07.130939,u12,u12-laptop,github.corp.local,4.8,https
2026-08-07 11:37:50.186121,u13,u13-laptop,workday.corp.local,10.46,https
2026-08-07 11:39:18.725401,u06,u06-laptop,sap.corp.local,5.19,https
2026-08-07 11:40:06.067557,u11,u11-laptop,erp.corp.local,7.17,https
2026-08-07 11:40:14.805655,u09,u09-mobile,mail.corp.local,14.11,https
2026-08-07 11:41:23.623995,u01,u01-laptop,sap.corp.local,40.94,https
2026-08-07 11:41:46.505955,u12,u12-laptop,mail.corp.local,5.32,https
2026-08-07 11:44:43.637563,u11,u11-laptop,sap.corp.local,10.03,https
2026-08-07 11:52:20.170175,u03,u03-laptop,mail.corp.local,15.34,https
2026-08-07 11:53:58.807837,u12,u12-laptop,jira.corp.local,4.62,https
2026-08-07 11:56:19.916229,u01,u01-laptop,mail.corp.local,30.62,https
2026-08-07 11:59:20.141350,u03,u03-laptop,mail.corp.local,14.75,https
2026-08-07 12:03:41.573106,u09,u09-mobile,salesforce.corp.local,9.1,https
2026-08-07 12:05:40.340013,u02,u02-laptop,jira.corp.local,9.81,https
2026-08-07 12:09:08.469334,u11,u11-laptop,sap.corp.local,3.33,https
2026-08-07 12:11:08.237328,u12,u12-laptop,mail.corp.local,5.67,https
2026-08-07 12:11:27.720439,u04,u04-laptop,mail.corp.local,13.49,https
2026-08-07 12:11:30.558637,u09,u09-mobile,salesforce.corp.local,14.34,https
2026-08-07 12:15:46.328510,u12,u12-laptop,github.corp.local,3.31,https
2026-08-07 12:21:36.948121,u14,u14-laptop,mail.corp.local,36.7,https
2026-08-07 12:22:07.641702,u03,u03-laptop,workday.corp.local,14.98,https
2026-08-07 12:25:06.493363,u12,u12-laptop,jira.corp.local,13.54,https
2026-08-07 12:26:13.592371,u13,u13-laptop,workday.corp.local,7.49,https
2026-08-07 12:29:13.376594,u12,u12-laptop,github.corp.local,3.22,https
2026-08-07 12:29:22.734199,u12,u12-laptop,github.corp.local,2.25,https
2026-08-07 12:33:05.627883,u01,u01-laptop,sap.corp.local,85.87,https
2026-08-07 12:35:44.635696,u09,u09-mobile,salesforce.corp.local,17.42,https
2026-08-07 12:37:12.835004,u12,u12-laptop,github.corp.local,7.93,https
2026-08-07 12:38:45.686338,u04,u04-laptop,mail.corp.local,15.88,https
2026-08-07 12:38:50.311645,u04,u04-laptop,salesforce.corp.local,20.82,https
2026-08-07 12:41:25.655875,u12,u12-laptop,github.corp.local,5.19,https
2026-08-07 12:44:46.055721,u12,u12-laptop,github.corp.local,5.83,https
2026-08-07 12:47:34.881320,u05,u05-mobile,adminportal.corp.local,14.15,https
2026-08-07 12:48:57.238785,u12,u12-laptop,github.corp.local,3.48,https
2026-08-07 12:54:28.518104,u05,u05-mobile,mail.corp.local,11.78,https
2026-08-07 12:54:51.535943,u08,u08-laptop,mail.corp.local,50.58,https
2026-08-07 12:56:25.200207,u04,u04-laptop,salesforce.corp.local,14.52,https
2026-08-07 13:00:11.704769,u02,u02-laptop,mail.corp.local,15.73,https
2026-08-07 13:21:12.373759,u02,u02-laptop,jira.corp.local,17.84,https
2026-08-07 14:07:46.604809,u14,u14-laptop,salesforce.corp.local,40.08,https
2026-08-07 14:12:11.822024,u05,u05-mobile,mail.corp.local,7.48,https
2026-08-07 14:23:56.815891,u14,u14-laptop,salesforce.corp.local,67.82,https
2026-08-07 14:35:57.532396,u05,u05-mobile,mail.corp.local,45.17,https
2026-08-07 14:42:21.727978,u14,u14-laptop,salesforce.corp.local,49.56,https
2026-08-07 14:44:56.583230,u05,u05-mobile,adminportal.corp.local,35.18,https
2026-08-07 15:08:13.082528,u14,u14-laptop,mail.corp.local,31.71,https
2026-08-07 23:45:19.728871,u10,u10-laptop,adminportal.corp.local,328.5,https
2026-08-08 08:30:49.703292,u13,u13-mobile,mail.corp.local,22.54,https
2026-08-08 09:09:19.570229,u13,u13-mobile,workday.corp.local,53.19,https
2026-08-08 09:15:18.143870,u13,u13-mobile,workday.corp.local,50.31,https
2026-08-08 09:37:11.446317,u13,u13-mobile,workday.corp.local,38.89,https
2026-08-08 10:27:51.923978,u09,u09-laptop,salesforce.corp.local,67.0,https
2026-08-08 11:05:48.629922,u07,u07-laptop,github.corp.local,53.31,https
2026-08-08 11:09:54.994556,u09,u09-laptop,mail.corp.local,66.5,https
2026-08-08 11:12:16.012727,u11,u11-laptop,erp.corp.local,74.95,https
2026-08-08 11:30:15.036381,u07,u07-laptop,jira.corp.local,43.47,https
2026-08-08 11:31:45.532937,u11,u11-laptop,erp.corp.local,46.3,https
2026-08-08 13:23:35.201380,u04,u04-laptop,salesforce.corp.local,52.59,https
2026-08-09 08:11:07.977916,u08,u08-laptop,workday.corp.local,1.25,https
2026-08-09 08:17:39.261531,u08,u08-laptop,workday.corp.local,2.4,https
2026-08-09 08:43:24.749479,u08,u08-laptop,mail.corp.local,2.18,https
2026-08-09 08:49:48.068533,u12,u12-laptop,mail.corp.local,55.98,https
2026-08-09 09:11:52.514654,u08,u08-laptop,workday.corp.local,6.35,https
2026-08-09 09:29:32.803929,u12,u12-laptop,mail.corp.local,43.37,https
2026-08-09 09:32:15.051423,u08,u08-laptop,mail.corp.local,4.53,https
2026-08-09 09:44:26.592620,u12,u12-laptop,mail.corp.local,10.57,https
2026-08-09 10:16:25.030632,u13,u13-mobile,mail.corp.local,25.62,https
2026-08-09 10:18:53.737569,u13,u13-mobile,mail.corp.local,28.23,https
2026-08-09 10:28:17.556533,u13,u13-mobile,mail.corp.local,23.01,https
2026-08-09 10:34:13.919533,u12,u12-laptop,jira.corp.local,14.0,https
2026-08-09 10:38:50.386216,u12,u12-laptop,jira.corp.local,5.89,https
2026-08-09 10:54:06.546230,u12,u12-laptop,jira.corp.local,28.53,https
2026-08-09 10:56:24.780970,u13,u13-mobile,mail.corp.local,50.85,https
2026-08-09 10:58:39.064814,u13,u13-mobile,mail.corp.local,17.92,https
2026-08-09 11:19:39.867446,u12,u12-laptop,github.corp.local,7.7,https
2026-08-09 11:33:57.336319,u13,u13-mobile,mail.corp.local,20.83,https
2026-08-09 11:43:27.194905,u08,u08-laptop,mail.corp.local,56.72,https
2026-08-09 11:45:59.390251,u12,u12-laptop,github.corp.local,6.25,https
2026-08-09 12:25:32.522145,u08,u08-laptop,mail.corp.local,4.41,https
2026-08-09 12:31:33.764413,u08,u08-laptop,mail.corp.local,48.08,https
2026-08-09 12:35:01.514189,u05,u05-laptop,mail.corp.local,44.72,https
2026-08-09 12:41:17.500041,u05,u05-laptop,mail.corp.local,28.21,https
2026-08-09 12:49:22.475130,u08,u08-laptop,workday.corp.local,10.92,https
2026-08-09 13:03:24.869731,u05,u05-laptop,adminportal.corp.local,10.88,https
2026-08-09 13:08:54.983316,u05,u05-laptop,mail.corp.local,53.74,https
2026-08-09 13:25:36.121443,u08,u08-laptop,workday.corp.local,6.62,https
2026-08-09 13:29:31.129338,u08,u08-laptop,mail.corp.local,10.3,https
2026-08-09 13:34:17.754817,u08,u08-laptop,workday.corp.local,12.72,https
2026-08-09 14:13:49.369852,u05,u05-laptop,adminportal.corp.local,26.59,https
2026-08-09 14:34:18.109192,u05,u05-laptop,adminportal.corp.local,19.64,https
2026-08-10 07:23:56.283686,u03,u03-laptop,workday.corp.local,11.68,https
2026-08-10 07:34:19.144524,u03,u03-laptop,mail.corp.local,26.9,https
2026-08-10 07:34:55.098240,u03,u03-laptop,mail.corp.local,8.76,https
2026-08-10 07:44:34.271963,u03,u03-laptop,workday.corp.local,14.04,https
2026-08-10 07:56:53.722631,u13,u13-mobile,workday.corp.local,18.72,https
2026-08-10 08:00:14.061552,u03,u03-laptop,mail.corp.local,4.35,https
2026-08-10 08:12:41.456213,u02,u02-laptop,github.corp.local,3.47,https
2026-08-10 08:13:10.256974,u03,u03-laptop,workday.corp.local,4.78,https
2026-08-10 08:14:10.292501,u14,u14-laptop,mail.corp.local,9.65,https
2026-08-10 08:14:36.315071,u15,u15-laptop,adminportal.corp.local,3.13,https
2026-08-10 08:17:07.114779,u12,u12-laptop,mail.corp.local,3.55,https
2026-08-10 08:22:33.013665,u15,u15-laptop,mail.corp.local,6.82,https
2026-08-10 08:23:37.226225,u01,u01-laptop,mail.corp.local,130.48,https
2026-08-10 08:25:21.041753,u15,u15-laptop,mail.corp.local,9.94,https
2026-08-10 08:26:02.884215,u12,u12-laptop,jira.corp.local,6.22,https
2026-08-10 08:30:04.016204,u15,u15-laptop,adminportal.corp.local,4.88,https
2026-08-10 08:31:32.941478,u14,u14-laptop,salesforce.corp.local,10.87,https
2026-08-10 08:31:39.676318,u15,u15-laptop,mail.corp.local,4.48,https
2026-08-10 08:32:51.670980,u13,u13-mobile,mail.corp.local,9.18,https
2026-08-10 08:33:09.572456,u03,u03-laptop,mail.corp.local,7.86,https
2026-08-10 08:34:01.802906,u12,u12-laptop,mail.corp.local,7.22,https
2026-08-10 08:35:26.631928,u01,u01-laptop,mail.corp.local,76.19,https
2026-08-10 08:39:16.797651,u14,u14-laptop,salesforce.corp.local,10.02,https
2026-08-10 08:40:32.429897,u01,u01-laptop,sap.corp.local,91.8,https
2026-08-10 08:47:00.577083,u09,u09-mobile,salesforce.corp.local,10.9,https
2026-08-10 08:47:32.796871,u13,u13-mobile,workday.corp.local,30.71,https
2026-08-10 08:48:46.147001,u02,u02-laptop,jira.corp.local,4.6,https
2026-08-10 08:51:03.604524,u09,u09-mobile,mail.corp.local,6.36,https
2026-08-10 08:51:23.019186,u03,u03-laptop,workday.corp.local,18.03,https
2026-08-10 08:56:56.162043,u03,u03-laptop,mail.corp.local,14.04,https
2026-08-10 08:59:15.199224,u12,u12-laptop,mail.corp.local,4.81,https
2026-08-10 09:03:24.949453,u02,u02-laptop,mail.corp.local,5.9,https
2026-08-10 09:03:59.011757,u09,u09-mobile,salesforce.corp.local,12.58,https
2026-08-10 09:04:07.034524,u09,u09-mobile,salesforce.corp.local,19.13,https
2026-08-10 09:05:06.677130,u08,u08-laptop,mail.corp.local,46.41,https
2026-08-10 09:07:06.655726,u09,u09-mobile,mail.corp.local,15.07,https
2026-08-10 09:07:15.497099,u02,u02-laptop,mail.corp.local,4.59,https
2026-08-10 09:13:45.377939,u06,u06-laptop,sap.corp.local,24.6,https
2026-08-10 09:15:38.499551,u15,u15-laptop,mail.corp.local,2.71,https
2026-08-10 09:18:09.353052,u15,u15-laptop,mail.corp.local,5.25,https
2026-08-10 09:25:44.285780,u09,u09-mobile,salesforce.corp.local,0.1,https
2026-08-10 09:29:41.923487,u04,u04-laptop,salesforce.corp.local,1.47,https
2026-08-10 09:31:38.046848,u04,u04-laptop,mail.corp.local,6.36,https
2026-08-10 09:33:39.792928,u09,u09-mobile,mail.corp.local,19.61,https
2026-08-10 09:34:49.841756,u12,u12-laptop,mail.corp.local,4.26,https
2026-08-10 09:36:13.429999,u14,u14-laptop,salesforce.corp.local,5.01,https
2026-08-10 09:39:14.323270,u12,u12-laptop,mail.corp.local,2.99,https
2026-08-10 09:41:04.918054,u04,u04-laptop,salesforce.corp.local,1.09,https
2026-08-10 09:43:05.014695,u14,u14-laptop,mail.corp.local,7.19,https
2026-08-10 09:45:11.557602,u12,u12-laptop,mail.corp.local,1.08,https
2026-08-10 09:46:16.534942,u04,u04-laptop,salesforce.corp.local,1.37,https
2026-08-10 09:46:38.200430,u04,u04-laptop,salesforce.corp.local,1.54,https
2026-08-10 09:48:48.664562,u04,u04-laptop,mail.corp.local,1.52,https
2026-08-10 09:49:22.198952,u14,u14-laptop,salesforce.corp.local,3.63,https
2026-08-10 09:50:37.503516,u14,u14-laptop,salesforce.corp.local,10.19,https
2026-08-10 09:53:02.291364,u09,u09-mobile,mail.corp.local,2.64,https
2026-08-10 09:53:12.260749,u08,u08-laptop,workday.corp.local,51.41,https
2026-08-10 09:53:46.660983,u08,u08-laptop,mail.corp.local,81.36,https
2026-08-10 09:56:23.548906,u07,u07-laptop,jira.corp.local,6.55,https
2026-08-10 09:57:53.737624,u07,u07-laptop,github.corp.local,44.8,https
2026-08-10 09:58:24.959524,u07,u07-laptop,jira.corp.local,5.59,https
2026-08-10 10:01:06.325725,u09,u09-mobile,salesforce.corp.local,17.09,https
2026-08-10 10:02:46.953673,u07,u07-laptop,github.corp.local,40.77,https
2026-08-10 10:03:39.685742,u15,u15-laptop,adminportal.corp.local,7.44,https
2026-08-10 10:06:34.049021,u14,u14-laptop,mail.corp.local,11.07,https
2026-08-10 10:07:20.446549,u07,u07-laptop,github.corp.local,7.91,https
2026-08-10 10:08:20.470576,u15,u15-laptop,mail.corp.local,9.3,https
2026-08-10 10:10:09.325556,u09,u09-mobile,salesforce.corp.local,12.87,https
2026-08-10 10:11:43.596648,u15,u15-laptop,adminportal.corp.local,9.11,https
2026-08-10 10:11:54.448240,u08,u08-laptop,mail.corp.local,75.45,https
2026-08-10 10:12:06.905696,u13,u13-mobile,mail.corp.local,20.9,https
2026-08-10 10:15:26.265585,u15,u15-laptop,mail.corp.local,8.26,https
2026-08-10 10:15:39.755861,u03,u03-laptop,workday.corp.local,20.32,https
2026-08-10 10:16:56.537582,u15,u15-laptop,mail.corp.local,7.86,https
2026-08-10 10:19:53.511984,u03,u03-laptop,mail.corp.local,20.8,https
2026-08-10 10:21:51.447128,u04,u04-laptop,mail.corp.local,1.41,https
2026-08-10 10:24:25.964145,u14,u14-laptop,mail.corp.local,3.36,https
2026-08-10 10:25:30.532786,u06,u06-laptop,mail.corp.local,3.81,https
2026-08-10 10:29:41.462255,u14,u14-laptop,mail.corp.local,3.6,https
2026-08-10 10:29:59.122202,u14,u14-laptop,salesforce.corp.local,2.78,https
2026-08-10 10:35:50.410000,u06,u06-laptop,erp.corp.local,5.59,https
2026-08-10 10:37:59.562274,u05,u05-laptop,mail.corp.local,6.26,https
2026-08-10 10:38:13.530895,u13,u13-mobile,mail.corp.local,21.09,https
2026-08-10 10:39:48.229987,u04,u04-laptop,salesforce.corp.local,1.08,https
2026-08-10 10:40:51.659265,u04,u04-laptop,mail.corp.local,9.45,https
2026-08-10 10:43:55.223222,u15,u15-laptop,adminportal.corp.local,8.6,https
2026-08-10 10:43:58.585280,u07,u07-laptop,jira.corp.local,13.05,https
2026-08-10 10:47:02.670384,u04,u04-laptop,mail.corp.local,0.68,https
2026-08-10 10:47:17.658654,u04,u04-laptop,salesforce.corp.local,8.95,https
2026-08-10 10:48:41.667504,u13,u13-mobile,workday.corp.local,43.24,https
2026-08-10 10:52:59.301947,u02,u02-laptop,jira.corp.local,3.01,https
2026-08-10 10:53:28.885045,u04,u04-laptop,mail.corp.local,11.31,https
2026-08-10 10:55:53.834283,u07,u07-laptop,jira.corp.local,12.37,https
2026-08-10 10:57:30.723747,u07,u07-laptop,jira.corp.local,11.31,https
2026-08-10 10:58:31.127754,u06,u06-laptop,erp.corp.local,4.68,https
2026-08-10 11:01:07.983665,u05,u05-laptop,mail.corp.local,11.63,https
2026-08-10 11:02:20.510318,u02,u02-laptop,github.corp.local,5.46,https
2026-08-10 11:04:40.449158,u05,u05-laptop,mail.corp.local,11.44,https
2026-08-10 11:06:11.572654,u02,u02-laptop,mail.corp.local,5.66,https
2026-08-10 11:09:17.838853,u06,u06-laptop,sap.corp.local,2.61,https
2026-08-10 11:14:22.373199,u02,u02-laptop,jira.corp.local,8.4,https
2026-08-10 11:17:10.903849,u15,u15-laptop,mail.corp.local,9.86,https
2026-08-10 11:19:00.170546,u06,u06-laptop,erp.corp.local,15.68,https
2026-08-10 11:21:52.202060,u15,u15-laptop,mail.corp.local,11.94,https
2026-08-10 11:25:05.175564,u06,u06-laptop,sap.corp.local,17.26,https
2026-08-10 11:29:02.374025,u13,u13-mobile,workday.corp.local,51.01,https
2026-08-10 11:30:43.103529,u08,u08-laptop,mail.corp.local,38.32,https
2026-08-10 11:32:17.517170,u06,u06-laptop,mail.corp.local,26.98,https
2026-08-10 11:34:50.174565,u15,u15-laptop,adminportal.corp.local,11.1,https
2026-08-10 11:35:33.450851,u05,u05-laptop,mail.corp.local,74.81,https
2026-08-10 11:35:52.235892,u02,u02-laptop,github.corp.local,7.05,https
2026-08-10 11:39:57.429522,u05,u05-laptop,mail.corp.local,9.02,https
2026-08-10 11:46:55.877782,u05,u05-laptop,mail.corp.local,12.79,https
2026-08-10 11:48:49.666827,u15,u15-laptop,adminportal.corp.local,3.11,https
2026-08-10 11:49:11.547894,u15,u15-laptop,adminportal.corp.local,9.5,https
2026-08-10 11:49:11.972570,u04,u04-laptop,salesforce.corp.local,21.04,https
2026-08-10 11:50:04.311515,u14,u14-laptop,mail.corp.local,4.0,https
2026-08-10 11:51:52.547788,u03,u03-laptop,workday.corp.local,74.55,https
2026-08-10 11:55:37.250335,u02,u02-laptop,mail.corp.local,4.03,https
2026-08-10 12:01:17.542515,u08,u08-laptop,mail.corp.local,48.89,https
2026-08-10 12:06:02.394543,u06,u06-laptop,erp.corp.local,22.35,https
2026-08-10 12:07:13.112965,u08,u08-laptop,workday.corp.local,57.03,https
2026-08-10 12:12:08.840696,u14,u14-laptop,salesforce.corp.local,6.96,https
2026-08-10 12:17:30.214366,u15,u15-laptop,mail.corp.local,5.66,https
2026-08-10 12:20:45.925102,u02,u02-laptop,mail.corp.local,6.09,https
2026-08-10 12:21:07.892061,u14,u14-laptop,salesforce.corp.local,19.63,https
2026-08-10 12:21:55.908130,u02,u02-laptop,mail.corp.local,5.48,https
2026-08-10 12:45:37.030366,u02,u02-laptop,mail.corp.local,4.28,https
2026-08-10 12:47:47.962386,u02,u02-laptop,github.corp.local,2.6,https
2026-08-10 12:52:37.621807,u02,u02-laptop,github.corp.local,5.16,https
2026-08-10 12:54:21.831340,u02,u02-laptop,github.corp.local,6.25,https
2026-08-10 12:57:34.303624,u11,u11-laptop,mail.corp.local,42.72,https
2026-08-10 12:58:19.166518,u15,u15-laptop,adminportal.corp.local,9.33,https
2026-08-10 12:59:27.770966,u02,u02-laptop,jira.corp.local,4.79,https
2026-08-10 13:00:30.733954,u14,u14-laptop,mail.corp.local,8.93,https
2026-08-10 13:00:56.899914,u02,u02-laptop,mail.corp.local,3.89,https
2026-08-10 13:13:54.416759,u11,u11-laptop,erp.corp.local,69.13,https
2026-08-10 13:18:39.978611,u02,u02-laptop,github.corp.local,2.87,https
2026-08-10 13:20:03.150024,u14,u14-laptop,salesforce.corp.local,11.02,https
2026-08-10 13:27:59.810982,u02,u02-laptop,github.corp.local,4.53,https
2026-08-10 13:28:46.826390,u15,u15-laptop,mail.corp.local,3.99,https
2026-08-10 13:44:30.998099,u15,u15-laptop,mail.corp.local,9.75,https
2026-08-10 13:51:11.821603,u15,u15-laptop,mail.corp.local,7.3,https
2026-08-10 22:21:17.473290,u10,u10-laptop,adminportal.corp.local,14.79,https
2026-08-10 22:38:07.059615,u10,u10-laptop,adminportal.corp.local,14.08,https
2026-08-10 22:48:01.161742,u10,u10-laptop,mail.corp.local,13.17,https
2026-08-10 22:55:08.920268,u10,u10-laptop,adminportal.corp.local,8.11,https
2026-08-10 23:02:09.893090,u10,u10-laptop,mail.corp.local,16.65,https
2026-08-10 23:03:01.322668,u10,u10-laptop,mail.corp.local,10.5,https
2026-08-10 23:26:44.302380,u10,u10-laptop,adminportal.corp.local,13.16,https
2026-08-10 23:41:43.675623,u10,u10-laptop,mail.corp.local,10.26,https
2026-08-10 23:51:03.335387,u10,u10-laptop,mail.corp.local,19.44,https
2026-08-10 23:51:23.243545,u10,u10-laptop,adminportal.corp.local,22.14,https
2026-08-11 00:13:10.306855,u10,u10-laptop,mail.corp.local,21.5,https
2026-08-11 00:34:13.617661,u10,u10-laptop,mail.corp.local,27.57,https
2026-08-11 06:59:25.860860,u13,u13-mobile,workday.corp.local,13.88,https
2026-08-11 07:17:30.721275,u09,u09-laptop,salesforce.corp.local,16.39,https
2026-08-11 07:24:06.502587,u13,u13-mobile,workday.corp.local,15.87,https
2026-08-11 07:39:36.568970,u09,u09-laptop,mail.corp.local,9.98,https
2026-08-11 08:18:53.120444,u08,u08-laptop,workday.corp.local,89.89,https
2026-08-11 08:23:14.007701,u01,u01-mobile,sap.corp.local,60.87,https
2026-08-11 08:32:41.998150,u15,u15-laptop,adminportal.corp.local,31.18,https
2026-08-11 08:40:31.655867,u15,u15-laptop,adminportal.corp.local,23.39,https
2026-08-11 08:41:32.981366,u15,u15-laptop,mail.corp.local,36.89,https
2026-08-11 08:42:04.020753,u15,u15-laptop,adminportal.corp.local,16.76,https
2026-08-11 08:49:55.250786,u02,u02-laptop,jira.corp.local,14.08,https
2026-08-11 09:01:24.236072,u13,u13-mobile,mail.corp.local,11.16,https
2026-08-11 09:05:02.861440,u11,u11-laptop,erp.corp.local,50.72,https
2026-08-11 09:12:11.404773,u06,u06-laptop,erp.corp.local,95.48,https
2026-08-11 09:14:27.575612,u06,u06-laptop,erp.corp.local,109.01,https
2026-08-11 09:18:14.490006,u03,u03-laptop,mail.corp.local,51.87,https
2026-08-11 09:19:31.318050,u09,u09-laptop,mail.corp.local,23.65,https
2026-08-11 09:23:59.393455,u13,u13-mobile,mail.corp.local,1.21,https
2026-08-11 09:25:46.786241,u14,u14-laptop,mail.corp.local,4.81,https
2026-08-11 09:27:01.554328,u14,u14-laptop,salesforce.corp.local,4.56,https
2026-08-11 09:28:54.836270,u13,u13-mobile,mail.corp.local,14.73,https
2026-08-11 09:30:12.805010,u06,u06-laptop,sap.corp.local,65.07,https
2026-08-11 09:31:36.717415,u13,u13-mobile,workday.corp.local,4.66,https
2026-08-11 09:33:05.544460,u15,u15-laptop,mail.corp.local,33.33,https
2026-08-11 09:35:42.859456,u01,u01-mobile,sap.corp.local,26.9,https
2026-08-11 09:38:06.107839,u13,u13-mobile,workday.corp.local,6.76,https
2026-08-11 09:39:54.031918,u01,u01-mobile,erp.corp.local,41.54,https
2026-08-11 09:43:13.131357,u15,u15-laptop,adminportal.corp.local,21.06,https
2026-08-11 09:45:24.138033,u01,u01-mobile,mail.corp.local,20.21,https
2026-08-11 09:45:29.729594,u11,u11-laptop,sap.corp.local,51.61,https
2026-08-11 09:46:37.159493,u13,u13-mobile,mail.corp.local,6.03,https
2026-08-11 09:48:28.907645,u11,u11-laptop,erp.corp.local,14.03,https
2026-08-11 09:48:41.098455,u15,u15-laptop,mail.corp.local,16.53,https
2026-08-11 09:49:41.894227,u11,u11-laptop,sap.corp.local,11.66,https
2026-08-11 09:50:09.670449,u02,u02-laptop,mail.corp.local,21.63,https
2026-08-11 09:50:13.889576,u05,u05-mobile,mail.corp.local,11.26,https
2026-08-11 09:51:04.783662,u02,u02-laptop,mail.corp.local,23.21,https
2026-08-11 09:52:39.942735,u09,u09-laptop,mail.corp.local,18.55,https
2026-08-11 09:54:28.439007,u13,u13-mobile,mail.corp.local,5.06,https
2026-08-11 09:54:50.335657,u13,u13-mobile,mail.corp.local,4.02,https
2026-08-11 09:55:49.935278,u14,u14-laptop,mail.corp.local,6.76,https
2026-08-11 09:56:05.355351,u09,u09-laptop,salesforce.corp.local,27.78,https
2026-08-11 09:56:44.517647,u14,u14-laptop,mail.corp.local,7.28,https
2026-08-11 10:00:07.676694,u14,u14-laptop,mail.corp.local,3.56,https
2026-08-11 10:00:18.854927,u01,u01-mobile,mail.corp.local,22.25,https
2026-08-11 10:02:23.822815,u06,u06-laptop,erp.corp.local,78.32,https
2026-08-11 10:02:42.347128,u14,u14-laptop,mail.corp.local,4.34,https
2026-08-11 10:04:14.446766,u13,u13-mobile,workday.corp.local,7.2,https
2026-08-11 10:05:31.319952,u08,u08-laptop,workday.corp.local,17.95,https
2026-08-11 10:08:30.346382,u07,u07-laptop,mail.corp.local,8.86,https
2026-08-11 10:08:40.618341,u07,u07-laptop,jira.corp.local,4.56,https
2026-08-11 10:09:11.129810,u03,u03-laptop,workday.corp.local,28.44,https
2026-08-11 10:09:22.669735,u03,u03-laptop,workday.corp.local,43.38,https
2026-08-11 10:10:30.673541,u13,u13-mobile,workday.corp.local,7.81,https
2026-08-11 10:13:32.159358,u14,u14-laptop,mail.corp.local,4.44,https
2026-08-11 10:18:32.391658,u05,u05-mobile,adminportal.corp.local,12.42,https
2026-08-11 10:19:39.267740,u07,u07-laptop,mail.corp.local,7.14,https
2026-08-11 10:22:42.255253,u14,u14-laptop,salesforce.corp.local,6.29,https
2026-08-11 10:24:48.389470,u13,u13-mobile,workday.corp.local,8.83,https
2026-08-11 10:26:05.941206,u14,u14-laptop,salesforce.corp.local,3.35,https
2026-08-11 10:30:54.309017,u08,u08-laptop,mail.corp.local,17.17,https
2026-08-11 10:38:25.976534,u05,u05-mobile,mail.corp.local,18.55,https
2026-08-11 10:40:37.307597,u05,u05-mobile,adminportal.corp.local,30.61,https
2026-08-11 10:40:43.444314,u14,u14-laptop,salesforce.corp.local,10.02,https
2026-08-11 10:42:32.904249,u14,u14-laptop,salesforce.corp.local,0.77,https
2026-08-11 10:42:47.093774,u05,u05-mobile,mail.corp.local,10.61,https
2026-08-11 10:45:30.589660,u05,u05-mobile,adminportal.corp.local,30.3,https
2026-08-11 10:46:25.592325,u13,u13-mobile,mail.corp.local,9.57,https
2026-08-11 10:46:53.150125,u07,u07-laptop,jira.corp.local,11.37,https
2026-08-11 10:48:23.567089,u11,u11-laptop,sap.corp.local,5.1,https
2026-08-11 10:52:54.957947,u07,u07-laptop,mail.corp.local,79.27,https
2026-08-11 10:53:34.044173,u14,u14-laptop,mail.corp.local,1.71,https
2026-08-11 10:54:43.736763,u05,u05-mobile,adminportal.corp.local,15.22,https
2026-08-11 10:59:22.855343,u14,u14-laptop,mail.corp.local,3.93,https
2026-08-11 11:02:11.798085,u14,u14-laptop,mail.corp.local,1.99,https
2026-08-11 11:03:10.828556,u14,u14-laptop,mail.corp.local,2.42,https
2026-08-11 11:05:42.787683,u07,u07-laptop,mail.corp.local,11.56,https
2026-08-11 11:06:13.529279,u07,u07-laptop,mail.corp.local,7.63,https
2026-08-11 11:07:03.098453,u14,u14-laptop,mail.corp.local,1.94,https
2026-08-11 11:16:45.503493,u08,u08-laptop,workday.corp.local,12.54,https
2026-08-11 11:17:11.809776,u14,u14-laptop,salesforce.corp.local,1.87,https
2026-08-11 11:19:48.189156,u13,u13-mobile,workday.corp.local,19.73,https
2026-08-11 11:21:45.839850,u07,u07-laptop,github.corp.local,91.92,https
2026-08-11 11:27:20.036453,u13,u13-mobile,mail.corp.local,21.45,https
2026-08-11 11:31:02.765591,u13,u13-mobile,workday.corp.local,20.82,https
2026-08-11 11:31:22.300112,u14,u14-laptop,mail.corp.local,1.8,https
2026-08-11 11:32:50.763862,u08,u08-laptop,mail.corp.local,12.94,https
2026-08-11 11:33:50.117734,u11,u11-laptop,mail.corp.local,27.08,https
2026-08-11 11:41:25.222170,u14,u14-laptop,salesforce.corp.local,2.67,https
2026-08-11 11:42:36.551381,u14,u14-laptop,mail.corp.local,2.36,https
2026-08-11 11:47:49.358151,u13,u13-mobile,workday.corp.local,17.08,https
2026-08-11 11:49:04.248048,u14,u14-laptop,salesforce.corp.local,1.96,https
2026-08-11 11:51:13.484435,u11,u11-laptop,mail.corp.local,24.51,https
2026-08-11 11:53:35.322096,u05,u05-mobile,mail.corp.local,59.48,https
2026-08-11 11:54:28.658146,u05,u05-mobile,mail.corp.local,52.74,https
2026-08-11 12:00:39.546713,u08,u08-laptop,workday.corp.local,7.67,https
2026-08-11 12:02:28.745836,u12,u12-laptop,jira.corp.local,21.31,https
2026-08-11 12:07:27.109832,u13,u13-mobile,workday.corp.local,16.29,https
2026-08-11 12:07:35.307014,u14,u14-laptop,mail.corp.local,1.91,https
2026-08-11 12:11:33.385215,u11,u11-laptop,mail.corp.local,22.75,https
2026-08-11 12:15:15.539297,u11,u11-laptop,sap.corp.local,14.06,https
2026-08-11 12:16:37.668672,u12,u12-laptop,mail.corp.local,20.65,https
2026-08-11 12:20:37.555093,u08,u08-laptop,mail.corp.local,7.24,https
2026-08-11 12:21:57.692797,u13,u13-mobile,workday.corp.local,6.17,https
2026-08-11 12:31:13.031875,u11,u11-laptop,erp.corp.local,26.46,https
2026-08-11 12:40:07.439699,u05,u05-mobile,adminportal.corp.local,45.99,https
2026-08-11 12:43:01.412362,u11,u11-laptop,erp.corp.local,28.02,https
2026-08-11 12:50:03.129008,u12,u12-laptop,mail.corp.local,10.4,https
2026-08-11 12:56:31.621894,u14,u14-laptop,mail.corp.local,1.96,https
2026-08-11 12:59:16.228487,u14,u14-laptop,salesforce.corp.local,1.45,https
2026-08-11 13:18:34.222179,u14,u14-laptop,salesforce.corp.local,19.97,https
2026-08-11 13:35:30.661539,u04,u04-laptop,salesforce.corp.local,397.08,https
2026-08-11 13:39:13.280416,u14,u14-laptop,mail.corp.local,3.53,https
2026-08-11 13:59:37.188214,u14,u14-laptop,salesforce.corp.local,2.95,https
2026-08-11 20:05:21.479539,u10,u10-laptop,mail.corp.local,7.73,https
2026-08-11 20:29:53.828037,u10,u10-laptop,mail.corp.local,8.99,https
2026-08-11 20:30:17.557194,u10,u10-laptop,adminportal.corp.local,8.09,https
2026-08-11 20:33:49.973833,u10,u10-laptop,mail.corp.local,4.72,https
2026-08-11 20:52:06.205095,u10,u10-laptop,adminportal.corp.local,6.66,https
2026-08-11 20:56:49.387472,u10,u10-laptop,mail.corp.local,8.91,https
2026-08-11 21:12:02.820347,u10,u10-laptop,adminportal.corp.local,11.69,https
2026-08-11 23:31:06.381447,u10,u10-laptop,mail.corp.local,59.93,https
2026-08-12 00:07:58.720632,u10,u10-laptop,adminportal.corp.local,45.3,https
2026-08-12 00:28:25.762767,u10,u10-laptop,mail.corp.local,86.58,https
2026-08-12 08:40:09.461484,u04,u04-laptop,salesforce.corp.local,42.58,https
2026-08-12 08:55:54.904449,u13,u13-mobile,workday.corp.local,4.24,https
2026-08-12 08:56:56.033832,u13,u13-mobile,mail.corp.local,7.65,https
2026-08-12 08:58:14.995890,u08,u08-laptop,workday.corp.local,4.88,https
2026-08-12 09:02:50.069048,u08,u08-laptop,workday.corp.local,6.22,https
2026-08-12 09:04:16.978115,u07,u07-laptop,github.corp.local,16.37,https
2026-08-12 09:12:18.613135,u07,u07-laptop,github.corp.local,12.65,https
2026-08-12 09:14:56.539608,u13,u13-mobile,mail.corp.local,5.89,https
2026-08-12 09:19:25.708568,u14,u14-laptop,mail.corp.local,5.97,https
2026-08-12 09:25:07.016896,u05,u05-mobile,adminportal.corp.local,7.46,https
2026-08-12 09:25:37.043694,u04,u04-laptop,salesforce.corp.local,12.23,https
2026-08-12 09:26:00.151654,u14,u14-laptop,mail.corp.local,7.82,https
2026-08-12 09:26:32.266260,u13,u13-mobile,mail.corp.local,9.4,https
2026-08-12 09:27:09.853312,u02,u02-laptop,jira.corp.local,13.65,https
2026-08-12 09:33:44.636013,u14,u14-laptop,salesforce.corp.local,7.52,https
2026-08-12 09:35:18.953421,u08,u08-laptop,workday.corp.local,6.05,https
2026-08-12 09:35:49.377447,u07,u07-laptop,jira.corp.local,14.92,https
2026-08-12 09:36:31.324143,u13,u13-mobile,workday.corp.local,5.13,https
2026-08-12 09:37:07.774642,u14,u14-laptop,salesforce.corp.local,7.62,https
2026-08-12 09:38:36.303252,u08,u08-laptop,workday.corp.local,5.62,https
2026-08-12 09:40:32.869188,u06,u06-laptop,sap.corp.local,150.03,https
2026-08-12 09:40:49.878395,u08,u08-laptop,workday.corp.local,8.12,https
2026-08-12 09:41:15.006184,u04,u04-laptop,salesforce.corp.local,5.56,https
2026-08-12 09:41:45.176971,u05,u05-mobile,mail.corp.local,7.33,https
2026-08-12 09:41:48.025752,u15,u15-laptop,mail.corp.local,6.13,https
2026-08-12 09:44:07.692903,u11,u11-laptop,mail.corp.local,29.85,https
2026-08-12 09:45:02.353701,u04,u04-laptop,mail.corp.local,5.35,https
2026-08-12 09:45:06.748952,u07,u07-laptop,mail.corp.local,10.32,https
2026-08-12 09:46:05.228894,u05,u05-mobile,adminportal.corp.local,8.28,https
2026-08-12 09:46:58.789480,u02,u02-laptop,github.corp.local,8.53,https
2026-08-12 09:48:32.079985,u13,u13-mobile,mail.corp.local,7.02,https
2026-08-12 09:49:17.809899,u06,u06-laptop,erp.corp.local,80.45,https
2026-08-12 09:49:22.219293,u04,u04-laptop,salesforce.corp.local,7.05,https
2026-08-12 09:51:08.751117,u07,u07-laptop,mail.corp.local,15.38,https
2026-08-12 09:55:57.830189,u15,u15-laptop,mail.corp.local,5.44,https
2026-08-12 09:56:56.734309,u07,u07-laptop,mail.corp.local,15.07,https
2026-08-12 09:59:55.374391,u02,u02-laptop,jira.corp.local,2.8,https
2026-08-12 10:01:45.549375,u07,u07-laptop,jira.corp.local,18.4,https
2026-08-12 10:02:00.629564,u12,u12-laptop,jira.corp.local,65.44,https
2026-08-12 10:02:53.562211,u06,u06-laptop,sap.corp.local,10.77,https
2026-08-12 10:03:02.298055,u06,u06-laptop,mail.corp.local,16.14,https
2026-08-12 10:07:21.112506,u02,u02-laptop,jira.corp.local,17.26,https
2026-08-12 10:07:22.267327,u05,u05-mobile,mail.corp.local,9.73,https
2026-08-12 10:08:02.784374,u02,u02-laptop,jira.corp.local,10.94,https
2026-08-12 10:11:28.229598,u01,u01-laptop,mail.corp.local,83.51,https
2026-08-12 10:13:50.367458,u15,u15-laptop,mail.corp.local,6.67,https
2026-08-12 10:13:57.364124,u02,u02-laptop,jira.corp.local,15.18,https
2026-08-12 10:14:38.566720,u08,u08-laptop,workday.corp.local,13.36,https
2026-08-12 10:16:09.079955,u15,u15-laptop,mail.corp.local,13.87,https
2026-08-12 10:17:24.857882,u11,u11-laptop,mail.corp.local,18.95,https
2026-08-12 10:19:28.979713,u15,u15-laptop,adminportal.corp.local,13.78,https
2026-08-12 10:21:47.316551,u06,u06-laptop,sap.corp.local,14.32,https
2026-08-12 10:24:30.635164,u07,u07-laptop,mail.corp.local,7.49,https
2026-08-12 10:25:16.317201,u06,u06-laptop,erp.corp.local,76.35,https
2026-08-12 10:27:17.276413,u02,u02-laptop,github.corp.local,4.12,https
2026-08-12 10:29:06.922375,u02,u02-laptop,mail.corp.local,3.72,https
2026-08-12 10:29:36.531085,u14,u14-laptop,mail.corp.local,6.01,https
2026-08-12 10:29:40.712612,u13,u13-mobile,mail.corp.local,10.89,https
2026-08-12 10:30:08.210894,u08,u08-laptop,mail.corp.local,3.93,https
2026-08-12 10:30:41.930145,u13,u13-mobile,workday.corp.local,5.82,https
2026-08-12 10:31:15.175768,u02,u02-laptop,jira.corp.local,4.29,https
2026-08-12 10:31:49.554331,u04,u04-laptop,salesforce.corp.local,10.62,https
2026-08-12 10:35:05.448652,u09,u09-laptop,mail.corp.local,5.51,https
2026-08-12 10:37:51.468604,u03,u03-laptop,workday.corp.local,103.62,https
2026-08-12 10:42:42.120135,u13,u13-mobile,mail.corp.local,6.16,https
2026-08-12 10:45:13.429196,u08,u08-laptop,workday.corp.local,34.08,https
2026-08-12 10:45:24.343103,u04,u04-laptop,mail.corp.local,5.2,https
2026-08-12 10:46:47.389990,u11,u11-laptop,sap.corp.local,22.83,https
2026-08-12 10:47:30.374377,u05,u05-mobile,adminportal.corp.local,4.95,https
2026-08-12 10:47:50.568144,u13,u13-mobile,workday.corp.local,5.46,https
2026-08-12 10:48:50.565551,u08,u08-laptop,workday.corp.local,3.26,https
2026-08-12 10:50:24.772765,u08,u08-laptop,mail.corp.local,9.78,https
2026-08-12 10:55:25.176678,u04,u04-laptop,mail.corp.local,4.79,https
2026-08-12 10:55:28.771995,u09,u09-laptop,salesforce.corp.local,13.75,https
2026-08-12 10:56:59.470632,u13,u13-mobile,workday.corp.local,9.4,https
2026-08-12 10:58:30.774090,u08,u08-laptop,mail.corp.local,9.36,https
2026-08-12 11:00:43.741525,u13,u13-mobile,workday.corp.local,7.91,https
2026-08-12 11:02:12.421327,u05,u05-mobile,adminportal.corp.local,3.91,https
2026-08-12 11:02:55.053528,u08,u08-laptop,mail.corp.local,7.94,https
2026-08-12 11:06:06.891719,u02,u02-laptop,mail.corp.local,1.9,https
2026-08-12 11:06:30.748968,u01,u01-laptop,sap.corp.local,76.89,https
2026-08-12 11:09:11.121256,u11,u11-laptop,sap.corp.local,13.95,https
2026-08-12 11:09:40.111073,u14,u14-laptop,salesforce.corp.local,3.91,https
2026-08-12 11:09:46.089472,u02,u02-laptop,github.corp.local,2.8,https
2026-08-12 11:09:54.164540,u08,u08-laptop,mail.corp.local,4.22,https
2026-08-12 11:10:00.523634,u08,u08-laptop,workday.corp.local,12.84,https
2026-08-12 11:16:36.652905,u14,u14-laptop,mail.corp.local,1.82,https
2026-08-12 11:18:30.378910,u08,u08-laptop,mail.corp.local,6.9,https
2026-08-12 11:19:04.791342,u11,u11-laptop,erp.corp.local,12.0,https
2026-08-12 11:20:18.312064,u13,u13-mobile,workday.corp.local,8.81,https
2026-08-12 11:20:23.598391,u08,u08-laptop,workday.corp.local,6.81,https
2026-08-12 11:21:20.474344,u08,u08-laptop,mail.corp.local,7.04,https
2026-08-12 11:21:31.848939,u06,u06-laptop,mail.corp.local,13.44,https
2026-08-12 11:23:39.344312,u14,u14-laptop,salesforce.corp.local,2.28,https
2026-08-12 11:24:26.661274,u05,u05-mobile,mail.corp.local,2.32,https
2026-08-12 11:24:56.650087,u05,u05-mobile,mail.corp.local,5.38,https
2026-08-12 11:25:19.049839,u13,u13-mobile,mail.corp.local,10.6,https
2026-08-12 11:25:37.449896,u05,u05-mobile,mail.corp.local,3.53,https
2026-08-12 11:26:19.269741,u09,u09-laptop,mail.corp.local,16.94,https
2026-08-12 11:26:58.627669,u05,u05-mobile,mail.corp.local,3.29,https
2026-08-12 11:33:44.348427,u14,u14-laptop,salesforce.corp.local,2.83,https
2026-08-12 11:34:11.896104,u07,u07-laptop,mail.corp.local,5.87,https
2026-08-12 11:35:45.968052,u07,u07-laptop,mail.corp.local,10.03,https
2026-08-12 11:37:56.323220,u14,u14-laptop,salesforce.corp.local,4.29,https
2026-08-12 11:38:39.343399,u11,u11-laptop,erp.corp.local,12.44,https
2026-08-12 11:41:03.824307,u07,u07-laptop,jira.corp.local,9.72,https
2026-08-12 11:41:37.047976,u13,u13-mobile,workday.corp.local,9.86,https
2026-08-12 11:45:06.257549,u14,u14-laptop,salesforce.corp.local,6.67,https
2026-08-12 11:45:33.426379,u07,u07-laptop,jira.corp.local,10.31,https
2026-08-12 11:47:15.694398,u05,u05-mobile,mail.corp.local,8.23,https
2026-08-12 11:47:58.187637,u14,u14-laptop,mail.corp.local,4.63,https
2026-08-12 11:48:48.011992,u05,u05-mobile,mail.corp.local,5.86,https
2026-08-12 11:48:50.071874,u13,u13-mobile,workday.corp.local,9.78,https
2026-08-12 11:49:41.441054,u05,u05-mobile,adminportal.corp.local,6.2,https
2026-08-12 11:49:52.713314,u08,u08-laptop,workday.corp.local,3.47,https
2026-08-12 11:51:00.032557,u05,u05-mobile,adminportal.corp.local,7.94,https
2026-08-12 11:51:23.140852,u08,u08-laptop,workday.corp.local,8.24,https
2026-08-12 11:52:08.328394,u07,u07-laptop,jira.corp.local,18.81,https
2026-08-12 11:53:54.377608,u05,u05-mobile,mail.corp.local,4.56,https
2026-08-12 12:00:40.556056,u08,u08-laptop,mail.corp.local,6.41,https
2026-08-12 12:04:20.414296,u05,u05-mobile,adminportal.corp.local,8.02,https
2026-08-12 12:06:49.692960,u15,u15-laptop,mail.corp.local,24.12,https
2026-08-12 12:07:59.953275,u07,u07-laptop,jira.corp.local,8.57,https
2026-08-12 12:08:33.920237,u07,u07-laptop,jira.corp.local,11.21,https
2026-08-12 12:09:10.629607,u02,u02-laptop,github.corp.local,6.57,https
2026-08-12 12:10:52.239313,u03,u03-laptop,workday.corp.local,33.95,https
2026-08-12 12:15:06.085502,u03,u03-laptop,mail.corp.local,65.46,https
2026-08-12 12:17:42.863442,u15,u15-laptop,adminportal.corp.local,34.04,https
2026-08-12 12:21:46.213926,u11,u11-laptop,mail.corp.local,25.71,https
2026-08-12 12:23:22.498544,u13,u13-mobile,workday.corp.local,17.88,https
2026-08-12 12:28:37.970043,u13,u13-mobile,workday.corp.local,12.41,https
2026-08-12 12:28:47.181846,u11,u11-laptop,erp.corp.local,19.02,https
2026-08-12 12:33:42.230105,u11,u11-laptop,erp.corp.local,16.91,https
2026-08-12 12:35:15.865159,u13,u13-mobile,workday.corp.local,18.3,https
2026-08-12 12:44:39.588250,u05,u05-mobile,adminportal.corp.local,7.78,https
2026-08-12 12:49:57.987852,u12,u12-laptop,jira.corp.local,11.51,https
2026-08-12 12:58:56.343069,u05,u05-mobile,adminportal.corp.local,9.59,https
2026-08-12 13:00:47.272325,u02,u02-laptop,github.corp.local,3.03,https
2026-08-12 13:03:12.021879,u05,u05-mobile,mail.corp.local,9.89,https
2026-08-12 13:05:40.826570,u05,u05-mobile,adminportal.corp.local,6.76,https
2026-08-12 13:06:13.990546,u05,u05-mobile,mail.corp.local,6.71,https
2026-08-12 13:06:43.656262,u14,u14-laptop,mail.corp.local,13.41,https
2026-08-12 13:06:43.774965,u12,u12-laptop,mail.corp.local,12.76,https
2026-08-12 13:08:47.415165,u05,u05-mobile,mail.corp.local,10.93,https
2026-08-12 13:14:57.493391,u05,u05-mobile,mail.corp.local,4.0,https
2026-08-12 13:26:57.376047,u11,u11-laptop,erp.corp.local,23.18,https
2026-08-12 13:31:21.610987,u14,u14-laptop,mail.corp.local,4.55,https
2026-08-12 13:41:21.114178,u14,u14-laptop,salesforce.corp.local,12.46,https
2026-08-12 13:42:43.509128,u05,u05-mobile,adminportal.corp.local,8.8,https
2026-08-12 13:42:44.871143,u05,u05-mobile,adminportal.corp.local,4.31,https
2026-08-12 13:44:19.132886,u05,u05-mobile,mail.corp.local,3.65,https
2026-08-12 13:51:59.213823,u12,u12-laptop,mail.corp.local,17.31,https
2026-08-12 13:54:44.514921,u05,u05-mobile,adminportal.corp.local,5.3,https
2026-08-12 14:01:09.628415,u05,u05-mobile,adminportal.corp.local,6.62,https
2026-08-12 14:05:02.977993,u14,u14-laptop,mail.corp.local,11.84,https
2026-08-12 14:08:46.135421,u05,u05-mobile,adminportal.corp.local,3.76,https
2026-08-12 14:10:12.542672,u14,u14-laptop,mail.corp.local,5.81,https
2026-08-12 14:13:22.385972,u05,u05-mobile,mail.corp.local,1.86,https
2026-08-12 14:46:26.537126,u09,u09-laptop,mail.corp.local,14.37,https
2026-08-12 15:21:06.718488,u09,u09-laptop,salesforce.corp.local,0.43,https
2026-08-12 22:34:14.956642,u10,u10-laptop,adminportal.corp.local,20.74,https
2026-08-12 22:47:35.573268,u10,u10-laptop,mail.corp.local,29.73,https
2026-08-12 23:07:13.088436,u10,u10-laptop,mail.corp.local,9.93,https
2026-08-12 23:12:51.798631,u10,u10-laptop,adminportal.corp.local,47.92,https
2026-08-13 00:49:18.603364,u10,u10-laptop,adminportal.corp.local,45.05,https
2026-08-13 00:53:17.894656,u10,u10-laptop,mail.corp.local,40.65,https
2026-08-13 00:56:05.152490,u10,u10-laptop,adminportal.corp.local,55.44,https
2026-08-13 08:34:03.778073,u13,u13-mobile,workday.corp.local,9.95,https
2026-08-13 08:36:33.308980,u13,u13-mobile,mail.corp.local,13.62,https
2026-08-13 08:37:59.915192,u13,u13-mobile,workday.corp.local,15.39,https
2026-08-13 08:53:41.331608,u08,u08-laptop,workday.corp.local,2.5,https
2026-08-13 08:55:07.195415,u15,u15-laptop,adminportal.corp.local,16.82,https
2026-08-13 09:00:34.319004,u13,u13-mobile,workday.corp.local,7.4,https
2026-08-13 09:02:14.405645,u06,u06-laptop,sap.corp.local,53.96,https
2026-08-13 09:12:25.073712,u13,u13-mobile,mail.corp.local,5.87,https
2026-08-13 09:16:36.899483,u06,u06-laptop,sap.corp.local,61.44,https
2026-08-13 09:18:09.754013,u15,u15-laptop,adminportal.corp.local,12.74,https
2026-08-13 09:18:53.914405,u06,u06-laptop,erp.corp.local,54.35,https
2026-08-13 09:24:20.750705,u08,u08-laptop,mail.corp.local,2.54,https
2026-08-13 09:25:58.086179,u13,u13-mobile,workday.corp.local,44.17,https
2026-08-13 09:28:57.767814,u05,u05-laptop,adminportal.corp.local,10.4,https
2026-08-13 09:32:28.566187,u13,u13-mobile,mail.corp.local,19.46,https
2026-08-13 09:34:43.579970,u13,u13-mobile,workday.corp.local,32.18,https
2026-08-13 09:39:08.040328,u13,u13-mobile,workday.corp.local,4.48,https
2026-08-13 09:44:28.201841,u08,u08-laptop,mail.corp.local,1.51,https
2026-08-13 09:46:28.414616,u06,u06-laptop,erp.corp.local,41.21,https
2026-08-13 09:48:43.760320,u05,u05-laptop,mail.corp.local,19.82,https
2026-08-13 09:48:55.987473,u11,u11-laptop,sap.corp.local,13.29,https
2026-08-13 09:49:52.071825,u13,u13-mobile,mail.corp.local,5.14,https
2026-08-13 09:50:03.459244,u13,u13-mobile,mail.corp.local,13.03,https
2026-08-13 09:59:39.215978,u01,u01-mobile,mail.corp.local,126.65,https
2026-08-13 10:00:14.680138,u13,u13-mobile,workday.corp.local,7.67,https
2026-08-13 10:01:26.931784,u08,u08-laptop,mail.corp.local,2.6,https
2026-08-13 10:06:22.619488,u11,u11-laptop,erp.corp.local,16.57,https
2026-08-13 10:10:10.123058,u01,u01-mobile,erp.corp.local,59.4,https
2026-08-13 10:11:32.876042,u05,u05-laptop,adminportal.corp.local,15.0,https
2026-08-13 10:24:17.207834,u05,u05-laptop,mail.corp.local,18.08,https
2026-08-13 10:25:00.021579,u14,u14-laptop,mail.corp.local,3.98,https
2026-08-13 10:26:32.070114,u04,u04-laptop,mail.corp.local,59.3,https
2026-08-13 10:27:47.071081,u08,u08-laptop,mail.corp.local,9.66,https
2026-08-13 10:28:35.816292,u11,u11-laptop,sap.corp.local,21.16,https
2026-08-13 10:30:42.017158,u11,u11-laptop,mail.corp.local,10.15,https
2026-08-13 10:36:22.157794,u11,u11-laptop,sap.corp.local,7.57,https
2026-08-13 10:38:50.646327,u14,u14-laptop,salesforce.corp.local,6.45,https
2026-08-13 10:40:15.521895,u13,u13-mobile,workday.corp.local,34.87,https
2026-08-13 10:41:27.618797,u14,u14-laptop,salesforce.corp.local,11.27,https
2026-08-13 10:41:48.954171,u11,u11-laptop,sap.corp.local,12.13,https
2026-08-13 10:43:07.908119,u14,u14-laptop,mail.corp.local,8.27,https
2026-08-13 10:47:27.298820,u11,u11-laptop,mail.corp.local,24.62,https
2026-08-13 10:48:48.737657,u08,u08-laptop,mail.corp.local,37.55,https
2026-08-13 10:49:12.540012,u14,u14-laptop,salesforce.corp.local,8.74,https
2026-08-13 10:49:18.004092,u04,u04-laptop,salesforce.corp.local,90.11,https
2026-08-13 10:49:45.836802,u11,u11-laptop,mail.corp.local,12.68,https
2026-08-13 10:54:39.031945,u05,u05-laptop,adminportal.corp.local,25.32,https
2026-08-13 10:56:24.841279,u11,u11-laptop,erp.corp.local,17.12,https
2026-08-13 10:59:52.428655,u08,u08-laptop,mail.corp.local,5.1,https
2026-08-13 11:03:39.682471,u14,u14-laptop,mail.corp.local,9.33,https
2026-08-13 11:05:12.864308,u11,u11-laptop,erp.corp.local,9.89,https
2026-08-13 11:05:52.445778,u07,u07-laptop,github.corp.local,37.84,https
2026-08-13 11:06:37.195335,u08,u08-laptop,mail.corp.local,7.21,https
2026-08-13 11:08:19.832296,u14,u14-laptop,mail.corp.local,9.53,https
2026-08-13 11:08:20.223060,u05,u05-laptop,adminportal.corp.local,31.07,https
2026-08-13 11:10:19.543167,u08,u08-laptop,mail.corp.local,4.03,https
2026-08-13 11:10:28.978932,u08,u08-laptop,workday.corp.local,6.37,https
2026-08-13 11:12:06.844625,u15,u15-laptop,adminportal.corp.local,17.02,https
2026-08-13 11:13:32.329913,u11,u11-laptop,sap.corp.local,26.78,https
2026-08-13 11:13:36.139216,u11,u11-laptop,mail.corp.local,5.11,https
2026-08-13 11:13:51.834325,u08,u08-laptop,mail.corp.local,4.84,https
2026-08-13 11:15:10.472067,u08,u08-laptop,mail.corp.local,3.04,https
2026-08-13 11:18:41.432197,u15,u15-laptop,adminportal.corp.local,18.43,https
2026-08-13 11:19:48.558637,u05,u05-laptop,adminportal.corp.local,21.34,https
2026-08-13 11:21:27.526290,u11,u11-laptop,mail.corp.local,24.82,https
2026-08-13 11:24:48.333248,u11,u11-laptop,sap.corp.local,37.92,https
2026-08-13 11:27:52.844631,u15,u15-laptop,adminportal.corp.local,12.28,https
2026-08-13 11:28:17.577709,u08,u08-laptop,workday.corp.local,2.22,https
2026-08-13 11:30:23.721985,u05,u05-laptop,mail.corp.local,36.19,https
2026-08-13 11:34:12.770131,u08,u08-laptop,mail.corp.local,2.29,https
2026-08-13 11:34:40.302172,u08,u08-laptop,mail.corp.local,7.16,https
2026-08-13 11:35:47.797974,u05,u05-laptop,mail.corp.local,19.14,https
2026-08-13 11:37:22.015964,u08,u08-laptop,mail.corp.local,3.35,https
2026-08-13 11:40:03.591835,u08,u08-laptop,workday.corp.local,8.59,https
2026-08-13 11:40:32.406534,u11,u11-laptop,erp.corp.local,18.35,https
2026-08-13 11:41:04.113376,u14,u14-laptop,salesforce.corp.local,2.42,https
2026-08-13 11:42:21.932127,u15,u15-laptop,adminportal.corp.local,15.53,https
2026-08-13 11:46:46.559385,u08,u08-laptop,mail.corp.local,4.73,https
2026-08-13 11:52:40.484315,u14,u14-laptop,mail.corp.local,32.17,https
2026-08-13 12:01:32.918949,u12,u12-laptop,github.corp.local,35.33,https
2026-08-13 12:03:45.829992,u14,u14-laptop,mail.corp.local,24.55,https
2026-08-13 12:07:59.381815,u12,u12-laptop,jira.corp.local,32.21,https
2026-08-13 12:08:51.327528,u08,u08-laptop,mail.corp.local,1.15,https
2026-08-13 12:09:56.819488,u15,u15-laptop,mail.corp.local,16.75,https
2026-08-13 12:10:09.348523,u02,u02-laptop,mail.corp.local,64.31,https
2026-08-13 12:13:05.508725,u05,u05-laptop,mail.corp.local,49.37,https
2026-08-13 12:16:53.718392,u07,u07-laptop,mail.corp.local,20.26,https
2026-08-13 12:17:07.688034,u14,u14-laptop,salesforce.corp.local,35.06,https
2026-08-13 12:19:54.724656,u08,u08-laptop,workday.corp.local,3.59,https
2026-08-13 12:20:15.101892,u02,u02-laptop,mail.corp.local,74.56,https
2026-08-13 12:23:12.212816,u15,u15-laptop,adminportal.corp.local,30.18,https
2026-08-13 12:30:15.112764,u12,u12-laptop,mail.corp.local,49.8,https
2026-08-13 12:32:31.784381,u15,u15-laptop,mail.corp.local,22.6,https
2026-08-13 12:33:01.040376,u08,u08-laptop,workday.corp.local,3.23,https
2026-08-13 12:41:51.070302,u05,u05-laptop,adminportal.corp.local,5.09,https
2026-08-13 12:43:07.453420,u08,u08-laptop,mail.corp.local,4.82,https
2026-08-13 12:43:42.945758,u08,u08-laptop,mail.corp.local,3.08,https
2026-08-13 12:43:53.001163,u02,u02-laptop,github.corp.local,45.18,https
2026-08-13 12:49:32.379551,u05,u05-laptop,adminportal.corp.local,14.25,https
2026-08-13 12:54:19.044704,u05,u05-laptop,mail.corp.local,7.08,https
2026-08-13 12:55:33.752177,u14,u14-laptop,salesforce.corp.local,30.6,https
2026-08-13 12:56:58.045606,u07,u07-laptop,github.corp.local,22.28,https
2026-08-13 13:02:53.026613,u05,u05-laptop,mail.corp.local,11.58,https
2026-08-13 13:06:32.752356,u03,u03-laptop,mail.corp.local,17.56,https
2026-08-13 13:16:26.914701,u03,u03-laptop,mail.corp.local,16.25,https
2026-08-13 13:17:36.613182,u03,u03-laptop,workday.corp.local,21.66,https
2026-08-13 13:45:51.009865,u05,u05-laptop,adminportal.corp.local,13.48,https
2026-08-13 14:12:57.033899,u09,u09-mobile,mail.corp.local,33.67,https
2026-08-13 14:15:42.987922,u09,u09-mobile,mail.corp.local,49.15,https
2026-08-13 14:17:23.262644,u09,u09-mobile,salesforce.corp.local,22.53,https
2026-08-13 14:57:19.714155,u09,u09-mobile,mail.corp.local,48.76,https
2026-08-13 14:58:09.201817,u09,u09-mobile,salesforce.corp.local,30.82,https
2026-08-13 15:17:24.602298,u09,u09-mobile,mail.corp.local,40.98,https
2026-08-13 15:23:13.058226,u09,u09-mobile,mail.corp.local,56.49,https
2026-08-14 01:39:03.055088,u10,u10-laptop,adminportal.corp.local,153.35,https
2026-08-14 01:53:03.444951,u10,u10-laptop,mail.corp.local,142.64,https
2026-08-14 08:10:29.988783,u03,u03-laptop,workday.corp.local,25.99,https
2026-08-14 08:35:58.619241,u02,u02-laptop,github.corp.local,3.58,https
2026-08-14 08:38:15.962875,u03,u03-laptop,mail.corp.local,7.06,https
2026-08-14 08:39:33.970970,u03,u03-laptop,mail.corp.local,4.82,https
2026-08-14 08:42:13.529793,u03,u03-laptop,workday.corp.local,6.01,https
2026-08-14 08:43:06.907788,u02,u02-laptop,jira.corp.local,6.7,https
2026-08-14 08:46:20.386817,u02,u02-laptop,github.corp.local,6.29,https
2026-08-14 08:46:21.318997,u02,u02-laptop,mail.corp.local,5.61,https
2026-08-14 08:46:25.560432,u03,u03-laptop,workday.corp.local,19.99,https
2026-08-14 08:50:52.725943,u04,u04-laptop,salesforce.corp.local,4.43,https
2026-08-14 08:59:53.743838,u02,u02-laptop,jira.corp.local,4.2,https
2026-08-14 09:00:19.897554,u02,u02-laptop,github.corp.local,2.28,https
2026-08-14 09:06:33.998006,u07,u07-laptop,mail.corp.local,23.9,https
2026-08-14 09:08:24.174035,u09,u09-mobile,mail.corp.local,4.8,https
2026-08-14 09:09:29.832335,u11,u11-laptop,mail.corp.local,9.61,https
2026-08-14 09:11:22.349448,u02,u02-laptop,github.corp.local,3.4,https
2026-08-14 09:13:13.475563,u03,u03-laptop,workday.corp.local,4.29,https
2026-08-14 09:16:20.122349,u05,u05-laptop,mail.corp.local,63.27,https
2026-08-14 09:17:08.977628,u02,u02-laptop,jira.corp.local,2.75,https
2026-08-14 09:17:50.940515,u03,u03-laptop,mail.corp.local,9.31,https
2026-08-14 09:23:07.551371,u09,u09-mobile,mail.corp.local,5.03,https
2026-08-14 09:23:32.392737,u13,u13-mobile,workday.corp.local,33.25,https
2026-08-14 09:26:23.670632,u07,u07-laptop,github.corp.local,55.22,https
2026-08-14 09:26:31.808286,u02,u02-laptop,github.corp.local,2.22,https
2026-08-14 09:27:11.864312,u09,u09-mobile,salesforce.corp.local,2.92,https
2026-08-14 09:27:13.761680,u06,u06-laptop,sap.corp.local,46.52,https
2026-08-14 09:28:29.694151,u09,u09-mobile,salesforce.corp.local,3.28,https
2026-08-14 09:28:49.429564,u11,u11-laptop,erp.corp.local,12.81,https
2026-08-14 09:31:26.076423,u02,u02-laptop,mail.corp.local,4.03,https
2026-08-14 09:40:40.997900,u13,u13-mobile,mail.corp.local,20.32,https
2026-08-14 09:43:17.555075,u11,u11-laptop,sap.corp.local,12.45,https
2026-08-14 09:44:36.817802,u02,u02-laptop,mail.corp.local,3.18,https
2026-08-14 09:48:50.320390,u13,u13-mobile,workday.corp.local,3.37,https
2026-08-14 09:51:43.978732,u03,u03-laptop,mail.corp.local,11.75,https
2026-08-14 09:53:11.123962,u11,u11-laptop,erp.corp.local,16.69,https
2026-08-14 09:53:59.446127,u11,u11-laptop,erp.corp.local,12.26,https
2026-08-14 09:56:01.294778,u13,u13-mobile,workday.corp.local,17.96,https
2026-08-14 09:56:51.922923,u09,u09-mobile,mail.corp.local,3.9,https
2026-08-14 09:57:16.751189,u04,u04-laptop,salesforce.corp.local,6.72,https
2026-08-14 09:59:29.863003,u04,u04-laptop,salesforce.corp.local,5.24,https
2026-08-14 10:02:17.607550,u04,u04-laptop,mail.corp.local,5.64,https
2026-08-14 10:02:31.303510,u13,u13-mobile,workday.corp.local,5.17,https
2026-08-14 10:02:36.946950,u14,u14-laptop,mail.corp.local,2.26,https
2026-08-14 10:03:27.959957,u14,u14-laptop,mail.corp.local,3.3,https
2026-08-14 10:03:40.133708,u02,u02-laptop,mail.corp.local,1.31,https
2026-08-14 10:06:17.707854,u04,u04-laptop,salesforce.corp.local,5.72,https
2026-08-14 10:07:32.208472,u03,u03-laptop,mail.corp.local,10.0,https
2026-08-14 10:08:31.558168,u15,u15-laptop,adminportal.corp.local,20.87,https
2026-08-14 10:09:01.993539,u14,u14-laptop,mail.corp.local,2.01,https
2026-08-14 10:09:51.100784,u09,u09-mobile,salesforce.corp.local,6.71,https
2026-08-14 10:11:14.237598,u13,u13-mobile,mail.corp.local,35.77,https
2026-08-14 10:12:25.483868,u14,u14-laptop,mail.corp.local,2.48,https
2026-08-14 10:15:09.909014,u11,u11-laptop,erp.corp.local,13.65,https
2026-08-14 10:16:08.819064,u08,u08-laptop,workday.corp.local,6.26,https
2026-08-14 10:19:45.279784,u02,u02-laptop,mail.corp.local,3.5,https
2026-08-14 10:20:34.607381,u13,u13-mobile,workday.corp.local,3.66,https
2026-08-14 10:23:14.885736,u13,u13-mobile,mail.corp.local,17.07,https
2026-08-14 10:28:55.672505,u14,u14-laptop,mail.corp.local,4.06,https
2026-08-14 10:32:40.129684,u07,u07-laptop,github.corp.local,4.57,https
2026-08-14 10:33:07.314557,u14,u14-laptop,salesforce.corp.local,3.11,https
2026-08-14 10:38:44.522612,u06,u06-laptop,sap.corp.local,34.07,https
2026-08-14 10:40:57.955964,u06,u06-laptop,sap.corp.local,14.81,https
2026-08-14 10:42:15.635451,u15,u15-laptop,mail.corp.local,44.32,https
2026-08-14 10:45:05.065921,u14,u14-laptop,salesforce.corp.local,1.38,https
2026-08-14 10:45:10.435608,u04,u04-laptop,mail.corp.local,3.67,https
2026-08-14 10:45:33.701983,u03,u03-laptop,workday.corp.local,6.83,https
2026-08-14 10:46:22.889293,u04,u04-laptop,mail.corp.local,5.54,https
2026-08-14 10:46:45.889119,u14,u14-laptop,salesforce.corp.local,3.63,https
2026-08-14 10:47:49.396062,u14,u14-laptop,salesforce.corp.local,5.39,https
2026-08-14 10:49:12.185895,u13,u13-mobile,workday.corp.local,4.43,https
2026-08-14 10:49:17.211430,u01,u01-mobile,mail.corp.local,14.24,https
2026-08-14 10:49:30.805728,u11,u11-laptop,sap.corp.local,6.36,https
2026-08-14 10:50:07.773588,u08,u08-laptop,workday.corp.local,6.16,https
2026-08-14 10:50:17.524002,u04,u04-laptop,mail.corp.local,11.55,https
2026-08-14 10:50:18.255248,u01,u01-mobile,erp.corp.local,14.62,https
2026-08-14 10:51:14.769513,u12,u12-laptop,jira.corp.local,4.42,https
2026-08-14 10:52:35.781370,u12,u12-laptop,jira.corp.local,9.11,https
2026-08-14 10:56:00.767751,u11,u11-laptop,mail.corp.local,13.63,https
2026-08-14 10:56:28.436186,u11,u11-laptop,sap.corp.local,10.06,https
2026-08-14 10:58:32.493741,u11,u11-laptop,mail.corp.local,25.25,https
2026-08-14 11:01:12.954849,u13,u13-mobile,mail.corp.local,7.9,https
2026-08-14 11:01:27.045752,u04,u04-laptop,salesforce.corp.local,3.77,https
2026-08-14 11:01:42.180967,u14,u14-laptop,salesforce.corp.local,3.47,https
2026-08-14 11:02:18.451479,u15,u15-laptop,mail.corp.local,38.6,https
2026-08-14 11:03:06.075866,u07,u07-laptop,mail.corp.local,7.85,https
2026-08-14 11:03:28.578118,u12,u12-laptop,jira.corp.local,4.52,https
2026-08-14 11:04:23.183977,u13,u13-mobile,mail.corp.local,4.16,https
2026-08-14 11:05:20.810234,u14,u14-laptop,salesforce.corp.local,3.76,https
2026-08-14 11:12:55.189657,u11,u11-laptop,sap.corp.local,7.87,https
2026-08-14 11:13:04.766613,u12,u12-laptop,mail.corp.local,7.58,https
2026-08-14 11:14:47.902119,u08,u08-laptop,mail.corp.local,8.69,https
2026-08-14 11:15:05.670968,u13,u13-mobile,workday.corp.local,16.57,https
2026-08-14 11:15:36.142695,u13,u13-mobile,workday.corp.local,9.86,https
2026-08-14 11:15:42.620702,u13,u13-mobile,workday.corp.local,10.73,https
2026-08-14 11:16:39.515144,u15,u15-laptop,mail.corp.local,30.59,https
2026-08-14 11:17:26.069056,u08,u08-laptop,workday.corp.local,7.64,https
2026-08-14 11:19:55.942786,u12,u12-laptop,github.corp.local,3.51,https
2026-08-14 11:20:24.983394,u11,u11-laptop,erp.corp.local,11.13,https
2026-08-14 11:28:53.614162,u02,u02-laptop,jira.corp.local,10.74,https
2026-08-14 11:31:08.724991,u14,u14-laptop,salesforce.corp.local,36.87,https
2026-08-14 11:34:36.035788,u12,u12-laptop,mail.corp.local,2.78,https
2026-08-14 11:35:16.648719,u12,u12-laptop,mail.corp.local,3.09,https
2026-08-14 11:36:28.770684,u04,u04-laptop,mail.corp.local,18.82,https
2026-08-14 11:37:15.432328,u06,u06-laptop,mail.corp.local,61.11,https
2026-08-14 11:37:45.167520,u08,u08-laptop,workday.corp.local,14.65,https
2026-08-14 11:38:16.605315,u01,u01-mobile,sap.corp.local,4.02,https
2026-08-14 11:39:13.642943,u02,u02-laptop,mail.corp.local,5.68,https
2026-08-14 11:39:29.363722,u05,u05-laptop,mail.corp.local,12.24,https
2026-08-14 11:39:36.593222,u12,u12-laptop,mail.corp.local,10.62,https
2026-08-14 11:44:20.077285,u09,u09-mobile,salesforce.corp.local,1.54,https
2026-08-14 11:46:02.465492,u12,u12-laptop,github.corp.local,7.42,https
2026-08-14 11:46:28.747139,u01,u01-mobile,erp.corp.local,5.34,https
2026-08-14 11:46:47.610563,u01,u01-mobile,erp.corp.local,8.24,https
2026-08-14 11:47:05.264822,u13,u13-mobile,workday.corp.local,5.22,https
2026-08-14 11:47:46.715763,u01,u01-mobile,sap.corp.local,15.67,https
2026-08-14 11:49:37.229597,u09,u09-mobile,salesforce.corp.local,1.75,https
2026-08-14 11:49:58.272198,u08,u08-laptop,workday.corp.local,11.06,https
2026-08-14 11:53:47.770286,u07,u07-laptop,github.corp.local,17.97,https
2026-08-14 11:55:14.173140,u09,u09-mobile,mail.corp.local,2.37,https
2026-08-14 11:56:57.313028,u09,u09-mobile,salesforce.corp.local,1.72,https
2026-08-14 12:00:52.053428,u07,u07-laptop,jira.corp.local,2.77,https
2026-08-14 12:01:32.757706,u01,u01-mobile,mail.corp.local,17.12,https
2026-08-14 12:01:43.633980,u13,u13-mobile,mail.corp.local,13.31,https
2026-08-14 12:02:25.061727,u06,u06-laptop,mail.corp.local,42.16,https
2026-08-14 12:03:15.288254,u03,u03-laptop,mail.corp.local,3.63,https
2026-08-14 12:08:19.212211,u02,u02-laptop,jira.corp.local,3.18,https
2026-08-14 12:08:20.831511,u02,u02-laptop,mail.corp.local,5.86,https
2026-08-14 12:09:48.425008,u05,u05-laptop,mail.corp.local,16.99,https
2026-08-14 12:10:22.766703,u07,u07-laptop,mail.corp.local,8.98,https
2026-08-14 12:13:29.005206,u13,u13-mobile,workday.corp.local,11.11,https
2026-08-14 12:13:43.682623,u01,u01-mobile,sap.corp.local,6.46,https
2026-08-14 12:14:30.420841,u07,u07-laptop,jira.corp.local,2.65,https
2026-08-14 12:17:17.995317,u14,u14-laptop,mail.corp.local,13.68,https
2026-08-14 12:18:53.198746,u05,u05-laptop,adminportal.corp.local,0.64,https
2026-08-14 12:19:37.719898,u05,u05-laptop,adminportal.corp.local,7.01,https
2026-08-14 12:20:27.426244,u01,u01-mobile,mail.corp.local,7.38,https
2026-08-14 12:22:34.662044,u01,u01-mobile,erp.corp.local,9.28,https
2026-08-14 12:23:45.686800,u07,u07-laptop,github.corp.local,7.14,https
2026-08-14 12:25:10.442537,u07,u07-laptop,jira.corp.local,4.35,https
2026-08-14 12:28:06.668619,u05,u05-laptop,mail.corp.local,10.78,https
2026-08-14 12:30:25.881810,u03,u03-laptop,workday.corp.local,3.97,https
2026-08-14 12:30:27.891643,u05,u05-laptop,adminportal.corp.local,11.91,https
2026-08-14 12:33:39.989997,u03,u03-laptop,mail.corp.local,4.6,https
2026-08-14 12:34:05.027381,u05,u05-laptop,mail.corp.local,4.14,https
2026-08-14 12:34:10.137938,u12,u12-laptop,mail.corp.local,19.51,https
2026-08-14 12:34:47.521197,u05,u05-laptop,mail.corp.local,3.85,https
2026-08-14 12:36:02.751501,u08,u08-laptop,workday.corp.local,14.9,https
2026-08-14 12:36:29.557451,u14,u14-laptop,salesforce.corp.local,14.08,https
2026-08-14 12:36:33.007467,u01,u01-mobile,erp.corp.local,7.23,https
2026-08-14 12:39:47.438337,u08,u08-laptop,mail.corp.local,11.14,https
2026-08-14 12:39:52.598163,u09,u09-mobile,mail.corp.local,16.14,https
2026-08-14 12:40:21.541668,u05,u05-laptop,adminportal.corp.local,3.2,https
2026-08-14 12:41:11.407195,u05,u05-laptop,adminportal.corp.local,4.51,https
2026-08-14 12:44:18.125503,u08,u08-laptop,mail.corp.local,10.75,https
2026-08-14 12:45:49.944394,u05,u05-laptop,adminportal.corp.local,3.93,https
2026-08-14 12:46:04.496824,u12,u12-laptop,mail.corp.local,17.6,https
2026-08-14 12:47:47.151129,u09,u09-mobile,salesforce.corp.local,0.97,https
2026-08-14 12:47:53.397149,u12,u12-laptop,jira.corp.local,12.7,https
2026-08-14 12:50:01.854559,u01,u01-mobile,erp.corp.local,5.57,https
2026-08-14 12:50:48.168197,u03,u03-laptop,workday.corp.local,5.55,https
2026-08-14 12:51:00.087091,u09,u09-mobile,mail.corp.local,1.26,https
2026-08-14 12:52:06.507215,u09,u09-mobile,salesforce.corp.local,1.64,https
2026-08-14 12:54:30.930796,u03,u03-laptop,workday.corp.local,4.24,https
2026-08-14 12:57:49.645235,u02,u02-laptop,jira.corp.local,4.49,https
2026-08-14 13:02:24.920815,u05,u05-laptop,adminportal.corp.local,4.82,https
2026-08-14 13:03:20.699390,u07,u07-laptop,mail.corp.local,3.79,https
2026-08-14 13:03:21.280885,u07,u07-laptop,mail.corp.local,4.98,https
2026-08-14 13:07:16.446041,u01,u01-mobile,erp.corp.local,2.58,https
2026-08-14 13:09:52.187367,u14,u14-laptop,mail.corp.local,14.73,https
2026-08-14 13:10:17.864930,u14,u14-laptop,salesforce.corp.local,16.94,https
2026-08-14 13:15:36.793409,u09,u09-mobile,mail.corp.local,13.4,https
2026-08-14 13:16:21.744749,u01,u01-mobile,sap.corp.local,11.81,https
2026-08-14 13:22:19.597650,u05,u05-laptop,mail.corp.local,6.63,https
2026-08-14 13:22:33.420075,u01,u01-mobile,mail.corp.local,9.03,https
2026-08-14 13:29:48.218507,u01,u01-mobile,sap.corp.local,7.85,https
2026-08-14 13:47:32.962673,u07,u07-laptop,mail.corp.local,1.88,https
2026-08-14 13:57:59.428487,u07,u07-laptop,jira.corp.local,5.58,https
2026-08-14 13:58:50.132325,u01,u01-mobile,sap.corp.local,4.35,https
2026-08-14 14:00:35.649392,u09,u09-mobile,salesforce.corp.local,10.28,https
2026-08-14 14:01:01.694349,u01,u01-mobile,erp.corp.local,7.01,https
2026-08-14 14:02:52.802338,u01,u01-mobile,erp.corp.local,7.42,https
2026-08-14 14:05:24.478578,u07,u07-laptop,github.corp.local,5.49,https
2026-08-14 14:15:52.022649,u01,u01-mobile,mail.corp.local,8.56,https
2026-08-14 14:24:52.780687,u07,u07-laptop,github.corp.local,5.17,https
2026-08-14 14:28:44.305773,u01,u01-mobile,mail.corp.local,2.46,https
2026-08-14 22:44:29.559568,u10,u10-laptop,adminportal.corp.local,17.42,https
2026-08-14 22:45:40.963920,u10,u10-laptop,adminportal.corp.local,17.94,https
2026-08-14 22:45:43.729489,u10,u10-laptop,mail.corp.local,18.63,https
2026-08-14 22:56:57.897581,u10,u10-laptop,adminportal.corp.local,12.36,https
2026-08-14 23:15:16.157487,u10,u10-laptop,mail.corp.local,21.09,https
2026-08-14 23:18:02.450946,u10,u10-laptop,mail.corp.local,18.13,https
2026-08-14 23:19:12.704187,u10,u10-laptop,mail.corp.local,16.63,https
2026-08-14 23:24:55.306833,u10,u10-laptop,mail.corp.local,5.35,https
2026-08-14 23:25:35.789509,u10,u10-laptop,mail.corp.local,13.42,https
2026-08-14 23:31:55.674737,u10,u10-laptop,mail.corp.local,18.23,https
2026-08-14 23:35:05.265687,u10,u10-laptop,mail.corp.local,8.95,https
2026-08-14 23:39:57.470409,u10,u10-laptop,mail.corp.local,13.43,https
2026-08-14 23:55:42.263879,u10,u10-laptop,mail.corp.local,16.07,https
2026-08-15 00:12:44.013472,u10,u10-laptop,adminportal.corp.local,39.3,https
2026-08-15 00:17:55.761229,u10,u10-laptop,adminportal.corp.local,49.59,https
2026-08-15 08:23:29.845227,u13,u13-laptop,mail.corp.local,22.27,https
2026-08-15 08:31:01.488321,u13,u13-laptop,workday.corp.local,16.88,https
2026-08-15 09:02:45.365920,u13,u13-laptop,mail.corp.local,30.85,https
2026-08-15 09:34:52.786374,u12,u12-laptop,github.corp.local,12.42,https
2026-08-15 09:48:14.387463,u12,u12-laptop,jira.corp.local,19.42,https
2026-08-15 09:55:27.893180,u12,u12-laptop,jira.corp.local,27.26,https
2026-08-15 10:08:11.352888,u09,u09-mobile,mail.corp.local,29.77,https
2026-08-15 10:12:58.779757,u12,u12-laptop,github.corp.local,23.02,https
2026-08-15 10:44:27.125756,u09,u09-mobile,salesforce.corp.local,10.61,https
2026-08-15 10:51:05.691435,u09,u09-mobile,salesforce.corp.local,20.96,https
2026-08-15 10:51:32.282913,u09,u09-mobile,salesforce.corp.local,10.51,https
2026-08-15 11:16:21.419534,u09,u09-mobile,salesforce.corp.local,21.02,https
2026-08-15 11:37:34.918170,u13,u13-laptop,mail.corp.local,29.71,https
2026-08-15 11:42:47.120127,u07,u07-laptop,mail.corp.local,34.98,https
2026-08-15 11:53:33.532170,u07,u07-laptop,mail.corp.local,19.11,https
2026-08-15 11:55:50.657329,u07,u07-laptop,jira.corp.local,45.56,https
2026-08-15 13:10:31.533124,u14,u14-laptop,mail.corp.local,131.17,https
2026-08-15 13:16:26.569632,u14,u14-laptop,salesforce.corp.local,121.67,https
2026-08-15 14:06:15.167934,u14,u14-laptop,mail.corp.local,109.8,https
2026-08-15 21:52:29.893415,u10,u10-laptop,adminportal.corp.local,134.39,https
2026-08-15 21:58:32.914443,u10,u10-laptop,mail.corp.local,120.83,https
2026-08-15 22:36:30.581923,u10,u10-laptop,adminportal.corp.local,177.6,https
2026-08-16 07:50:39.318296,u13,u13-laptop,workday.corp.local,20.75,https
2026-08-16 08:38:35.460886,u13,u13-laptop,workday.corp.local,39.54,https
2026-08-16 08:57:04.880106,u13,u13-laptop,mail.corp.local,44.41,https
2026-08-16 08:59:07.233685,u13,u13-laptop,mail.corp.local,26.68,https
2026-08-16 09:12:31.220048,u13,u13-laptop,workday.corp.local,42.96,https
2026-08-16 10:06:16.393361,u15,u15-laptop,adminportal.corp.local,8.27,https
2026-08-16 10:23:33.015386,u06,u06-laptop,erp.corp.local,31.28,https
2026-08-16 10:26:40.550857,u15,u15-laptop,adminportal.corp.local,8.82,https
2026-08-16 10:26:44.775979,u15,u15-laptop,mail.corp.local,12.04,https
2026-08-16 10:34:23.832964,u02,u02-laptop,jira.corp.local,10.92,https
2026-08-16 10:36:44.495326,u14,u14-laptop,mail.corp.local,124.46,https
2026-08-16 10:57:16.620586,u15,u15-laptop,adminportal.corp.local,10.94,https
2026-08-16 11:01:07.429111,u06,u06-laptop,sap.corp.local,24.72,https
2026-08-16 11:25:42.824031,u06,u06-laptop,erp.corp.local,18.46,https
2026-08-16 11:28:03.183314,u02,u02-laptop,github.corp.local,4.67,https
2026-08-16 11:41:58.250044,u06,u06-laptop,erp.corp.local,32.13,https
2026-08-16 11:46:46.648983,u02,u02-laptop,mail.corp.local,9.09,https
2026-08-16 11:56:27.732216,u02,u02-laptop,jira.corp.local,11.45,https
2026-08-16 12:01:01.736508,u02,u02-laptop,github.corp.local,7.01,https
2026-08-16 12:05:10.312009,u02,u02-laptop,github.corp.local,4.81,https
2026-08-16 12:07:20.499715,u02,u02-laptop,github.corp.local,8.27,https
2026-08-16 12:28:02.421125,u02,u02-laptop,github.corp.local,10.47,https
2026-08-16 12:28:09.761576,u02,u02-laptop,mail.corp.local,12.82,https
2026-08-16 12:31:33.599883,u02,u02-laptop,jira.corp.local,14.87,https
2026-08-16 12:42:21.233651,u02,u02-laptop,github.corp.local,8.07,https
2026-08-16 13:01:29.174998,u14,u14-laptop,mail.corp.local,19.19,https
2026-08-16 13:28:49.786078,u14,u14-laptop,mail.corp.local,20.37,https
2026-08-16 14:19:32.675716,u14,u14-laptop,salesforce.corp.local,16.12,https
2026-08-17 08:07:09.002691,u02,u02-laptop,jira.corp.local,7.76,https
2026-08-17 08:14:35.900113,u15,u15-laptop,adminportal.corp.local,6.48,https
2026-08-17 08:16:26.026668,u15,u15-laptop,adminportal.corp.local,8.77,https
2026-08-17 08:20:14.241228,u15,u15-laptop,adminportal.corp.local,9.64,https
2026-08-17 08:25:45.051561,u04,u04-laptop,mail.corp.local,5.26,https
2026-08-17 08:26:27.032358,u15,u15-laptop,adminportal.corp.local,2.34,https
2026-08-17 08:41:29.278249,u04,u04-laptop,mail.corp.local,5.27,https
2026-08-17 08:44:57.370459,u04,u04-laptop,mail.corp.local,5.96,https
2026-08-17 08:50:24.005390,u04,u04-laptop,salesforce.corp.local,5.74,https
2026-08-17 08:53:33.159079,u02,u02-laptop,github.corp.local,8.36,https
2026-08-17 08:55:27.935483,u04,u04-laptop,salesforce.corp.local,10.77,https
2026-08-17 09:04:16.608470,u03,u03-laptop,workday.corp.local,20.95,https
2026-08-17 09:06:45.940349,u14,u14-laptop,mail.corp.local,10.12,https
2026-08-17 09:10:43.154234,u02,u02-laptop,github.corp.local,10.74,https
2026-08-17 09:12:35.927508,u04,u04-laptop,salesforce.corp.local,3.53,https
2026-08-17 09:12:40.824366,u05,u05-mobile,adminportal.corp.local,33.87,https
2026-08-17 09:13:19.462049,u04,u04-laptop,salesforce.corp.local,4.37,https
2026-08-17 09:13:20.274167,u03,u03-laptop,workday.corp.local,36.08,https
2026-08-17 09:13:24.375009,u15,u15-laptop,adminportal.corp.local,10.43,https
2026-08-17 09:14:17.359803,u04,u04-laptop,salesforce.corp.local,1.22,https
2026-08-17 09:14:53.923843,u11,u11-laptop,mail.corp.local,11.24,https
2026-08-17 09:16:15.586169,u04,u04-laptop,mail.corp.local,6.43,https
2026-08-17 09:23:53.839582,u02,u02-laptop,mail.corp.local,7.49,https
2026-08-17 09:24:00.615794,u02,u02-laptop,mail.corp.local,8.93,https
2026-08-17 09:24:22.472979,u11,u11-laptop,erp.corp.local,0.25,https
2026-08-17 09:24:30.020881,u04,u04-laptop,salesforce.corp.local,4.1,https
2026-08-17 09:24:43.044689,u11,u11-laptop,erp.corp.local,11.83,https
2026-08-17 09:30:21.668836,u14,u14-laptop,mail.corp.local,13.06,https
2026-08-17 09:33:31.258785,u11,u11-laptop,sap.corp.local,13.25,https
2026-08-17 09:35:59.742735,u13,u13-mobile,workday.corp.local,11.51,https
2026-08-17 09:37:11.809966,u14,u14-laptop,salesforce.corp.local,7.86,https
2026-08-17 09:48:16.143615,u14,u14-laptop,mail.corp.local,8.89,https
2026-08-17 09:49:51.329853,u06,u06-laptop,mail.corp.local,37.64,https
2026-08-17 09:50:59.444213,u04,u04-laptop,salesforce.corp.local,3.69,https
2026-08-17 09:54:25.741896,u04,u04-laptop,salesforce.corp.local,3.2,https
2026-08-17 09:54:32.818716,u07,u07-laptop,mail.corp.local,5.65,https
2026-08-17 09:55:28.224076,u04,u04-laptop,salesforce.corp.local,1.6,https
2026-08-17 09:55:59.542791,u07,u07-laptop,jira.corp.local,5.78,https
2026-08-17 09:56:20.482048,u04,u04-laptop,mail.corp.local,2.9,https
2026-08-17 09:58:23.197079,u14,u14-laptop,salesforce.corp.local,8.66,https
2026-08-17 10:01:10.256300,u14,u14-laptop,mail.corp.local,27.92,https
2026-08-17 10:02:56.933858,u11,u11-laptop,mail.corp.local,6.83,https
2026-08-17 10:04:34.634655,u13,u13-mobile,mail.corp.local,21.67,https
2026-08-17 10:05:53.749580,u04,u04-laptop,salesforce.corp.local,9.92,https
2026-08-17 10:06:46.541726,u04,u04-laptop,salesforce.corp.local,7.33,https
2026-08-17 10:07:21.041163,u11,u11-laptop,sap.corp.local,5.74,https
2026-08-17 10:09:30.072393,u02,u02-laptop,mail.corp.local,10.95,https
2026-08-17 10:09:30.268540,u03,u03-laptop,workday.corp.local,19.38,https
2026-08-17 10:10:28.864065,u08,u08-laptop,workday.corp.local,69.9,https
2026-08-17 10:11:10.820228,u03,u03-laptop,mail.corp.local,15.53,https
2026-08-17 10:11:28.132166,u13,u13-mobile,workday.corp.local,31.12,https
2026-08-17 10:15:52.394249,u08,u08-laptop,mail.corp.local,51.12,https
2026-08-17 10:15:59.531193,u02,u02-laptop,jira.corp.local,11.27,https
2026-08-17 10:16:45.960842,u03,u03-laptop,workday.corp.local,4.5,https
2026-08-17 10:19:24.050268,u04,u04-laptop,mail.corp.local,11.63,https
2026-08-17 10:20:11.512694,u03,u03-laptop,mail.corp.local,3.86,https
2026-08-17 10:20:15.736103,u04,u04-laptop,salesforce.corp.local,1.62,https
2026-08-17 10:20:40.238797,u04,u04-laptop,salesforce.corp.local,1.39,https
2026-08-17 10:23:01.554694,u05,u05-mobile,adminportal.corp.local,24.53,https
2026-08-17 10:23:39.779478,u02,u02-laptop,jira.corp.local,2.55,https
2026-08-17 10:25:48.400616,u03,u03-laptop,workday.corp.local,3.57,https
2026-08-17 10:26:13.180716,u01,u01-mobile,sap.corp.local,21.4,https
2026-08-17 10:27:42.693546,u13,u13-mobile,workday.corp.local,13.48,https
2026-08-17 10:27:50.562868,u11,u11-laptop,mail.corp.local,18.97,https
2026-08-17 10:30:22.462857,u13,u13-mobile,workday.corp.local,10.2,https
2026-08-17 10:31:25.775026,u11,u11-laptop,sap.corp.local,12.93,https
2026-08-17 10:31:44.557507,u04,u04-laptop,mail.corp.local,1.42,https
2026-08-17 10:31:52.605917,u05,u05-mobile,mail.corp.local,77.1,https
2026-08-17 10:31:53.026040,u14,u14-laptop,mail.corp.local,8.2,https
2026-08-17 10:34:33.965386,u11,u11-laptop,erp.corp.local,44.06,https
2026-08-17 10:37:02.830960,u15,u15-laptop,adminportal.corp.local,13.8,https
2026-08-17 10:37:03.939210,u06,u06-laptop,sap.corp.local,37.95,https
2026-08-17 10:38:20.504758,u08,u08-laptop,mail.corp.local,67.73,https
2026-08-17 10:40:28.961462,u13,u13-mobile,workday.corp.local,27.61,https
2026-08-17 10:40:42.621463,u14,u14-laptop,mail.corp.local,15.87,https
2026-08-17 10:41:19.993386,u13,u13-mobile,mail.corp.local,14.62,https
2026-08-17 10:44:17.512085,u11,u11-laptop,mail.corp.local,5.7,https
2026-08-17 10:45:16.240796,u13,u13-mobile,mail.corp.local,28.03,https
2026-08-17 10:45:24.839577,u02,u02-laptop,github.corp.local,3.99,https
2026-08-17 10:46:44.537220,u02,u02-laptop,mail.corp.local,3.67,https
2026-08-17 10:47:48.400280,u15,u15-laptop,adminportal.corp.local,14.67,https
2026-08-17 10:47:53.071682,u04,u04-laptop,salesforce.corp.local,1.85,https
2026-08-17 10:50:25.865166,u03,u03-laptop,workday.corp.local,2.79,https
2026-08-17 10:51:53.285491,u05,u05-mobile,mail.corp.local,5.51,https
2026-08-17 10:52:43.174186,u07,u07-laptop,github.corp.local,2.34,https
2026-08-17 10:54:04.534718,u05,u05-mobile,adminportal.corp.local,87.69,https
2026-08-17 10:55:04.846540,u05,u05-mobile,mail.corp.local,3.3,https
2026-08-17 10:55:13.820466,u11,u11-laptop,sap.corp.local,8.03,https
2026-08-17 10:55:29.813426,u15,u15-laptop,mail.corp.local,15.69,https
2026-08-17 10:56:48.073592,u15,u15-laptop,mail.corp.local,6.85,https
2026-08-17 10:58:19.607744,u02,u02-laptop,mail.corp.local,2.76,https
2026-08-17 11:00:15.659503,u08,u08-laptop,mail.corp.local,71.43,https
2026-08-17 11:01:05.657707,u02,u02-laptop,mail.corp.local,3.24,https
2026-08-17 11:01:35.796028,u15,u15-laptop,adminportal.corp.local,12.53,https
2026-08-17 11:01:42.130624,u08,u08-laptop,workday.corp.local,59.17,https
2026-08-17 11:02:41.808256,u02,u02-laptop,mail.corp.local,2.76,https
2026-08-17 11:02:48.759219,u07,u07-laptop,mail.corp.local,5.31,https
2026-08-17 11:03:25.267012,u05,u05-mobile,mail.corp.local,5.15,https
2026-08-17 11:04:18.433910,u03,u03-laptop,workday.corp.local,2.9,https
2026-08-17 11:04:37.673147,u14,u14-laptop,salesforce.corp.local,16.94,https
2026-08-17 11:06:55.147837,u14,u14-laptop,salesforce.corp.local,5.91,https
2026-08-17 11:07:26.247861,u11,u11-laptop,mail.corp.local,9.45,https
2026-08-17 11:08:40.158840,u02,u02-laptop,github.corp.local,7.32,https
2026-08-17 11:09:49.324597,u09,u09-mobile,mail.corp.local,24.82,https
2026-08-17 11:09:53.661651,u02,u02-laptop,github.corp.local,5.05,https
2026-08-17 11:10:19.138859,u07,u07-laptop,github.corp.local,8.0,https
2026-08-17 11:11:25.715063,u01,u01-mobile,erp.corp.local,92.47,https
2026-08-17 11:12:02.682215,u09,u09-mobile,salesforce.corp.local,29.94,https
2026-08-17 11:12:12.393180,u11,u11-laptop,mail.corp.local,7.12,https
2026-08-17 11:12:28.725110,u02,u02-laptop,github.corp.local,6.84,https
2026-08-17 11:13:52.315099,u02,u02-laptop,jira.corp.local,5.03,https
2026-08-17 11:15:46.874301,u14,u14-laptop,salesforce.corp.local,3.73,https
2026-08-17 11:20:40.710644,u11,u11-laptop,sap.corp.local,10.85,https
2026-08-17 11:21:14.809637,u01,u01-mobile,erp.corp.local,37.79,https
2026-08-17 11:21:20.780506,u02,u02-laptop,github.corp.local,2.49,https
2026-08-17 11:22:48.345196,u05,u05-mobile,mail.corp.local,7.76,https
2026-08-17 11:27:43.509959,u07,u07-laptop,github.corp.local,3.9,https
2026-08-17 11:28:15.033725,u05,u05-mobile,mail.corp.local,3.7,https
2026-08-17 11:31:28.005974,u15,u15-laptop,mail.corp.local,7.96,https
2026-08-17 11:33:14.564003,u05,u05-mobile,mail.corp.local,2.27,https
2026-08-17 11:40:30.755347,u05,u05-mobile,mail.corp.local,5.28,https
2026-08-17 11:42:56.085316,u15,u15-laptop,adminportal.corp.local,8.96,https
2026-08-17 11:44:04.224779,u15,u15-laptop,mail.corp.local,7.34,https
2026-08-17 11:46:09.560905,u11,u11-laptop,mail.corp.local,5.49,https
2026-08-17 11:46:12.516638,u05,u05-mobile,mail.corp.local,4.4,https
2026-08-17 11:49:06.184561,u07,u07-laptop,github.corp.local,6.45,https
2026-08-17 11:49:23.015299,u15,u15-laptop,adminportal.corp.local,9.49,https
2026-08-17 11:49:43.636085,u15,u15-laptop,adminportal.corp.local,14.62,https
2026-08-17 11:56:14.619512,u07,u07-laptop,jira.corp.local,11.7,https
2026-08-17 11:56:24.924915,u09,u09-mobile,mail.corp.local,5.73,https
2026-08-17 12:06:37.534397,u02,u02-laptop,jira.corp.local,4.56,https
2026-08-17 12:15:52.776836,u05,u05-mobile,mail.corp.local,6.29,https
2026-08-17 12:18:01.331281,u05,u05-mobile,mail.corp.local,6.64,https
2026-08-17 12:20:53.467511,u09,u09-mobile,mail.corp.local,11.92,https
2026-08-17 12:20:57.110684,u07,u07-laptop,jira.corp.local,7.63,https
2026-08-17 12:29:24.231641,u07,u07-laptop,github.corp.local,5.85,https
2026-08-17 12:30:23.486445,u09,u09-mobile,salesforce.corp.local,15.25,https
2026-08-17 12:33:55.483117,u03,u03-laptop,workday.corp.local,16.89,https
2026-08-17 12:37:56.889486,u09,u09-mobile,salesforce.corp.local,8.01,https
2026-08-17 12:39:22.236705,u07,u07-laptop,github.corp.local,14.97,https
2026-08-17 12:47:26.408150,u07,u07-laptop,github.corp.local,11.45,https
2026-08-17 12:51:30.382343,u03,u03-laptop,mail.corp.local,20.51,https
2026-08-17 13:05:52.017897,u03,u03-laptop,mail.corp.local,15.74,https
2026-08-17 13:12:24.655289,u12,u12-laptop,github.corp.local,10.68,https
2026-08-17 13:27:03.635059,u09,u09-mobile,mail.corp.local,19.6,https
2026-08-17 13:29:17.391897,u12,u12-laptop,github.corp.local,13.08,https
2026-08-17 13:43:15.058789,u05,u05-mobile,mail.corp.local,42.25,https
2026-08-17 13:46:01.035740,u05,u05-mobile,adminportal.corp.local,38.05,https
2026-08-17 13:51:29.643694,u12,u12-laptop,jira.corp.local,14.89,https
2026-08-17 13:57:53.366916,u12,u12-laptop,github.corp.local,16.51,https
2026-08-17 14:07:04.959653,u12,u12-laptop,github.corp.local,10.35,https
2026-08-17 14:16:32.197052,u12,u12-laptop,github.corp.local,14.03,https
2026-08-17 23:09:18.285599,u10,u10-laptop,adminportal.corp.local,35.01,https
2026-08-17 23:38:40.217189,u10,u10-laptop,adminportal.corp.local,45.65,https
2026-08-17 23:49:06.366615,u10,u10-laptop,adminportal.corp.local,19.49,https
2026-08-17 23:59:39.709513,u10,u10-laptop,mail.corp.local,27.57,https
2026-08-18 00:26:27.618319,u10,u10-laptop,mail.corp.local,26.79,https
2026-08-18 00:54:20.036654,u10,u10-laptop,mail.corp.local,22.34,https
2026-08-18 00:58:24.261803,u10,u10-laptop,adminportal.corp.local,20.75,https
2026-08-18 01:22:00.131502,u10,u10-laptop,mail.corp.local,28.62,https
2026-08-18 06:01:50.403709,u03,u03-laptop,mail.corp.local,54.81,https
2026-08-18 06:34:06.608833,u15,u15-laptop,mail.corp.local,24.28,https
2026-08-18 06:40:12.108394,u08,u08-laptop,mail.corp.local,17.92,https
2026-08-18 06:57:07.728450,u08,u08-laptop,mail.corp.local,9.98,https
2026-08-18 07:48:54.291858,u08,u08-laptop,workday.corp.local,10.87,https
2026-08-18 08:05:41.914910,u13,u13-laptop,workday.corp.local,44.71,https
2026-08-18 08:29:30.925391,u12,u12-laptop,mail.corp.local,18.98,https
2026-08-18 08:41:35.377961,u07,u07-laptop,mail.corp.local,5.16,https
2026-08-18 08:44:14.576416,u03,u03-laptop,mail.corp.local,8.26,https
2026-08-18 08:52:14.507658,u01,u01-laptop,sap.corp.local,4.08,https
2026-08-18 08:53:04.115540,u01,u01-laptop,mail.corp.local,4.15,https
2026-08-18 08:56:46.867593,u03,u03-laptop,workday.corp.local,6.4,https
2026-08-18 08:57:10.008007,u07,u07-laptop,github.corp.local,2.08,https
2026-08-18 08:58:40.473659,u01,u01-laptop,sap.corp.local,3.24,https
2026-08-18 09:08:00.637991,u11,u11-laptop,erp.corp.local,29.86,https
2026-08-18 09:08:25.155243,u03,u03-laptop,workday.corp.local,6.25,https
2026-08-18 09:13:53.339242,u12,u12-laptop,jira.corp.local,10.03,https
2026-08-18 09:17:51.079284,u15,u15-laptop,mail.corp.local,6.46,https
2026-08-18 09:17:53.017730,u11,u11-laptop,erp.corp.local,54.04,https
2026-08-18 09:23:31.587616,u14,u14-laptop,mail.corp.local,4.72,https
2026-08-18 09:27:48.636310,u12,u12-laptop,jira.corp.local,7.36,https
2026-08-18 09:27:55.331440,u01,u01-laptop,mail.corp.local,4.0,https
2026-08-18 09:28:06.826121,u07,u07-laptop,github.corp.local,3.21,https
2026-08-18 09:31:30.263502,u08,u08-laptop,workday.corp.local,17.07,https
2026-08-18 09:32:03.597620,u01,u01-laptop,erp.corp.local,2.32,https
2026-08-18 09:32:26.943087,u03,u03-laptop,workday.corp.local,8.32,https
2026-08-18 09:32:27.779065,u06,u06-laptop,mail.corp.local,118.65,https
2026-08-18 09:32:35.407517,u03,u03-laptop,workday.corp.local,5.28,https
2026-08-18 09:33:00.487446,u03,u03-laptop,mail.corp.local,5.91,https
2026-08-18 09:33:40.279718,u01,u01-laptop,sap.corp.local,23.78,https
2026-08-18 09:34:38.131558,u03,u03-laptop,mail.corp.local,5.51,https
2026-08-18 09:38:03.659075,u11,u11-laptop,sap.corp.local,17.03,https
2026-08-18 09:38:33.231941,u12,u12-laptop,jira.corp.local,18.57,https
2026-08-18 09:38:44.269662,u03,u03-laptop,mail.corp.local,5.54,https
2026-08-18 09:38:54.481120,u03,u03-laptop,workday.corp.local,6.91,https
2026-08-18 09:40:57.517782,u12,u12-laptop,jira.corp.local,22.07,https
2026-08-18 09:47:11.690341,u07,u07-laptop,mail.corp.local,2.81,https
2026-08-18 09:49:12.613637,u12,u12-laptop,github.corp.local,15.78,https
2026-08-18 09:50:34.370219,u11,u11-laptop,mail.corp.local,32.28,https
2026-08-18 09:52:10.471263,u03,u03-laptop,mail.corp.local,10.15,https
2026-08-18 09:52:41.040511,u14,u14-laptop,salesforce.corp.local,3.41,https
2026-08-18 09:56:16.441090,u03,u03-laptop,mail.corp.local,4.16,https
2026-08-18 09:57:51.875051,u03,u03-laptop,workday.corp.local,4.61,https
2026-08-18 09:58:16.064138,u14,u14-laptop,mail.corp.local,3.22,https
2026-08-18 09:58:19.300807,u11,u11-laptop,sap.corp.local,58.75,https
2026-08-18 10:01:47.420639,u03,u03-laptop,mail.corp.local,5.35,https
2026-08-18 10:03:26.477963,u12,u12-laptop,jira.corp.local,29.95,https
2026-08-18 10:05:03.440822,u07,u07-laptop,github.corp.local,6.5,https
2026-08-18 10:05:53.562065,u08,u08-laptop,mail.corp.local,14.78,https
2026-08-18 10:06:05.720705,u15,u15-laptop,mail.corp.local,2.95,https
2026-08-18 10:06:57.210530,u15,u15-laptop,mail.corp.local,6.15,https
2026-08-18 10:08:40.073648,u01,u01-laptop,sap.corp.local,6.24,https
2026-08-18 10:11:03.435389,u15,u15-laptop,mail.corp.local,6.04,https
2026-08-18 10:11:18.693085,u02,u02-laptop,jira.corp.local,4.9,https
2026-08-18 10:15:20.755824,u03,u03-laptop,workday.corp.local,5.2,https
2026-08-18 10:18:16.073504,u11,u11-laptop,erp.corp.local,38.9,https
2026-08-18 10:18:38.508867,u03,u03-laptop,mail.corp.local,7.16,https
2026-08-18 10:18:40.267808,u12,u12-laptop,jira.corp.local,12.56,https
2026-08-18 10:19:24.045252,u14,u14-laptop,mail.corp.local,2.68,https
2026-08-18 10:19:26.126447,u15,u15-laptop,adminportal.corp.local,6.79,https
2026-08-18 10:19:54.925727,u11,u11-laptop,sap.corp.local,9.87,https
2026-08-18 10:25:02.916500,u13,u13-laptop,workday.corp.local,18.19,https
2026-08-18 10:29:54.929921,u15,u15-laptop,adminportal.corp.local,4.14,https
2026-08-18 10:33:21.202677,u13,u13-laptop,mail.corp.local,20.8,https
2026-08-18 10:35:36.895461,u11,u11-laptop,sap.corp.local,12.56,https
2026-08-18 10:36:57.042109,u07,u07-laptop,jira.corp.local,3.38,https
2026-08-18 10:37:05.054983,u03,u03-laptop,mail.corp.local,4.82,https
2026-08-18 10:37:05.715474,u07,u07-laptop,mail.corp.local,3.42,https
2026-08-18 10:38:00.885862,u14,u14-laptop,mail.corp.local,22.75,https
2026-08-18 10:40:42.288416,u09,u09-mobile,salesforce.corp.local,39.66,https
2026-08-18 10:46:35.658836,u02,u02-laptop,jira.corp.local,2.88,https
2026-08-18 10:50:25.900480,u15,u15-laptop,mail.corp.local,4.67,https
2026-08-18 10:50:35.439518,u07,u07-laptop,github.corp.local,4.73,https
2026-08-18 10:50:51.119095,u13,u13-laptop,workday.corp.local,19.64,https
2026-08-18 10:51:10.831121,u07,u07-laptop,jira.corp.local,4.48,https
2026-08-18 10:52:03.277146,u09,u09-mobile,mail.corp.local,5.03,https
2026-08-18 10:56:17.618342,u11,u11-laptop,erp.corp.local,7.47,https
2026-08-18 10:56:54.562127,u01,u01-laptop,erp.corp.local,77.95,https
2026-08-18 10:57:26.237669,u07,u07-laptop,github.corp.local,4.32,https
2026-08-18 10:57:55.585338,u07,u07-laptop,jira.corp.local,5.87,https
2026-08-18 10:58:20.470754,u05,u05-mobile,mail.corp.local,3.81,https
2026-08-18 11:00:06.917747,u11,u11-laptop,erp.corp.local,10.93,https
2026-08-18 11:00:28.225888,u09,u09-mobile,mail.corp.local,5.82,https
2026-08-18 11:02:12.814726,u11,u11-laptop,sap.corp.local,11.38,https
2026-08-18 11:02:44.317916,u03,u03-laptop,workday.corp.local,2.46,https
2026-08-18 11:03:15.912445,u02,u02-laptop,github.corp.local,5.1,https
2026-08-18 11:04:12.065950,u03,u03-laptop,mail.corp.local,12.32,https
2026-08-18 11:04:24.018387,u02,u02-laptop,github.corp.local,14.23,https
2026-08-18 11:05:04.753285,u07,u07-laptop,mail.corp.local,3.4,https
2026-08-18 11:06:02.014294,u03,u03-laptop,mail.corp.local,9.47,https
2026-08-18 11:06:36.927346,u07,u07-laptop,github.corp.local,2.38,https
2026-08-18 11:06:37.823842,u04,u04-laptop,mail.corp.local,14.76,https
2026-08-18 11:07:14.923526,u04,u04-laptop,mail.corp.local,14.0,https
2026-08-18 11:08:13.730676,u11,u11-laptop,erp.corp.local,15.63,https
2026-08-18 11:08:16.509718,u15,u15-laptop,mail.corp.local,3.09,https
2026-08-18 11:09:02.916502,u05,u05-mobile,mail.corp.local,5.2,https
2026-08-18 11:10:04.754285,u14,u14-laptop,mail.corp.local,25.12,https
2026-08-18 11:13:01.267005,u13,u13-laptop,workday.corp.local,15.09,https
2026-08-18 11:13:51.855588,u07,u07-laptop,mail.corp.local,4.88,https
2026-08-18 11:15:25.202471,u07,u07-laptop,github.corp.local,3.33,https
2026-08-18 11:16:09.373319,u07,u07-laptop,mail.corp.local,1.87,https
2026-08-18 11:16:59.375545,u09,u09-mobile,salesforce.corp.local,7.51,https
2026-08-18 11:17:53.461857,u05,u05-mobile,mail.corp.local,9.79,https
2026-08-18 11:18:38.711517,u02,u02-laptop,jira.corp.local,7.07,https
2026-08-18 11:19:30.311737,u07,u07-laptop,github.corp.local,2.2,https
2026-08-18 11:19:55.492042,u03,u03-laptop,workday.corp.local,7.73,https
2026-08-18 11:23:04.063903,u03,u03-laptop,mail.corp.local,13.59,https
2026-08-18 11:24:30.764690,u07,u07-laptop,mail.corp.local,2.91,https
2026-08-18 11:24:36.922025,u07,u07-laptop,jira.corp.local,3.65,https
2026-08-18 11:24:56.041607,u07,u07-laptop,mail.corp.local,6.6,https
2026-08-18 11:26:04.295532,u02,u02-laptop,mail.corp.local,1.85,https
2026-08-18 11:29:23.223133,u15,u15-laptop,mail.corp.local,2.48,https
2026-08-18 11:30:15.243007,u07,u07-laptop,github.corp.local,1.88,https
2026-08-18 11:30:32.367728,u03,u03-laptop,mail.corp.local,16.09,https
2026-08-18 11:32:15.616395,u14,u14-laptop,mail.corp.local,8.77,https
2026-08-18 11:33:48.800772,u13,u13-laptop,workday.corp.local,22.54,https
2026-08-18 11:35:03.956276,u05,u05-mobile,mail.corp.local,4.75,https
2026-08-18 11:35:39.867598,u04,u04-laptop,mail.corp.local,13.03,https
2026-08-18 11:36:24.490539,u07,u07-laptop,mail.corp.local,2.85,https
2026-08-18 11:38:18.408390,u05,u05-mobile,mail.corp.local,5.61,https
2026-08-18 11:38:19.277334,u11,u11-laptop,sap.corp.local,9.1,https
2026-08-18 11:42:05.929823,u07,u07-laptop,mail.corp.local,1.79,https
2026-08-18 11:42:42.551817,u14,u14-laptop,mail.corp.local,2.34,https
2026-08-18 11:44:15.627311,u15,u15-laptop,mail.corp.local,1.64,https
2026-08-18 11:46:28.886538,u14,u14-laptop,mail.corp.local,4.06,https
2026-08-18 11:46:35.477384,u05,u05-mobile,adminportal.corp.local,6.95,https
2026-08-18 11:46:47.719857,u07,u07-laptop,mail.corp.local,4.39,https
2026-08-18 11:47:54.016974,u02,u02-laptop,mail.corp.local,1.19,https
2026-08-18 11:48:30.340607,u14,u14-laptop,mail.corp.local,2.75,https
2026-08-18 11:49:03.821092,u02,u02-laptop,jira.corp.local,4.32,https
2026-08-18 11:51:54.048945,u02,u02-laptop,mail.corp.local,1.89,https
2026-08-18 11:52:06.385620,u07,u07-laptop,github.corp.local,5.23,https
2026-08-18 11:56:11.000637,u09,u09-mobile,salesforce.corp.local,4.64,https
2026-08-18 11:56:14.670944,u13,u13-laptop,mail.corp.local,16.16,https
2026-08-18 11:56:34.274121,u14,u14-laptop,mail.corp.local,4.11,https
2026-08-18 11:58:20.524954,u05,u05-mobile,mail.corp.local,32.61,https
2026-08-18 11:59:37.441805,u14,u14-laptop,salesforce.corp.local,1.32,https
2026-08-18 12:00:18.592028,u15,u15-laptop,mail.corp.local,3.38,https
2026-08-18 12:01:25.971002,u08,u08-laptop,mail.corp.local,8.17,https
2026-08-18 12:02:04.720793,u07,u07-laptop,mail.corp.local,6.38,https
2026-08-18 12:02:40.562341,u03,u03-laptop,mail.corp.local,8.86,https
2026-08-18 12:02:43.981468,u07,u07-laptop,github.corp.local,4.36,https
2026-08-18 12:03:10.052102,u05,u05-mobile,mail.corp.local,4.15,https
2026-08-18 12:03:39.821115,u07,u07-laptop,jira.corp.local,5.81,https
2026-08-18 12:03:51.264937,u05,u05-mobile,adminportal.corp.local,6.52,https
2026-08-18 12:04:54.154533,u02,u02-laptop,mail.corp.local,2.03,https
2026-08-18 12:09:32.457470,u02,u02-laptop,mail.corp.local,4.56,https
2026-08-18 12:10:40.825284,u14,u14-laptop,salesforce.corp.local,3.3,https
2026-08-18 12:12:22.637419,u07,u07-laptop,github.corp.local,1.18,https
2026-08-18 12:18:22.796208,u05,u05-mobile,mail.corp.local,25.68,https
2026-08-18 12:18:39.629307,u09,u09-mobile,salesforce.corp.local,7.22,https
2026-08-18 12:18:42.901369,u05,u05-mobile,mail.corp.local,10.19,https
2026-08-18 12:20:31.933070,u07,u07-laptop,jira.corp.local,3.13,https
2026-08-18 12:25:32.230951,u09,u09-mobile,mail.corp.local,3.79,https
2026-08-18 12:26:27.232777,u05,u05-mobile,mail.corp.local,12.21,https
2026-08-18 12:27:14.008722,u05,u05-mobile,adminportal.corp.local,6.61,https
2026-08-18 12:29:11.040586,u14,u14-laptop,salesforce.corp.local,6.22,https
2026-08-18 12:32:15.998566,u02,u02-laptop,jira.corp.local,3.62,https
2026-08-18 12:35:35.586707,u14,u14-laptop,salesforce.corp.local,8.07,https
2026-08-18 12:36:16.919470,u02,u02-laptop,jira.corp.local,2.86,https
2026-08-18 12:41:28.077304,u05,u05-mobile,mail.corp.local,27.12,https
2026-08-18 12:43:04.296740,u09,u09-mobile,mail.corp.local,6.14,https
2026-08-18 12:43:09.634909,u01,u01-laptop,mail.corp.local,17.45,https
2026-08-18 12:50:11.478719,u05,u05-mobile,adminportal.corp.local,21.39,https
2026-08-18 12:50:12.675959,u15,u15-laptop,adminportal.corp.local,10.82,https
2026-08-18 12:51:15.158166,u05,u05-mobile,adminportal.corp.local,5.38,https
2026-08-18 12:51:24.681636,u05,u05-mobile,adminportal.corp.local,6.57,https
2026-08-18 12:51:27.747243,u09,u09-mobile,salesforce.corp.local,5.83,https
2026-08-18 12:53:29.505221,u05,u05-mobile,adminportal.corp.local,7.33,https
2026-08-18 12:55:19.355229,u14,u14-laptop,mail.corp.local,4.09,https
2026-08-18 12:56:40.940458,u14,u14-laptop,mail.corp.local,4.68,https
2026-08-18 12:59:19.302915,u09,u09-mobile,salesforce.corp.local,7.86,https
2026-08-18 12:59:45.160285,u05,u05-mobile,mail.corp.local,3.44,https
2026-08-18 13:00:39.772519,u02,u02-laptop,github.corp.local,3.35,https
2026-08-18 13:03:45.712883,u08,u08-laptop,workday.corp.local,16.45,https
2026-08-18 13:04:36.275646,u14,u14-laptop,salesforce.corp.local,3.75,https
2026-08-18 13:06:38.517250,u04,u04-laptop,salesforce.corp.local,46.39,https
2026-08-18 13:07:28.025217,u09,u09-mobile,mail.corp.local,4.77,https
2026-08-18 13:10:12.638674,u14,u14-laptop,mail.corp.local,5.91,https
2026-08-18 13:14:08.155249,u14,u14-laptop,salesforce.corp.local,9.94,https
2026-08-18 13:15:04.839608,u15,u15-laptop,mail.corp.local,15.89,https
2026-08-18 13:18:21.306465,u14,u14-laptop,salesforce.corp.local,12.21,https
2026-08-18 13:19:43.594263,u09,u09-mobile,mail.corp.local,6.02,https
2026-08-18 13:31:17.340195,u15,u15-laptop,adminportal.corp.local,3.97,https
2026-08-18 13:48:39.237541,u09,u09-mobile,mail.corp.local,6.57,https
2026-08-18 13:49:24.896870,u02,u02-laptop,github.corp.local,7.99,https
2026-08-18 13:54:55.253415,u02,u02-laptop,github.corp.local,6.0,https
2026-08-18 14:14:52.545099,u14,u14-laptop,mail.corp.local,10.41,https
2026-08-18 22:28:06.420613,u10,u10-laptop,adminportal.corp.local,6.1,https
2026-08-18 22:31:34.847964,u10,u10-laptop,mail.corp.local,3.3,https
2026-08-18 22:37:48.783226,u10,u10-laptop,adminportal.corp.local,5.84,https
2026-08-18 22:49:35.223465,u10,u10-laptop,adminportal.corp.local,23.07,https
2026-08-18 23:22:19.272804,u10,u10-laptop,mail.corp.local,6.27,https
2026-08-19 00:02:09.259903,u10,u10-laptop,mail.corp.local,7.71,https
2026-08-19 00:05:14.442752,u10,u10-laptop,mail.corp.local,13.63,https
2026-08-19 00:18:32.804154,u10,u10-laptop,adminportal.corp.local,7.56,https
2026-08-19 00:20:00.165028,u10,u10-laptop,adminportal.corp.local,8.45,https
2026-08-19 00:27:14.161202,u10,u10-laptop,adminportal.corp.local,8.67,https
2026-08-19 00:38:37.442198,u10,u10-laptop,adminportal.corp.local,11.22,https
2026-08-19 00:40:38.682884,u10,u10-laptop,adminportal.corp.local,13.44,https
2026-08-19 01:00:52.811138,u10,u10-laptop,mail.corp.local,10.96,https
2026-08-19 01:02:26.752052,u10,u10-laptop,mail.corp.local,10.56,https
2026-08-19 01:06:33.462549,u10,u10-laptop,adminportal.corp.local,4.73,https
2026-08-19 06:17:55.064984,u03,u03-laptop,workday.corp.local,6.68,https
2026-08-19 06:33:11.823807,u03,u03-laptop,mail.corp.local,7.3,https
2026-08-19 06:37:38.291671,u03,u03-laptop,workday.corp.local,9.84,https
2026-08-19 06:54:55.999168,u03,u03-laptop,mail.corp.local,10.48,https
2026-08-19 07:53:52.481431,u13,u13-mobile,workday.corp.local,6.14,https
2026-08-19 07:57:44.938696,u03,u03-laptop,workday.corp.local,17.48,https
2026-08-19 08:01:13.056494,u11,u11-laptop,erp.corp.local,49.43,https
2026-08-19 08:03:57.551814,u11,u11-laptop,mail.corp.local,41.93,https
2026-08-19 08:15:38.043510,u13,u13-mobile,workday.corp.local,8.85,https
2026-08-19 08:26:05.721119,u13,u13-mobile,workday.corp.local,9.44,https
2026-08-19 08:31:30.047888,u13,u13-mobile,mail.corp.local,5.41,https
2026-08-19 08:41:44.390579,u11,u11-laptop,sap.corp.local,29.48,https
2026-08-19 08:42:46.318183,u13,u13-mobile,mail.corp.local,8.9,https
2026-08-19 08:47:25.514829,u01,u01-mobile,erp.corp.local,18.82,https
2026-08-19 08:47:56.455526,u03,u03-laptop,mail.corp.local,8.46,https
2026-08-19 08:50:33.892607,u01,u01-mobile,mail.corp.local,17.26,https
2026-08-19 08:57:29.170860,u13,u13-mobile,workday.corp.local,9.9,https
2026-08-19 09:00:58.454236,u03,u03-laptop,workday.corp.local,4.6,https
2026-08-19 09:04:47.765857,u13,u13-mobile,mail.corp.local,4.72,https
2026-08-19 09:06:54.662143,u13,u13-mobile,mail.corp.local,3.53,https
2026-08-19 09:08:12.823106,u12,u12-laptop,mail.corp.local,4.42,https
2026-08-19 09:12:30.387686,u11,u11-laptop,mail.corp.local,55.66,https
2026-08-19 09:14:24.738685,u12,u12-laptop,github.corp.local,20.34,https
2026-08-19 09:16:09.128578,u03,u03-laptop,workday.corp.local,5.43,https
2026-08-19 09:17:38.601752,u01,u01-mobile,sap.corp.local,9.37,https
2026-08-19 09:18:41.889500,u03,u03-laptop,workday.corp.local,5.66,https
2026-08-19 09:21:28.824113,u12,u12-laptop,mail.corp.local,8.74,https
2026-08-19 09:23:20.185925,u01,u01-mobile,erp.corp.local,10.86,https
2026-08-19 09:25:16.636399,u01,u01-mobile,erp.corp.local,16.71,https
2026-08-19 09:35:13.002943,u03,u03-laptop,mail.corp.local,5.42,https
2026-08-19 09:37:40.028026,u06,u06-laptop,erp.corp.local,60.17,https
2026-08-19 09:38:05.539742,u03,u03-laptop,mail.corp.local,3.67,https
2026-08-19 09:48:42.602324,u03,u03-laptop,workday.corp.local,10.94,https
2026-08-19 09:48:47.869793,u03,u03-laptop,mail.corp.local,5.41,https
2026-08-19 09:49:49.458451,u12,u12-laptop,jira.corp.local,6.68,https
2026-08-19 09:52:39.030550,u02,u02-laptop,github.corp.local,3.8,https
2026-08-19 09:52:40.802287,u14,u14-laptop,mail.corp.local,6.18,https
2026-08-19 09:54:14.053223,u02,u02-laptop,github.corp.local,5.77,https
2026-08-19 09:55:36.388706,u06,u06-laptop,sap.corp.local,132.65,https
2026-08-19 09:56:53.176155,u02,u02-laptop,mail.corp.local,2.62,https
2026-08-19 09:58:28.460202,u03,u03-laptop,workday.corp.local,10.09,https
2026-08-19 09:58:57.190335,u02,u02-laptop,mail.corp.local,4.62,https
2026-08-19 10:00:43.411812,u04,u04-laptop,mail.corp.local,2.98,https
2026-08-19 10:02:00.998022,u07,u07-laptop,github.corp.local,1.27,https
2026-08-19 10:02:28.961347,u05,u05-laptop,adminportal.corp.local,69.36,https
2026-08-19 10:02:33.951398,u04,u04-laptop,mail.corp.local,4.26,https
2026-08-19 10:04:43.009732,u08,u08-laptop,mail.corp.local,11.4,https
2026-08-19 10:07:24.514979,u14,u14-laptop,mail.corp.local,7.45,https
2026-08-19 10:08:59.789915,u03,u03-laptop,mail.corp.local,4.02,https
2026-08-19 10:13:03.339480,u01,u01-mobile,sap.corp.local,7.17,https
2026-08-19 10:17:09.528810,u04,u04-laptop,mail.corp.local,7.29,https
2026-08-19 10:17:30.303545,u12,u12-laptop,github.corp.local,9.74,https
2026-08-19 10:19:20.308455,u07,u07-laptop,github.corp.local,2.14,https
2026-08-19 10:20:13.240206,u01,u01-mobile,sap.corp.local,13.05,https
2026-08-19 10:24:34.065798,u07,u07-laptop,mail.corp.local,11.1,https
2026-08-19 10:25:34.443843,u04,u04-laptop,mail.corp.local,7.33,https
2026-08-19 10:27:12.759967,u12,u12-laptop,mail.corp.local,6.98,https
2026-08-19 10:28:59.038915,u02,u02-laptop,jira.corp.local,2.44,https
2026-08-19 10:29:21.971065,u08,u08-laptop,workday.corp.local,13.33,https
2026-08-19 10:30:31.945515,u01,u01-mobile,mail.corp.local,9.89,https
2026-08-19 10:31:20.920603,u12,u12-laptop,jira.corp.local,9.54,https
2026-08-19 10:31:32.075075,u13,u13-mobile,mail.corp.local,1.87,https
2026-08-19 10:33:05.173255,u03,u03-laptop,mail.corp.local,4.97,https
2026-08-19 10:34:15.238853,u14,u14-laptop,salesforce.corp.local,3.58,https
2026-08-19 10:36:48.787943,u07,u07-laptop,github.corp.local,4.99,https
2026-08-19 10:37:00.226605,u09,u09-mobile,salesforce.corp.local,1.77,https
2026-08-19 10:37:41.200810,u03,u03-laptop,workday.corp.local,11.98,https
2026-08-19 10:37:59.509403,u02,u02-laptop,mail.corp.local,3.03,https
2026-08-19 10:38:34.737325,u13,u13-mobile,mail.corp.local,2.0,https
2026-08-19 10:38:35.422070,u07,u07-laptop,jira.corp.local,1.71,https
2026-08-19 10:41:41.566572,u02,u02-laptop,github.corp.local,3.08,https
2026-08-19 10:42:30.455705,u02,u02-laptop,jira.corp.local,1.82,https
2026-08-19 10:42:57.061058,u02,u02-laptop,jira.corp.local,1.89,https
2026-08-19 10:43:29.879670,u03,u03-laptop,workday.corp.local,5.02,https
2026-08-19 10:44:45.217590,u13,u13-mobile,mail.corp.local,1.2,https
2026-08-19 10:46:46.501447,u03,u03-laptop,mail.corp.local,1.9,https
2026-08-19 10:46:52.395599,u08,u08-laptop,workday.corp.local,11.52,https
2026-08-19 10:47:18.756852,u09,u09-mobile,salesforce.corp.local,4.22,https
2026-08-19 10:47:25.600444,u09,u09-mobile,mail.corp.local,5.77,https
2026-08-19 10:51:44.296629,u09,u09-mobile,salesforce.corp.local,1.31,https
2026-08-19 10:51:45.384850,u07,u07-laptop,github.corp.local,1.88,https
2026-08-19 10:51:49.435437,u02,u02-laptop,jira.corp.local,3.38,https
2026-08-19 10:52:20.362733,u02,u02-laptop,github.corp.local,2.44,https
2026-08-19 10:54:30.109541,u02,u02-laptop,github.corp.local,2.04,https
2026-08-19 10:54:34.877821,u02,u02-laptop,github.corp.local,1.3,https
2026-08-19 10:55:09.139662,u02,u02-laptop,github.corp.local,4.64,https
2026-08-19 10:55:13.371779,u08,u08-laptop,mail.corp.local,10.36,https
2026-08-19 10:58:15.274197,u13,u13-mobile,mail.corp.local,5.07,https
2026-08-19 11:00:07.622098,u14,u14-laptop,salesforce.corp.local,15.14,https
2026-08-19 11:02:29.092185,u13,u13-mobile,mail.corp.local,5.23,https
2026-08-19 11:02:50.006521,u04,u04-laptop,mail.corp.local,14.41,https
2026-08-19 11:03:33.695611,u02,u02-laptop,github.corp.local,1.85,https
2026-08-19 11:04:09.813143,u04,u04-laptop,salesforce.corp.local,8.25,https
2026-08-19 11:04:35.039196,u03,u03-laptop,mail.corp.local,29.1,https
2026-08-19 11:04:50.676032,u13,u13-mobile,workday.corp.local,1.24,https
2026-08-19 11:04:51.332936,u15,u15-laptop,mail.corp.local,108.8,https
2026-08-19 11:04:55.374910,u07,u07-laptop,jira.corp.local,13.65,https
2026-08-19 11:06:03.835946,u07,u07-laptop,jira.corp.local,1.21,https
2026-08-19 11:06:08.111257,u09,u09-mobile,mail.corp.local,1.67,https
2026-08-19 11:07:55.788887,u07,u07-laptop,github.corp.local,7.28,https
2026-08-19 11:08:16.344884,u09,u09-mobile,mail.corp.local,5.35,https
2026-08-19 11:10:19.467091,u01,u01-mobile,mail.corp.local,49.91,https
2026-08-19 11:12:25.404739,u02,u02-laptop,github.corp.local,1.95,https
2026-08-19 11:13:18.391005,u09,u09-mobile,mail.corp.local,2.79,https
2026-08-19 11:14:15.045016,u09,u09-mobile,mail.corp.local,12.09,https
2026-08-19 11:14:17.457125,u07,u07-laptop,jira.corp.local,5.9,https
2026-08-19 11:14:33.937406,u02,u02-laptop,mail.corp.local,2.66,https
2026-08-19 11:14:47.915887,u07,u07-laptop,mail.corp.local,4.91,https
2026-08-19 11:15:54.136776,u09,u09-mobile,mail.corp.local,6.59,https
2026-08-19 11:17:08.104560,u15,u15-laptop,mail.corp.local,93.91,https
2026-08-19 11:17:28.179776,u14,u14-laptop,salesforce.corp.local,5.34,https
2026-08-19 11:18:32.225382,u09,u09-mobile,salesforce.corp.local,2.51,https
2026-08-19 11:19:33.686505,u15,u15-laptop,adminportal.corp.local,110.93,https
2026-08-19 11:20:12.799227,u14,u14-laptop,mail.corp.local,3.34,https
2026-08-19 11:23:00.075317,u09,u09-mobile,mail.corp.local,7.06,https
2026-08-19 11:23:54.623254,u12,u12-laptop,jira.corp.local,10.51,https
2026-08-19 11:24:35.969638,u13,u13-mobile,workday.corp.local,2.71,https
2026-08-19 11:25:31.306759,u09,u09-mobile,salesforce.corp.local,1.52,https
2026-08-19 11:25:35.007873,u09,u09-mobile,salesforce.corp.local,5.86,https
2026-08-19 11:27:00.238256,u14,u14-laptop,salesforce.corp.local,5.58,https
2026-08-19 11:28:30.435746,u13,u13-mobile,workday.corp.local,6.66,https
2026-08-19 11:29:17.257753,u11,u11-laptop,sap.corp.local,249.7,https
2026-08-19 11:29:33.650040,u13,u13-mobile,workday.corp.local,1.98,https
2026-08-19 11:29:45.930503,u07,u07-laptop,github.corp.local,3.29,https
2026-08-19 11:30:02.624611,u02,u02-laptop,github.corp.local,1.38,https
2026-08-19 11:33:39.000989,u02,u02-laptop,jira.corp.local,16.02,https
2026-08-19 11:33:44.283275,u03,u03-laptop,mail.corp.local,3.89,https
2026-08-19 11:33:48.647832,u07,u07-laptop,jira.corp.local,4.22,https
2026-08-19 11:35:12.093566,u15,u15-laptop,mail.corp.local,84.6,https
2026-08-19 11:36:09.250370,u13,u13-mobile,mail.corp.local,2.48,https
2026-08-19 11:36:22.210969,u07,u07-laptop,github.corp.local,2.07,https
2026-08-19 11:36:49.536163,u08,u08-laptop,workday.corp.local,40.29,https
2026-08-19 11:38:08.830044,u15,u15-laptop,mail.corp.local,106.21,https
2026-08-19 11:38:12.400555,u07,u07-laptop,jira.corp.local,3.12,https
2026-08-19 11:38:25.380302,u09,u09-mobile,salesforce.corp.local,7.08,https
2026-08-19 11:39:45.001554,u02,u02-laptop,mail.corp.local,9.79,https
2026-08-19 11:40:15.477283,u14,u14-laptop,mail.corp.local,3.53,https
2026-08-19 11:41:28.412335,u12,u12-laptop,github.corp.local,10.93,https
2026-08-19 11:42:09.520178,u02,u02-laptop,github.corp.local,9.15,https
2026-08-19 11:43:46.023453,u14,u14-laptop,mail.corp.local,5.4,https
2026-08-19 11:48:26.404613,u03,u03-laptop,mail.corp.local,50.95,https
2026-08-19 11:48:32.518095,u02,u02-laptop,github.corp.local,3.73,https
2026-08-19 11:48:45.663121,u02,u02-laptop,github.corp.local,13.27,https
2026-08-19 11:49:03.626480,u13,u13-mobile,mail.corp.local,7.16,https
2026-08-19 11:49:30.244677,u07,u07-laptop,mail.corp.local,17.46,https
2026-08-19 11:52:27.648903,u12,u12-laptop,jira.corp.local,11.38,https
2026-08-19 11:53:34.458988,u02,u02-laptop,jira.corp.local,3.72,https
2026-08-19 11:53:56.524121,u14,u14-laptop,salesforce.corp.local,2.46,https
2026-08-19 11:55:48.640544,u14,u14-laptop,mail.corp.local,2.96,https
2026-08-19 11:55:58.698074,u07,u07-laptop,github.corp.local,2.21,https
2026-08-19 11:57:37.025760,u09,u09-mobile,mail.corp.local,2.33,https
2026-08-19 11:58:30.496087,u13,u13-mobile,mail.corp.local,2.57,https
2026-08-19 12:00:29.814115,u09,u09-mobile,mail.corp.local,4.41,https
2026-08-19 12:01:49.506843,u04,u04-laptop,mail.corp.local,5.42,https
2026-08-19 12:02:00.100162,u07,u07-laptop,github.corp.local,8.79,https
2026-08-19 12:02:37.233782,u13,u13-mobile,workday.corp.local,6.85,https
2026-08-19 12:04:23.869222,u14,u14-laptop,mail.corp.local,2.86,https
2026-08-19 12:05:40.696863,u14,u14-laptop,mail.corp.local,3.17,https
2026-08-19 12:05:44.913736,u09,u09-mobile,salesforce.corp.local,5.42,https
2026-08-19 12:07:26.973106,u12,u12-laptop,jira.corp.local,14.88,https
2026-08-19 12:08:11.740477,u14,u14-laptop,salesforce.corp.local,5.93,https
2026-08-19 12:10:39.883490,u05,u05-laptop,mail.corp.local,57.17,https
2026-08-19 12:12:22.617121,u09,u09-mobile,mail.corp.local,3.36,https
2026-08-19 12:13:03.191383,u09,u09-mobile,mail.corp.local,3.29,https
2026-08-19 12:14:43.741462,u13,u13-mobile,mail.corp.local,1.72,https
2026-08-19 12:17:30.222629,u14,u14-laptop,mail.corp.local,4.93,https
2026-08-19 12:19:26.275535,u14,u14-laptop,salesforce.corp.local,1.97,https
2026-08-19 12:21:12.555434,u04,u04-laptop,mail.corp.local,3.23,https
2026-08-19 12:24:06.957947,u07,u07-laptop,github.corp.local,2.59,https
2026-08-19 12:25:09.422820,u05,u05-laptop,mail.corp.local,48.11,https
2026-08-19 12:30:10.802039,u09,u09-mobile,salesforce.corp.local,4.63,https
2026-08-19 12:31:42.482996,u12,u12-laptop,jira.corp.local,8.5,https
2026-08-19 12:32:04.008950,u09,u09-mobile,mail.corp.local,4.76,https
2026-08-19 12:38:01.013488,u05,u05-laptop,mail.corp.local,25.09,https
2026-08-19 12:38:06.026590,u02,u02-laptop,jira.corp.local,12.69,https
2026-08-19 12:40:00.954012,u14,u14-laptop,mail.corp.local,5.74,https
2026-08-19 12:41:01.489842,u14,u14-laptop,mail.corp.local,21.7,https
2026-08-19 12:41:10.524151,u07,u07-laptop,github.corp.local,5.58,https
2026-08-19 12:42:16.694411,u07,u07-laptop,mail.corp.local,9.6,https
2026-08-19 12:44:25.134306,u12,u12-laptop,github.corp.local,5.13,https
2026-08-19 12:45:19.998879,u04,u04-laptop,mail.corp.local,3.39,https
2026-08-19 12:46:47.887907,u09,u09-mobile,salesforce.corp.local,3.78,https
2026-08-19 12:47:45.707342,u12,u12-laptop,mail.corp.local,11.42,https
2026-08-19 12:52:25.117094,u13,u13-mobile,mail.corp.local,7.69,https
2026-08-19 12:57:45.946461,u04,u04-laptop,salesforce.corp.local,2.54,https
2026-08-19 12:59:46.131960,u05,u05-laptop,adminportal.corp.local,71.65,https
2026-08-19 13:02:28.597318,u04,u04-laptop,mail.corp.local,3.58,https
2026-08-19 13:03:44.028077,u13,u13-mobile,mail.corp.local,9.76,https
2026-08-19 13:06:22.115098,u07,u07-laptop,jira.corp.local,2.98,https
2026-08-19 13:09:49.372544,u13,u13-mobile,mail.corp.local,13.27,https
2026-08-19 13:19:38.190332,u13,u13-mobile,mail.corp.local,6.06,https
2026-08-19 13:21:03.532561,u09,u09-mobile,mail.corp.local,0.57,https
2026-08-19 13:23:31.047839,u13,u13-mobile,workday.corp.local,7.43,https
2026-08-19 13:34:14.720099,u04,u04-laptop,salesforce.corp.local,5.27,https
2026-08-19 13:37:44.875465,u04,u04-laptop,mail.corp.local,4.93,https
2026-08-19 13:44:03.828661,u13,u13-mobile,mail.corp.local,7.52,https
2026-08-19 20:50:00.057470,u10,u10-laptop,adminportal.corp.local,44.69,https
2026-08-19 23:22:32.256486,u10,u10-laptop,adminportal.corp.local,16.33,https
2026-08-19 23:41:42.453994,u10,u10-laptop,mail.corp.local,8.25,https
2026-08-20 00:01:05.347894,u10,u10-laptop,mail.corp.local,8.84,https
2026-08-20 00:24:33.396182,u10,u10-laptop,adminportal.corp.local,6.78,https
2026-08-20 00:24:34.844446,u10,u10-laptop,adminportal.corp.local,5.02,https
2026-08-20 00:27:27.774153,u10,u10-laptop,adminportal.corp.local,7.64,https
2026-08-20 00:55:29.451520,u10,u10-laptop,mail.corp.local,9.16,https
2026-08-20 08:22:41.779769,u03,u03-laptop,workday.corp.local,7.18,https
2026-08-20 08:24:45.389315,u12,u12-laptop,github.corp.local,4.06,https
2026-08-20 08:25:42.980203,u05,u05-laptop,adminportal.corp.local,17.33,https
2026-08-20 08:26:41.040426,u03,u03-laptop,mail.corp.local,9.64,https
2026-08-20 08:29:36.654127,u08,u08-laptop,mail.corp.local,9.99,https
2026-08-20 08:30:57.469963,u08,u08-laptop,workday.corp.local,19.38,https
2026-08-20 08:31:00.408737,u08,u08-laptop,mail.corp.local,10.59,https
2026-08-20 08:35:18.940830,u08,u08-laptop,workday.corp.local,8.08,https
2026-08-20 08:39:15.141626,u08,u08-laptop,workday.corp.local,5.71,https
2026-08-20 08:41:17.057931,u03,u03-laptop,mail.corp.local,8.66,https
2026-08-20 08:41:35.415204,u12,u12-laptop,mail.corp.local,6.28,https
2026-08-20 08:41:41.485603,u12,u12-laptop,github.corp.local,4.02,https
2026-08-20 08:43:11.976386,u08,u08-laptop,workday.corp.local,5.18,https
2026-08-20 08:44:06.719162,u05,u05-laptop,mail.corp.local,18.21,https
2026-08-20 08:47:27.858272,u08,u08-laptop,workday.corp.local,9.91,https
2026-08-20 08:50:21.793302,u07,u07-laptop,github.corp.local,23.78,https
2026-08-20 09:01:42.637471,u05,u05-laptop,adminportal.corp.local,20.7,https
2026-08-20 09:01:53.649590,u07,u07-laptop,mail.corp.local,20.65,https
2026-08-20 09:03:40.591244,u11,u11-laptop,mail.corp.local,44.02,https
2026-08-20 09:06:06.848026,u15,u15-laptop,adminportal.corp.local,3.77,https
2026-08-20 09:07:01.732377,u03,u03-laptop,workday.corp.local,4.97,https
2026-08-20 09:13:56.360216,u12,u12-laptop,jira.corp.local,6.25,https
2026-08-20 09:16:01.914087,u13,u13-mobile,workday.corp.local,68.8,https
2026-08-20 09:16:03.344394,u02,u02-laptop,jira.corp.local,23.23,https
2026-08-20 09:17:15.414618,u13,u13-mobile,workday.corp.local,19.78,https
2026-08-20 09:21:26.446819,u03,u03-laptop,workday.corp.local,4.72,https
2026-08-20 09:22:13.562960,u15,u15-laptop,mail.corp.local,4.26,https
2026-08-20 09:25:15.073480,u03,u03-laptop,mail.corp.local,7.49,https
2026-08-20 09:25:15.074989,u03,u03-laptop,workday.corp.local,10.57,https
2026-08-20 09:26:46.936688,u15,u15-laptop,adminportal.corp.local,26.65,https
2026-08-20 09:28:11.841835,u15,u15-laptop,adminportal.corp.local,2.81,https
2026-08-20 09:28:48.971664,u11,u11-laptop,erp.corp.local,49.56,https
2026-08-20 09:30:10.732898,u12,u12-laptop,github.corp.local,7.25,https
2026-08-20 09:31:13.830210,u03,u03-laptop,workday.corp.local,8.89,https
2026-08-20 09:31:37.835934,u13,u13-mobile,workday.corp.local,18.07,https
2026-08-20 09:35:24.698384,u05,u05-laptop,adminportal.corp.local,18.79,https
2026-08-20 09:38:01.693092,u11,u11-laptop,mail.corp.local,92.28,https
2026-08-20 09:43:24.986403,u15,u15-laptop,mail.corp.local,4.43,https
2026-08-20 09:44:53.394934,u07,u07-laptop,jira.corp.local,13.57,https
2026-08-20 09:46:48.510584,u03,u03-laptop,mail.corp.local,1.71,https
2026-08-20 09:48:42.586448,u15,u15-laptop,adminportal.corp.local,27.56,https
2026-08-20 09:48:51.542692,u12,u12-laptop,github.corp.local,6.26,https
2026-08-20 09:49:25.594538,u12,u12-laptop,mail.corp.local,5.01,https
2026-08-20 09:54:00.329685,u15,u15-laptop,adminportal.corp.local,2.56,https
2026-08-20 09:54:18.158434,u03,u03-laptop,workday.corp.local,5.02,https
2026-08-20 09:56:10.219025,u12,u12-laptop,github.corp.local,8.49,https
2026-08-20 10:01:22.663218,u15,u15-laptop,mail.corp.local,30.82,https
2026-08-20 10:02:01.843628,u12,u12-laptop,jira.corp.local,7.41,https
2026-08-20 10:02:10.213444,u03,u03-laptop,workday.corp.local,7.29,https
2026-08-20 10:03:32.616220,u13,u13-mobile,mail.corp.local,10.95,https
2026-08-20 10:08:34.868273,u15,u15-laptop,mail.corp.local,21.46,https
2026-08-20 10:14:24.970875,u13,u13-mobile,workday.corp.local,11.45,https
2026-08-20 10:17:17.296458,u09,u09-mobile,salesforce.corp.local,3.87,https
2026-08-20 10:19:02.294736,u02,u02-laptop,jira.corp.local,19.05,https
2026-08-20 10:19:05.766641,u09,u09-mobile,mail.corp.local,7.15,https
2026-08-20 10:20:55.290613,u05,u05-laptop,mail.corp.local,6.0,https
2026-08-20 10:21:35.958803,u11,u11-laptop,sap.corp.local,6.0,https
2026-08-20 10:22:06.213907,u13,u13-mobile,mail.corp.local,8.32,https
2026-08-20 10:23:51.497731,u12,u12-laptop,jira.corp.local,2.04,https
2026-08-20 10:24:46.805645,u13,u13-mobile,mail.corp.local,7.27,https
2026-08-20 10:28:23.984601,u11,u11-laptop,sap.corp.local,8.99,https
2026-08-20 10:29:28.633132,u06,u06-laptop,mail.corp.local,160.51,https
2026-08-20 10:30:21.783064,u09,u09-mobile,mail.corp.local,37.96,https
2026-08-20 10:32:26.168959,u09,u09-mobile,salesforce.corp.local,7.33,https
2026-08-20 10:34:06.619645,u14,u14-laptop,mail.corp.local,5.65,https
2026-08-20 10:35:25.784961,u03,u03-laptop,mail.corp.local,6.96,https
2026-08-20 10:35:55.843863,u01,u01-laptop,mail.corp.local,9.07,https
2026-08-20 10:37:31.882413,u12,u12-laptop,github.corp.local,1.46,https
2026-08-20 10:37:33.097994,u13,u13-mobile,mail.corp.local,11.61,https
2026-08-20 10:37:51.779170,u14,u14-laptop,mail.corp.local,6.19,https
2026-08-20 10:38:10.131579,u12,u12-laptop,mail.corp.local,2.44,https
2026-08-20 10:38:33.940338,u04,u04-laptop,mail.corp.local,60.44,https
2026-08-20 10:38:36.962462,u04,u04-laptop,mail.corp.local,61.19,https
2026-08-20 10:40:31.210619,u03,u03-laptop,workday.corp.local,4.21,https
2026-08-20 10:41:15.469431,u05,u05-laptop,mail.corp.local,3.29,https
2026-08-20 10:42:23.596890,u04,u04-laptop,salesforce.corp.local,23.04,https
2026-08-20 10:44:28.878513,u14,u14-laptop,salesforce.corp.local,1.91,https
2026-08-20 10:44:35.967454,u01,u01-laptop,sap.corp.local,5.09,https
2026-08-20 10:46:07.020957,u09,u09-mobile,salesforce.corp.local,33.1,https
2026-08-20 10:46:09.064160,u12,u12-laptop,github.corp.local,10.18,https
2026-08-20 10:50:30.719818,u09,u09-mobile,mail.corp.local,4.9,https
2026-08-20 10:51:14.939037,u14,u14-laptop,mail.corp.local,2.02,https
2026-08-20 10:51:50.060515,u11,u11-laptop,mail.corp.local,6.95,https
2026-08-20 10:52:16.826996,u03,u03-laptop,mail.corp.local,6.15,https
2026-08-20 10:53:47.248683,u14,u14-laptop,mail.corp.local,5.08,https
2026-08-20 10:54:25.609801,u12,u12-laptop,mail.corp.local,1.49,https
2026-08-20 10:54:57.293997,u12,u12-laptop,github.corp.local,3.35,https
2026-08-20 10:57:06.179674,u14,u14-laptop,mail.corp.local,3.06,https
2026-08-20 10:57:32.072998,u01,u01-laptop,sap.corp.local,63.95,https
2026-08-20 11:00:12.218345,u01,u01-laptop,erp.corp.local,127.77,https
2026-08-20 11:00:53.978498,u09,u09-mobile,salesforce.corp.local,11.29,https
2026-08-20 11:00:54.168853,u09,u09-mobile,mail.corp.local,40.72,https
2026-08-20 11:01:50.819287,u05,u05-laptop,adminportal.corp.local,4.13,https
2026-08-20 11:11:50.709355,u05,u05-laptop,mail.corp.local,3.95,https
2026-08-20 11:11:58.053919,u05,u05-laptop,mail.corp.local,0.28,https
2026-08-20 11:14:18.314820,u05,u05-laptop,adminportal.corp.local,4.14,https
2026-08-20 11:15:04.385136,u01,u01-laptop,sap.corp.local,5.42,https
2026-08-20 11:18:01.378950,u05,u05-laptop,adminportal.corp.local,8.72,https
2026-08-20 11:18:11.609372,u11,u11-laptop,mail.corp.local,10.51,https
2026-08-20 11:20:17.465750,u06,u06-laptop,erp.corp.local,156.77,https
2026-08-20 11:21:05.544547,u05,u05-laptop,mail.corp.local,4.93,https
2026-08-20 11:22:09.664738,u02,u02-laptop,github.corp.local,21.82,https
2026-08-20 11:22:47.686964,u05,u05-laptop,adminportal.corp.local,4.95,https
2026-08-20 11:26:02.209650,u03,u03-laptop,mail.corp.local,5.75,https
2026-08-20 11:27:15.753088,u12,u12-laptop,github.corp.local,2.49,https
2026-08-20 11:28:29.293774,u09,u09-mobile,salesforce.corp.local,26.15,https
2026-08-20 11:28:49.534057,u09,u09-mobile,mail.corp.local,23.93,https
2026-08-20 11:30:00.681970,u03,u03-laptop,mail.corp.local,3.68,https
2026-08-20 11:30:06.552125,u03,u03-laptop,mail.corp.local,2.74,https
2026-08-20 11:32:24.081708,u07,u07-laptop,github.corp.local,14.79,https
2026-08-20 11:32:32.842249,u11,u11-laptop,erp.corp.local,7.95,https
2026-08-20 11:33:51.748392,u01,u01-laptop,mail.corp.local,5.45,https
2026-08-20 11:34:01.213022,u14,u14-laptop,mail.corp.local,28.85,https
2026-08-20 11:34:15.907256,u13,u13-mobile,workday.corp.local,66.67,https
2026-08-20 11:34:24.810101,u08,u08-laptop,mail.corp.local,21.69,https
2026-08-20 11:35:11.914478,u03,u03-laptop,workday.corp.local,3.98,https
2026-08-20 11:38:03.292425,u03,u03-laptop,mail.corp.local,3.86,https
2026-08-20 11:39:07.976833,u01,u01-laptop,mail.corp.local,6.49,https
2026-08-20 11:42:43.061439,u03,u03-laptop,mail.corp.local,4.38,https
2026-08-20 11:43:43.203826,u07,u07-laptop,mail.corp.local,4.66,https
2026-08-20 11:43:47.577369,u01,u01-laptop,mail.corp.local,4.24,https
2026-08-20 11:45:10.872665,u07,u07-laptop,github.corp.local,18.13,https
2026-08-20 11:46:00.890743,u09,u09-mobile,salesforce.corp.local,16.16,https
2026-08-20 11:46:15.778894,u14,u14-laptop,salesforce.corp.local,34.26,https
2026-08-20 11:46:34.449952,u05,u05-laptop,mail.corp.local,2.98,https
2026-08-20 11:48:02.518528,u08,u08-laptop,mail.corp.local,20.83,https
2026-08-20 11:48:47.988562,u05,u05-laptop,adminportal.corp.local,13.6,https
2026-08-20 11:50:56.584937,u08,u08-laptop,workday.corp.local,5.18,https
2026-08-20 11:52:25.445342,u07,u07-laptop,jira.corp.local,10.41,https
2026-08-20 11:53:41.303880,u09,u09-mobile,salesforce.corp.local,4.21,https
2026-08-20 11:55:23.069439,u05,u05-laptop,adminportal.corp.local,13.39,https
2026-08-20 11:57:29.873670,u08,u08-laptop,mail.corp.local,3.68,https
2026-08-20 12:00:05.858786,u08,u08-laptop,mail.corp.local,4.05,https
2026-08-20 12:00:51.224344,u07,u07-laptop,github.corp.local,4.47,https
2026-08-20 12:04:39.458891,u07,u07-laptop,jira.corp.local,6.45,https
2026-08-20 12:04:46.399054,u07,u07-laptop,jira.corp.local,6.62,https
2026-08-20 12:08:26.707528,u09,u09-mobile,salesforce.corp.local,14.92,https
2026-08-20 12:08:39.653905,u05,u05-laptop,mail.corp.local,23.64,https
2026-08-20 12:08:44.833588,u07,u07-laptop,jira.corp.local,4.74,https
2026-08-20 12:10:10.874566,u11,u11-laptop,erp.corp.local,10.97,https
2026-08-20 12:11:23.704878,u07,u07-laptop,github.corp.local,7.18,https
2026-08-20 12:11:55.931624,u11,u11-laptop,sap.corp.local,10.36,https
2026-08-20 12:12:31.406127,u05,u05-laptop,adminportal.corp.local,21.43,https
2026-08-20 12:19:07.210885,u03,u03-laptop,mail.corp.local,5.15,https
2026-08-20 12:19:39.998806,u03,u03-laptop,mail.corp.local,3.67,https
2026-08-20 12:23:28.596962,u07,u07-laptop,jira.corp.local,4.85,https
2026-08-20 12:24:32.276803,u05,u05-laptop,adminportal.corp.local,8.3,https
2026-08-20 12:24:55.323650,u07,u07-laptop,github.corp.local,12.88,https
2026-08-20 12:25:21.062858,u07,u07-laptop,jira.corp.local,4.91,https
2026-08-20 12:27:22.400526,u11,u11-laptop,mail.corp.local,19.93,https
2026-08-20 12:31:06.178431,u08,u08-laptop,workday.corp.local,2.6,https
2026-08-20 12:32:07.882247,u08,u08-laptop,mail.corp.local,4.31,https
2026-08-20 12:40:24.636304,u08,u08-laptop,mail.corp.local,5.66,https
2026-08-20 12:45:59.435421,u05,u05-laptop,mail.corp.local,10.26,https
2026-08-20 12:54:59.108384,u03,u03-laptop,workday.corp.local,5.16,https
2026-08-20 13:12:56.249414,u05,u05-laptop,adminportal.corp.local,16.63,https
2026-08-20 13:13:32.227565,u03,u03-laptop,workday.corp.local,4.38,https
2026-08-20 13:21:29.365672,u12,u12-laptop,mail.corp.local,3.54,https
2026-08-20 13:29:00.522419,u03,u03-laptop,workday.corp.local,6.76,https
2026-08-20 13:56:57.091358,u12,u12-laptop,jira.corp.local,4.75,https
2026-08-20 14:00:25.346267,u03,u03-laptop,mail.corp.local,5.29,https
2026-08-20 14:06:10.586255,u03,u03-laptop,mail.corp.local,3.95,https
2026-08-20 14:14:39.872866,u03,u03-laptop,workday.corp.local,5.58,https
2026-08-20 22:18:57.781260,u10,u10-laptop,mail.corp.local,7.08,https
2026-08-20 22:29:17.147346,u10,u10-laptop,mail.corp.local,8.72,https
2026-08-20 22:29:30.801268,u10,u10-laptop,mail.corp.local,10.08,https
2026-08-20 22:30:17.811396,u10,u10-laptop,mail.corp.local,6.53,https
2026-08-20 22:36:12.495218,u10,u10-laptop,adminportal.corp.local,6.02,https
2026-08-20 22:41:12.644743,u10,u10-laptop,mail.corp.local,20.62,https
2026-08-20 22:48:36.666170,u10,u10-laptop,mail.corp.local,6.74,https
2026-08-20 22:52:32.308305,u10,u10-laptop,mail.corp.local,6.09,https
2026-08-20 23:02:57.230851,u10,u10-laptop,adminportal.corp.local,4.24,https
2026-08-20 23:11:09.689964,u10,u10-laptop,mail.corp.local,1.99,https
2026-08-20 23:13:21.531827,u10,u10-laptop,adminportal.corp.local,8.49,https
2026-08-20 23:14:15.670606,u10,u10-laptop,mail.corp.local,15.11,https
2026-08-20 23:26:18.198071,u10,u10-laptop,adminportal.corp.local,18.78,https
2026-08-20 23:30:59.503340,u10,u10-laptop,mail.corp.local,5.49,https
2026-08-20 23:46:22.343136,u10,u10-laptop,adminportal.corp.local,4.78,https
2026-08-21 00:36:50.509884,u10,u10-laptop,adminportal.corp.local,9.51,https
2026-08-21 00:47:12.660423,u10,u10-laptop,mail.corp.local,9.78,https
2026-08-21 00:54:00.253787,u10,u10-laptop,mail.corp.local,9.91,https
2026-08-21 01:16:26.106032,u10,u10-laptop,adminportal.corp.local,11.1,https
2026-08-21 02:00:06.607138,u10,u10-laptop,adminportal.corp.local,6.39,https
2026-08-21 02:00:35.050341,u10,u10-laptop,adminportal.corp.local,10.36,https
2026-08-21 06:30:28.728558,u11,u11-laptop,sap.corp.local,6.49,https
2026-08-21 06:30:30.477431,u11,u11-laptop,mail.corp.local,6.26,https
2026-08-21 07:02:48.564693,u11,u11-laptop,erp.corp.local,13.19,https
2026-08-21 07:11:41.422569,u11,u11-laptop,sap.corp.local,11.55,https
2026-08-21 07:30:29.393182,u11,u11-laptop,mail.corp.local,9.65,https
2026-08-21 08:10:42.814813,u08,u08-laptop,mail.corp.local,8.31,https
2026-08-21 08:14:02.073034,u08,u08-laptop,workday.corp.local,12.34,https
2026-08-21 08:24:44.379795,u02,u02-laptop,mail.corp.local,1.61,https
2026-08-21 08:30:17.738372,u02,u02-laptop,mail.corp.local,1.21,https
2026-08-21 08:45:06.050177,u02,u02-laptop,github.corp.local,2.23,https
2026-08-21 08:51:23.824815,u02,u02-laptop,github.corp.local,1.42,https
2026-08-21 09:01:41.022365,u12,u12-laptop,jira.corp.local,5.12,https
2026-08-21 09:03:34.026483,u11,u11-laptop,mail.corp.local,9.41,https
2026-08-21 09:06:23.159358,u02,u02-laptop,github.corp.local,1.21,https
2026-08-21 09:10:58.848500,u12,u12-laptop,github.corp.local,8.06,https
2026-08-21 09:18:14.228729,u15,u15-laptop,mail.corp.local,24.82,https
2026-08-21 09:20:11.046697,u11,u11-laptop,erp.corp.local,14.37,https
2026-08-21 09:24:19.372953,u11,u11-laptop,erp.corp.local,37.72,https
2026-08-21 09:24:54.823577,u11,u11-laptop,mail.corp.local,4.3,https
2026-08-21 09:25:04.273039,u08,u08-laptop,workday.corp.local,8.01,https
2026-08-21 09:32:37.872969,u12,u12-laptop,mail.corp.local,22.89,https
2026-08-21 09:35:54.158912,u12,u12-laptop,github.corp.local,7.91,https
2026-08-21 09:37:48.512842,u15,u15-laptop,adminportal.corp.local,23.99,https
2026-08-21 09:39:45.501630,u06,u06-laptop,erp.corp.local,28.44,https
2026-08-21 09:41:26.286351,u12,u12-laptop,github.corp.local,25.39,https
2026-08-21 09:41:55.436690,u12,u12-laptop,mail.corp.local,24.74,https
2026-08-21 09:42:13.799917,u11,u11-laptop,sap.corp.local,7.16,https
2026-08-21 09:43:03.271257,u11,u11-laptop,sap.corp.local,5.45,https
2026-08-21 09:44:21.640921,u11,u11-laptop,sap.corp.local,17.83,https
2026-08-21 09:47:18.122853,u12,u12-laptop,github.corp.local,8.02,https
2026-08-21 09:49:00.040519,u11,u11-laptop,erp.corp.local,8.07,https
2026-08-21 09:52:53.167918,u14,u14-laptop,mail.corp.local,21.34,https
2026-08-21 09:57:38.016462,u14,u14-laptop,salesforce.corp.local,28.86,https
2026-08-21 09:59:42.292064,u14,u14-laptop,salesforce.corp.local,37.04,https
2026-08-21 10:00:11.469660,u12,u12-laptop,mail.corp.local,8.09,https
2026-08-21 10:00:23.590000,u11,u11-laptop,erp.corp.local,6.34,https
2026-08-21 10:06:10.110013,u12,u12-laptop,github.corp.local,3.12,https
2026-08-21 10:10:43.178491,u12,u12-laptop,github.corp.local,20.38,https
2026-08-21 10:20:24.809862,u08,u08-laptop,workday.corp.local,4.6,https
2026-08-21 10:20:44.530683,u08,u08-laptop,mail.corp.local,6.41,https
2026-08-21 10:26:00.387115,u08,u08-laptop,workday.corp.local,17.08,https
2026-08-21 10:26:48.662818,u06,u06-laptop,erp.corp.local,20.59,https
2026-08-21 10:31:15.739867,u14,u14-laptop,mail.corp.local,20.48,https
2026-08-21 10:31:37.771347,u08,u08-laptop,workday.corp.local,6.0,https
2026-08-21 10:44:08.494325,u02,u02-laptop,mail.corp.local,12.08,https
2026-08-21 10:44:49.962501,u08,u08-laptop,workday.corp.local,12.18,https
2026-08-21 10:45:48.498677,u14,u14-laptop,mail.corp.local,58.95,https
2026-08-21 10:47:00.548823,u02,u02-laptop,mail.corp.local,3.67,https
2026-08-21 10:49:30.232273,u02,u02-laptop,jira.corp.local,1.5,https
2026-08-21 10:49:49.711444,u15,u15-laptop,adminportal.corp.local,6.38,https
2026-08-21 10:50:29.156861,u03,u03-laptop,mail.corp.local,308.64,https
2026-08-21 10:52:44.370307,u01,u01-laptop,sap.corp.local,18.84,https
2026-08-21 10:54:24.231389,u12,u12-laptop,jira.corp.local,18.68,https
2026-08-21 10:57:29.218501,u02,u02-laptop,github.corp.local,2.34,https
2026-08-21 11:00:19.279905,u02,u02-laptop,mail.corp.local,1.75,https
2026-08-21 11:03:49.313943,u05,u05-laptop,mail.corp.local,56.1,https
2026-08-21 11:05:29.911055,u13,u13-laptop,workday.corp.local,18.2,https
2026-08-21 11:07:40.261135,u15,u15-laptop,mail.corp.local,11.06,https
2026-08-21 11:08:56.560544,u14,u14-laptop,salesforce.corp.local,18.21,https
2026-08-21 11:09:47.046992,u08,u08-laptop,mail.corp.local,73.51,https
2026-08-21 11:15:02.123844,u02,u02-laptop,jira.corp.local,5.0,https
2026-08-21 11:17:13.302837,u08,u08-laptop,workday.corp.local,19.15,https
2026-08-21 11:19:06.403729,u13,u13-laptop,workday.corp.local,20.32,https
2026-08-21 11:19:50.588561,u15,u15-laptop,adminportal.corp.local,6.64,https
2026-08-21 11:20:15.545873,u02,u02-laptop,github.corp.local,1.21,https
2026-08-21 11:20:19.528106,u06,u06-laptop,mail.corp.local,15.11,https
2026-08-21 11:21:34.295075,u01,u01-laptop,erp.corp.local,33.58,https
2026-08-21 11:23:29.263108,u02,u02-laptop,github.corp.local,1.54,https
2026-08-21 11:23:53.138647,u05,u05-laptop,adminportal.corp.local,32.8,https
2026-08-21 11:27:25.871037,u01,u01-laptop,mail.corp.local,16.36,https
2026-08-21 11:27:49.088836,u15,u15-laptop,mail.corp.local,10.16,https
2026-08-21 11:28:21.351712,u13,u13-laptop,mail.corp.local,30.09,https
2026-08-21 11:28:57.624985,u06,u06-laptop,mail.corp.local,6.39,https
2026-08-21 11:31:16.926634,u13,u13-laptop,mail.corp.local,28.35,https
2026-08-21 11:31:29.117554,u01,u01-laptop,erp.corp.local,13.21,https
2026-08-21 11:34:02.619370,u09,u09-mobile,mail.corp.local,29.6,https
2026-08-21 11:34:06.636640,u02,u02-laptop,github.corp.local,2.32,https
2026-08-21 11:35:04.452201,u01,u01-laptop,erp.corp.local,5.99,https
2026-08-21 11:37:56.433366,u02,u02-laptop,github.corp.local,1.89,https
2026-08-21 11:44:18.488073,u13,u13-laptop,workday.corp.local,13.83,https
2026-08-21 11:44:45.283341,u06,u06-laptop,erp.corp.local,6.57,https
2026-08-21 11:45:08.776884,u13,u13-laptop,mail.corp.local,7.21,https
2026-08-21 11:45:20.376467,u08,u08-laptop,mail.corp.local,37.8,https
2026-08-21 11:47:41.831340,u13,u13-laptop,mail.corp.local,14.8,https
2026-08-21 11:50:03.763306,u13,u13-laptop,workday.corp.local,13.57,https
2026-08-21 11:50:26.099053,u02,u02-laptop,mail.corp.local,3.76,https
2026-08-21 11:51:09.967558,u13,u13-laptop,workday.corp.local,6.23,https
2026-08-21 11:53:31.488480,u11,u11-laptop,sap.corp.local,6.51,https
2026-08-21 11:54:01.915107,u09,u09-mobile,mail.corp.local,13.11,https
2026-08-21 11:54:08.028714,u04,u04-laptop,salesforce.corp.local,18.2,https
2026-08-21 11:54:13.988790,u13,u13-laptop,workday.corp.local,10.07,https
2026-08-21 11:56:29.011642,u02,u02-laptop,mail.corp.local,1.67,https
2026-08-21 11:59:06.645255,u13,u13-laptop,mail.corp.local,19.86,https
2026-08-21 12:00:49.252910,u13,u13-laptop,workday.corp.local,10.22,https
2026-08-21 12:01:18.685405,u05,u05-laptop,adminportal.corp.local,12.82,https
2026-08-21 12:02:14.138709,u11,u11-laptop,sap.corp.local,2.41,https
2026-08-21 12:02:15.544671,u02,u02-laptop,mail.corp.local,14.57,https
2026-08-21 12:07:27.639537,u05,u05-laptop,mail.corp.local,14.06,https
2026-08-21 12:07:38.400748,u02,u02-laptop,github.corp.local,4.54,https
2026-08-21 12:08:11.165723,u02,u02-laptop,github.corp.local,1.34,https
2026-08-21 12:08:59.920520,u02,u02-laptop,jira.corp.local,2.44,https
2026-08-21 12:11:41.826654,u05,u05-laptop,adminportal.corp.local,10.11,https
2026-08-21 12:12:27.644270,u06,u06-laptop,sap.corp.local,9.24,https
2026-08-21 12:12:49.192905,u04,u04-laptop,salesforce.corp.local,8.76,https
2026-08-21 12:14:46.451750,u13,u13-laptop,mail.corp.local,7.61,https
2026-08-21 12:16:13.755211,u15,u15-laptop,adminportal.corp.local,4.6,https
2026-08-21 12:18:12.981946,u06,u06-laptop,erp.corp.local,36.38,https
2026-08-21 12:18:59.892057,u13,u13-laptop,mail.corp.local,6.69,https
2026-08-21 12:19:35.219113,u11,u11-laptop,mail.corp.local,5.1,https
2026-08-21 12:19:38.383822,u09,u09-mobile,mail.corp.local,24.48,https
2026-08-21 12:21:33.372755,u02,u02-laptop,github.corp.local,2.87,https
2026-08-21 12:24:54.519739,u02,u02-laptop,github.corp.local,5.85,https
2026-08-21 12:29:14.985315,u04,u04-laptop,mail.corp.local,33.13,https
2026-08-21 12:29:58.787369,u11,u11-laptop,sap.corp.local,7.79,https
2026-08-21 12:30:48.738224,u05,u05-laptop,mail.corp.local,11.87,https
2026-08-21 12:31:22.446110,u15,u15-laptop,adminportal.corp.local,6.77,https
2026-08-21 12:37:45.418772,u13,u13-laptop,workday.corp.local,7.67,https
2026-08-21 12:41:33.814064,u05,u05-laptop,mail.corp.local,15.63,https
2026-08-21 12:45:32.445768,u05,u05-laptop,adminportal.corp.local,16.37,https
2026-08-21 12:45:48.250048,u09,u09-mobile,mail.corp.local,36.02,https
2026-08-21 12:53:32.911334,u02,u02-laptop,mail.corp.local,7.55,https
2026-08-21 12:56:38.902531,u11,u11-laptop,mail.corp.local,45.73,https
2026-08-21 13:03:46.778835,u11,u11-laptop,sap.corp.local,6.45,https
2026-08-21 13:07:37.810449,u02,u02-laptop,jira.corp.local,5.13,https
2026-08-21 13:09:37.178503,u11,u11-laptop,mail.corp.local,7.35,https
2026-08-21 13:30:20.684996,u05,u05-laptop,adminportal.corp.local,84.95,https
2026-08-22 08:53:28.010386,u06,u06-laptop,mail.corp.local,47.59,https
2026-08-22 09:19:24.799003,u06,u06-laptop,mail.corp.local,45.33,https
2026-08-22 09:35:45.444771,u06,u06-laptop,mail.corp.local,20.71,https
2026-08-22 09:40:22.873334,u04,u04-laptop,salesforce.corp.local,79.41,https
2026-08-22 09:46:55.928631,u04,u04-laptop,salesforce.corp.local,29.7,https
2026-08-22 10:13:39.660987,u14,u14-laptop,mail.corp.local,11.53,https
2026-08-22 10:41:34.424817,u04,u04-laptop,salesforce.corp.local,27.9,https
2026-08-22 10:42:51.103407,u14,u14-laptop,salesforce.corp.local,13.09,https
2026-08-22 10:44:01.797631,u14,u14-laptop,mail.corp.local,9.54,https
2026-08-22 10:45:31.842628,u14,u14-laptop,salesforce.corp.local,4.72,https
2026-08-22 10:55:25.525734,u14,u14-laptop,mail.corp.local,13.07,https
2026-08-22 12:04:47.491910,u14,u14-laptop,mail.corp.local,33.53,https
2026-08-22 12:31:05.327016,u14,u14-laptop,mail.corp.local,51.68,https
2026-08-22 12:35:02.376890,u14,u14-laptop,mail.corp.local,42.88,https
2026-08-22 12:38:24.677185,u12,u12-laptop,github.corp.local,13.26,https
2026-08-22 12:38:58.541383,u12,u12-laptop,mail.corp.local,16.82,https
2026-08-22 12:51:09.024398,u14,u14-laptop,mail.corp.local,37.93,https
2026-08-22 13:10:19.730620,u12,u12-laptop,jira.corp.local,11.27,https
2026-08-23 08:10:24.347690,u07,u07-laptop,github.corp.local,10.36,https
2026-08-23 08:47:23.751987,u07,u07-laptop,mail.corp.local,22.57,https
2026-08-23 09:03:27.434347,u07,u07-laptop,jira.corp.local,35.41,https
2026-08-23 09:09:27.214182,u09,u09-mobile,salesforce.corp.local,35.55,https
2026-08-23 09:18:30.441185,u04,u04-laptop,mail.corp.local,118.77,https
2026-08-23 09:28:16.302855,u07,u07-laptop,jira.corp.local,21.17,https
2026-08-23 10:01:29.020954,u01,u01-laptop,sap.corp.local,22.74,https
2026-08-23 10:22:29.074468,u01,u01-laptop,erp.corp.local,22.28,https
2026-08-23 10:35:52.044398,u01,u01-laptop,erp.corp.local,23.66,https
2026-08-23 10:37:20.679498,u09,u09-mobile,salesforce.corp.local,37.48,https
2026-08-23 10:38:41.491817,u01,u01-laptop,erp.corp.local,25.64,https
2026-08-23 10:40:13.667410,u01,u01-laptop,mail.corp.local,22.98,https
2026-08-23 10:48:05.378648,u02,u02-laptop,mail.corp.local,8.27,https
2026-08-23 10:50:48.643826,u11,u11-laptop,sap.corp.local,72.41,https
2026-08-23 10:51:30.063756,u01,u01-laptop,erp.corp.local,36.24,https
2026-08-23 10:56:01.186751,u09,u09-mobile,mail.corp.local,15.32,https
2026-08-23 11:01:50.669408,u09,u09-mobile,salesforce.corp.local,27.46,https
2026-08-23 11:04:08.232687,u12,u12-laptop,github.corp.local,15.11,https
2026-08-23 11:05:27.452748,u11,u11-laptop,erp.corp.local,103.0,https
2026-08-23 11:14:41.606554,u02,u02-laptop,jira.corp.local,4.7,https
2026-08-23 11:14:49.342785,u01,u01-laptop,mail.corp.local,19.56,https
2026-08-23 11:16:37.503055,u09,u09-mobile,mail.corp.local,17.35,https
2026-08-23 11:21:09.331480,u02,u02-laptop,jira.corp.local,25.86,https
2026-08-23 11:28:19.661817,u02,u02-laptop,jira.corp.local,10.84,https
2026-08-23 11:32:23.871322,u12,u12-laptop,jira.corp.local,29.13,https
2026-08-23 11:42:42.405967,u02,u02-laptop,jira.corp.local,5.81,https
2026-08-23 11:47:20.872764,u02,u02-laptop,github.corp.local,8.86,https
2026-08-23 11:47:30.336134,u09,u09-mobile,mail.corp.local,13.06,https
2026-08-23 11:50:00.546689,u02,u02-laptop,mail.corp.local,8.31,https
2026-08-23 11:56:13.290827,u02,u02-laptop,mail.corp.local,8.3,https
2026-08-23 12:10:19.313573,u11,u11-laptop,sap.corp.local,39.71,https
2026-08-23 12:16:37.106523,u12,u12-laptop,mail.corp.local,18.4,https
2026-08-23 13:44:17.886607,u02,u02-laptop,github.corp.local,6.95,https
2026-08-23 13:54:32.108182,u02,u02-laptop,github.corp.local,11.68,https
2026-08-23 14:04:48.254303,u02,u02-laptop,jira.corp.local,5.83,https
2026-08-23 14:16:22.327227,u02,u02-laptop,jira.corp.local,4.81,https
2026-08-23 14:27:26.877273,u02,u02-laptop,jira.corp.local,11.74,https
2026-08-24 07:41:29.094497,u03,u03-laptop,workday.corp.local,46.25,https
2026-08-24 08:41:35.583176,u03,u03-laptop,workday.corp.local,11.39,https
2026-08-24 08:51:34.423641,u02,u02-laptop,mail.corp.local,9.79,https
2026-08-24 09:09:50.653927,u02,u02-laptop,github.corp.local,8.17,https
2026-08-24 09:15:24.201287,u02,u02-laptop,github.corp.local,4.63,https
2026-08-24 09:16:19.436007,u15,u15-laptop,adminportal.corp.local,21.7,https
2026-08-24 09:16:44.280919,u02,u02-laptop,github.corp.local,6.54,https
2026-08-24 09:24:45.371616,u04,u04-laptop,salesforce.corp.local,13.39,https
2026-08-24 09:27:45.796392,u15,u15-laptop,mail.corp.local,32.34,https
2026-08-24 09:34:53.761593,u12,u12-laptop,jira.corp.local,6.95,https
2026-08-24 09:36:00.443966,u13,u13-mobile,mail.corp.local,5.88,https
2026-08-24 09:37:14.200454,u03,u03-laptop,workday.corp.local,22.65,https
2026-08-24 09:37:16.567793,u02,u02-laptop,mail.corp.local,7.2,https
2026-08-24 09:40:09.821745,u06,u06-laptop,mail.corp.local,27.59,https
2026-08-24 09:40:53.908054,u12,u12-laptop,github.corp.local,6.25,https
2026-08-24 09:44:03.280591,u15,u15-laptop,mail.corp.local,39.1,https
2026-08-24 09:44:32.731050,u12,u12-laptop,jira.corp.local,5.22,https
2026-08-24 09:48:47.229557,u04,u04-laptop,mail.corp.local,7.59,https
2026-08-24 09:52:26.407152,u13,u13-mobile,mail.corp.local,3.97,https
2026-08-24 09:53:02.987043,u06,u06-laptop,mail.corp.local,33.12,https
2026-08-24 09:53:10.724719,u12,u12-laptop,github.corp.local,5.54,https
2026-08-24 10:06:20.068564,u02,u02-laptop,mail.corp.local,21.91,https
2026-08-24 10:07:08.520132,u06,u06-laptop,sap.corp.local,31.95,https
2026-08-24 10:20:32.487718,u03,u03-laptop,workday.corp.local,19.31,https
2026-08-24 10:22:11.271818,u07,u07-laptop,jira.corp.local,27.72,https
2026-08-24 10:22:50.619395,u07,u07-laptop,mail.corp.local,37.07,https
2026-08-24 10:26:23.924709,u02,u02-laptop,github.corp.local,14.98,https
2026-08-24 10:27:06.305124,u13,u13-mobile,mail.corp.local,3.71,https
2026-08-24 10:31:24.567398,u04,u04-laptop,salesforce.corp.local,24.79,https
2026-08-24 10:31:46.566618,u12,u12-laptop,github.corp.local,9.88,https
2026-08-24 10:32:18.139852,u07,u07-laptop,jira.corp.local,60.38,https
2026-08-24 10:33:04.495043,u15,u15-laptop,adminportal.corp.local,87.72,https
2026-08-24 10:33:09.820042,u12,u12-laptop,mail.corp.local,7.6,https
2026-08-24 10:34:40.558094,u03,u03-laptop,mail.corp.local,29.35,https
2026-08-24 10:35:12.682265,u14,u14-laptop,salesforce.corp.local,13.15,https
2026-08-24 10:37:51.834813,u11,u11-laptop,mail.corp.local,62.01,https
2026-08-24 10:41:37.028058,u13,u13-mobile,workday.corp.local,8.68,https
2026-08-24 10:41:37.394367,u03,u03-laptop,workday.corp.local,46.9,https
2026-08-24 10:42:04.820419,u12,u12-laptop,mail.corp.local,17.8,https
2026-08-24 10:43:38.074429,u07,u07-laptop,mail.corp.local,11.72,https
2026-08-24 10:49:28.722298,u15,u15-laptop,adminportal.corp.local,52.52,https
2026-08-24 10:58:16.420332,u12,u12-laptop,mail.corp.local,5.84,https
2026-08-24 11:06:04.639264,u09,u09-laptop,mail.corp.local,39.55,https
2026-08-24 11:06:27.011269,u03,u03-laptop,workday.corp.local,36.53,https
2026-08-24 11:06:27.873218,u03,u03-laptop,workday.corp.local,5.57,https
2026-08-24 11:07:12.626115,u14,u14-laptop,salesforce.corp.local,13.99,https
2026-08-24 11:12:35.132574,u02,u02-laptop,mail.corp.local,2.72,https
2026-08-24 11:18:19.982476,u03,u03-laptop,workday.corp.local,7.62,https
2026-08-24 11:18:40.625071,u03,u03-laptop,workday.corp.local,6.8,https
2026-08-24 11:20:03.637708,u07,u07-laptop,mail.corp.local,25.13,https
2026-08-24 11:20:51.116321,u02,u02-laptop,jira.corp.local,4.24,https
2026-08-24 11:26:18.433557,u02,u02-laptop,jira.corp.local,2.14,https
2026-08-24 11:26:23.383203,u13,u13-mobile,mail.corp.local,12.57,https
2026-08-24 11:28:46.900608,u03,u03-laptop,workday.corp.local,33.74,https
2026-08-24 11:28:53.371564,u03,u03-laptop,mail.corp.local,7.44,https
2026-08-24 11:29:35.591551,u12,u12-laptop,github.corp.local,22.92,https
2026-08-24 11:31:04.616356,u13,u13-mobile,workday.corp.local,5.84,https
2026-08-24 11:31:05.696296,u05,u05-laptop,mail.corp.local,103.67,https
2026-08-24 11:31:51.432986,u13,u13-mobile,mail.corp.local,5.74,https
2026-08-24 11:32:41.958455,u07,u07-laptop,github.corp.local,8.37,https
2026-08-24 11:34:34.438249,u02,u02-laptop,mail.corp.local,11.91,https
2026-08-24 11:34:35.837700,u07,u07-laptop,mail.corp.local,32.7,https
2026-08-24 11:36:22.779845,u13,u13-mobile,workday.corp.local,4.52,https
2026-08-24 11:37:11.107418,u04,u04-laptop,salesforce.corp.local,8.22,https
2026-08-24 11:37:21.803335,u09,u09-laptop,salesforce.corp.local,84.56,https
2026-08-24 11:38:44.117135,u01,u01-laptop,mail.corp.local,17.23,https
2026-08-24 11:40:06.892994,u11,u11-laptop,mail.corp.local,16.07,https
2026-08-24 11:40:55.313750,u01,u01-laptop,erp.corp.local,12.57,https
2026-08-24 11:41:29.454184,u15,u15-laptop,adminportal.corp.local,3.76,https
2026-08-24 11:42:20.898575,u13,u13-mobile,mail.corp.local,15.57,https
2026-08-24 11:48:08.383187,u13,u13-mobile,mail.corp.local,13.23,https
2026-08-24 11:48:21.889630,u04,u04-laptop,salesforce.corp.local,8.84,https
2026-08-24 11:48:57.121935,u02,u02-laptop,mail.corp.local,3.05,https
2026-08-24 11:49:15.337975,u12,u12-laptop,github.corp.local,11.74,https
2026-08-24 11:51:37.973733,u15,u15-laptop,mail.corp.local,6.29,https
2026-08-24 11:52:37.368337,u14,u14-laptop,salesforce.corp.local,15.94,https
2026-08-24 11:53:11.232443,u13,u13-mobile,mail.corp.local,3.91,https
2026-08-24 11:53:33.400089,u01,u01-laptop,mail.corp.local,10.68,https
2026-08-24 11:55:14.522645,u15,u15-laptop,adminportal.corp.local,4.69,https
2026-08-24 11:56:53.072211,u11,u11-laptop,sap.corp.local,13.14,https
2026-08-24 11:59:41.020318,u08,u08-laptop,workday.corp.local,26.74,https
2026-08-24 12:00:04.494320,u13,u13-mobile,workday.corp.local,6.18,https
2026-08-24 12:03:23.902244,u12,u12-laptop,github.corp.local,4.47,https
2026-08-24 12:05:04.844926,u05,u05-laptop,mail.corp.local,24.89,https
2026-08-24 12:05:22.793148,u08,u08-laptop,mail.corp.local,16.5,https
2026-08-24 12:08:27.310804,u13,u13-mobile,mail.corp.local,13.6,https
2026-08-24 12:10:02.818054,u01,u01-laptop,sap.corp.local,13.35,https
2026-08-24 12:10:30.416068,u11,u11-laptop,erp.corp.local,19.18,https
2026-08-24 12:13:48.331617,u13,u13-mobile,mail.corp.local,3.47,https
2026-08-24 12:14:25.720774,u01,u01-laptop,sap.corp.local,15.23,https
2026-08-24 12:14:30.569239,u01,u01-laptop,mail.corp.local,5.8,https
2026-08-24 12:16:54.551610,u07,u07-laptop,jira.corp.local,12.09,https
2026-08-24 12:18:04.280655,u05,u05-laptop,mail.corp.local,17.51,https
2026-08-24 12:18:13.862162,u13,u13-mobile,mail.corp.local,30.69,https
2026-08-24 12:19:53.678968,u07,u07-laptop,jira.corp.local,6.47,https
2026-08-24 12:21:56.207106,u01,u01-laptop,erp.corp.local,8.5,https
2026-08-24 12:22:37.058931,u08,u08-laptop,mail.corp.local,33.44,https
2026-08-24 12:23:52.093144,u05,u05-laptop,mail.corp.local,35.21,https
2026-08-24 12:25:09.994903,u08,u08-laptop,workday.corp.local,32.06,https
2026-08-24 12:26:50.841466,u13,u13-mobile,mail.corp.local,9.68,https
2026-08-24 12:28:41.802034,u01,u01-laptop,mail.corp.local,27.0,https
2026-08-24 12:29:46.573570,u02,u02-laptop,mail.corp.local,1.45,https
2026-08-24 12:30:14.614583,u12,u12-laptop,mail.corp.local,3.33,https
2026-08-24 12:31:47.340787,u02,u02-laptop,mail.corp.local,1.6,https
2026-08-24 12:31:51.828083,u05,u05-laptop,mail.corp.local,25.33,https
2026-08-24 12:34:43.780700,u01,u01-laptop,sap.corp.local,21.7,https
2026-08-24 12:34:55.796131,u13,u13-mobile,workday.corp.local,50.38,https
2026-08-24 12:38:44.661746,u12,u12-laptop,jira.corp.local,4.27,https
2026-08-24 12:38:49.308882,u05,u05-laptop,adminportal.corp.local,18.18,https
2026-08-24 12:41:45.577233,u14,u14-laptop,salesforce.corp.local,14.0,https
2026-08-24 12:41:47.819682,u08,u08-laptop,workday.corp.local,20.59,https
2026-08-24 12:42:00.707512,u05,u05-laptop,mail.corp.local,18.47,https
2026-08-24 12:44:00.643887,u01,u01-laptop,erp.corp.local,10.29,https
2026-08-24 12:46:32.637917,u05,u05-laptop,adminportal.corp.local,26.16,https
2026-08-24 12:50:30.248425,u08,u08-laptop,mail.corp.local,25.59,https
2026-08-24 12:50:42.479394,u14,u14-laptop,salesforce.corp.local,16.02,https
2026-08-24 12:52:29.373775,u07,u07-laptop,github.corp.local,13.99,https
2026-08-24 12:53:34.503733,u07,u07-laptop,jira.corp.local,5.98,https
2026-08-24 12:56:51.195150,u08,u08-laptop,mail.corp.local,22.0,https
2026-08-24 13:07:31.666470,u02,u02-laptop,mail.corp.local,2.05,https
2026-08-24 13:13:47.859646,u14,u14-laptop,salesforce.corp.local,4.11,https
2026-08-24 13:13:59.444531,u05,u05-laptop,mail.corp.local,10.54,https
2026-08-24 13:27:06.428117,u02,u02-laptop,jira.corp.local,1.47,https
2026-08-24 13:29:06.154422,u14,u14-laptop,salesforce.corp.local,9.33,https
2026-08-24 13:39:46.403805,u05,u05-laptop,mail.corp.local,15.95,https
2026-08-24 13:40:30.586034,u05,u05-laptop,mail.corp.local,6.24,https
2026-08-24 13:42:48.219195,u14,u14-laptop,salesforce.corp.local,13.08,https
2026-08-24 13:43:58.492450,u14,u14-laptop,mail.corp.local,17.13,https
2026-08-24 23:18:37.694710,u10,u10-laptop,mail.corp.local,49.15,https
2026-08-24 23:27:18.525865,u10,u10-laptop,adminportal.corp.local,29.27,https
2026-08-25 00:32:06.354874,u10,u10-laptop,adminportal.corp.local,59.84,https
2026-08-25 00:45:04.401710,u10,u10-laptop,mail.corp.local,29.9,https
2026-08-25 07:42:53.623918,u01,u01-mobile,mail.corp.local,12.11,https
2026-08-25 07:54:23.505555,u01,u01-mobile,mail.corp.local,7.86,https
2026-08-25 08:05:01.389984,u04,u04-laptop,mail.corp.local,3.71,https
2026-08-25 08:06:47.905842,u03,u03-laptop,workday.corp.local,7.71,https
2026-08-25 08:09:56.178446,u03,u03-laptop,mail.corp.local,4.17,https
2026-08-25 08:14:42.570536,u04,u04-laptop,mail.corp.local,36.8,https
2026-08-25 08:14:52.021564,u01,u01-mobile,mail.corp.local,8.0,https
2026-08-25 08:23:22.013667,u11,u11-laptop,mail.corp.local,32.58,https
2026-08-25 08:25:24.656245,u08,u08-laptop,mail.corp.local,4.51,https
2026-08-25 08:28:01.945358,u08,u08-laptop,mail.corp.local,5.98,https
2026-08-25 08:35:52.975969,u11,u11-laptop,mail.corp.local,34.99,https
2026-08-25 08:43:07.029649,u08,u08-laptop,mail.corp.local,2.65,https
2026-08-25 08:44:10.369898,u03,u03-laptop,mail.corp.local,6.17,https
2026-08-25 08:51:00.346235,u03,u03-laptop,workday.corp.local,11.86,https
2026-08-25 08:53:35.319402,u15,u15-laptop,adminportal.corp.local,12.2,https
2026-08-25 08:54:07.622747,u08,u08-laptop,workday.corp.local,4.69,https
2026-08-25 08:57:42.893262,u08,u08-laptop,workday.corp.local,7.36,https
2026-08-25 09:00:04.229505,u08,u08-laptop,workday.corp.local,6.23,https
2026-08-25 09:01:38.692478,u03,u03-laptop,workday.corp.local,7.11,https
2026-08-25 09:02:34.973360,u09,u09-mobile,salesforce.corp.local,2.29,https
2026-08-25 09:03:39.554917,u04,u04-laptop,mail.corp.local,4.25,https
2026-08-25 09:04:23.219737,u11,u11-laptop,sap.corp.local,43.58,https
2026-08-25 09:04:59.719810,u03,u03-laptop,mail.corp.local,4.68,https
2026-08-25 09:07:40.676678,u01,u01-mobile,mail.corp.local,32.09,https
2026-08-25 09:16:57.005905,u08,u08-laptop,workday.corp.local,3.49,https
2026-08-25 09:17:38.790372,u03,u03-laptop,workday.corp.local,5.68,https
2026-08-25 09:19:35.559045,u13,u13-laptop,mail.corp.local,11.11,https
2026-08-25 09:22:51.274490,u04,u04-laptop,salesforce.corp.local,4.6,https
2026-08-25 09:24:23.571082,u03,u03-laptop,workday.corp.local,7.14,https
2026-08-25 09:26:18.632306,u13,u13-laptop,mail.corp.local,8.34,https
2026-08-25 09:27:17.096965,u13,u13-laptop,workday.corp.local,11.63,https
2026-08-25 09:33:33.278144,u13,u13-laptop,mail.corp.local,10.01,https
2026-08-25 09:37:24.035273,u01,u01-mobile,sap.corp.local,33.24,https
2026-08-25 09:38:28.110313,u08,u08-laptop,mail.corp.local,3.5,https
2026-08-25 09:41:11.848562,u13,u13-laptop,workday.corp.local,16.29,https
2026-08-25 09:41:37.907754,u09,u09-mobile,salesforce.corp.local,1.61,https
2026-08-25 09:45:15.947982,u03,u03-laptop,workday.corp.local,4.73,https
2026-08-25 09:46:25.789059,u01,u01-mobile,sap.corp.local,20.28,https
2026-08-25 09:47:31.879150,u13,u13-laptop,mail.corp.local,9.8,https
2026-08-25 09:52:13.242686,u13,u13-laptop,mail.corp.local,7.85,https
2026-08-25 09:54:37.702432,u15,u15-laptop,adminportal.corp.local,12.68,https
2026-08-25 09:58:20.404486,u04,u04-laptop,salesforce.corp.local,5.11,https
2026-08-25 09:59:30.088412,u13,u13-laptop,workday.corp.local,10.97,https
2026-08-25 10:02:24.708562,u04,u04-laptop,salesforce.corp.local,5.86,https
2026-08-25 10:03:41.730836,u11,u11-laptop,erp.corp.local,15.83,https
2026-08-25 10:05:05.866461,u08,u08-laptop,workday.corp.local,10.75,https
2026-08-25 10:09:05.809927,u04,u04-laptop,mail.corp.local,4.53,https
2026-08-25 10:13:18.354460,u15,u15-laptop,adminportal.corp.local,13.11,https
2026-08-25 10:18:43.170389,u12,u12-laptop,github.corp.local,2.21,https
2026-08-25 10:22:51.612736,u11,u11-laptop,mail.corp.local,10.2,https
2026-08-25 10:23:51.693472,u08,u08-laptop,mail.corp.local,17.32,https
2026-08-25 10:24:32.144250,u11,u11-laptop,mail.corp.local,23.9,https
2026-08-25 10:25:55.704515,u13,u13-laptop,workday.corp.local,16.73,https
2026-08-25 10:27:39.078669,u03,u03-laptop,mail.corp.local,6.23,https
2026-08-25 10:28:10.686020,u13,u13-laptop,workday.corp.local,9.46,https
2026-08-25 10:30:44.291943,u08,u08-laptop,workday.corp.local,16.59,https
2026-08-25 10:30:50.352458,u15,u15-laptop,mail.corp.local,21.5,https
2026-08-25 10:31:32.868252,u13,u13-laptop,workday.corp.local,17.85,https
2026-08-25 10:32:09.253898,u04,u04-laptop,salesforce.corp.local,7.64,https
2026-08-25 10:33:43.318144,u03,u03-laptop,mail.corp.local,12.56,https
2026-08-25 10:33:50.654608,u12,u12-laptop,jira.corp.local,21.49,https
2026-08-25 10:34:37.434283,u13,u13-laptop,workday.corp.local,27.64,https
2026-08-25 10:34:50.896602,u09,u09-mobile,salesforce.corp.local,5.43,https
2026-08-25 10:37:07.769287,u09,u09-mobile,mail.corp.local,5.03,https
2026-08-25 10:37:23.432423,u11,u11-laptop,erp.corp.local,11.34,https
2026-08-25 10:38:37.442745,u08,u08-laptop,workday.corp.local,17.38,https
2026-08-25 10:38:41.178723,u13,u13-laptop,workday.corp.local,23.12,https
2026-08-25 10:40:45.479341,u03,u03-laptop,workday.corp.local,42.02,https
2026-08-25 10:43:06.331165,u03,u03-laptop,workday.corp.local,6.99,https
2026-08-25 10:43:45.467519,u11,u11-laptop,mail.corp.local,10.94,https
2026-08-25 10:44:32.036396,u11,u11-laptop,mail.corp.local,23.96,https
2026-08-25 10:44:49.183246,u03,u03-laptop,mail.corp.local,3.88,https
2026-08-25 10:45:10.320160,u08,u08-laptop,workday.corp.local,9.04,https
2026-08-25 10:46:30.612310,u13,u13-laptop,workday.corp.local,11.12,https
2026-08-25 10:48:44.279992,u01,u01-mobile,sap.corp.local,1.53,https
2026-08-25 10:51:47.101583,u03,u03-laptop,mail.corp.local,9.55,https
2026-08-25 10:52:30.475355,u12,u12-laptop,jira.corp.local,17.77,https
2026-08-25 10:53:53.251024,u12,u12-laptop,mail.corp.local,2.85,https
2026-08-25 10:54:03.380897,u09,u09-mobile,mail.corp.local,6.49,https
2026-08-25 10:54:11.804754,u14,u14-laptop,mail.corp.local,9.39,https
2026-08-25 10:58:09.651008,u01,u01-mobile,sap.corp.local,1.38,https
2026-08-25 10:58:18.412520,u06,u06-laptop,mail.corp.local,9.95,https
2026-08-25 10:58:36.722144,u12,u12-laptop,mail.corp.local,15.63,https
2026-08-25 11:01:02.811140,u01,u01-mobile,mail.corp.local,2.35,https
2026-08-25 11:01:25.429411,u06,u06-laptop,erp.corp.local,18.09,https
2026-08-25 11:02:05.861262,u12,u12-laptop,jira.corp.local,3.16,https
2026-08-25 11:02:15.146480,u13,u13-laptop,mail.corp.local,12.05,https
2026-08-25 11:02:59.059549,u13,u13-laptop,mail.corp.local,6.31,https
2026-08-25 11:03:32.934606,u13,u13-laptop,mail.corp.local,8.9,https
2026-08-25 11:04:15.702441,u09,u09-mobile,mail.corp.local,6.86,https
2026-08-25 11:04:59.709997,u09,u09-mobile,salesforce.corp.local,10.26,https
2026-08-25 11:05:12.043721,u11,u11-laptop,mail.corp.local,11.3,https
2026-08-25 11:09:01.807926,u03,u03-laptop,workday.corp.local,18.48,https
2026-08-25 11:09:02.905107,u13,u13-laptop,workday.corp.local,3.73,https
2026-08-25 11:09:15.484473,u09,u09-mobile,mail.corp.local,11.1,https
2026-08-25 11:10:18.312913,u01,u01-mobile,sap.corp.local,12.07,https
2026-08-25 11:13:34.249311,u02,u02-laptop,jira.corp.local,4.63,https
2026-08-25 11:16:01.316333,u04,u04-laptop,salesforce.corp.local,3.11,https
2026-08-25 11:16:35.780897,u06,u06-laptop,mail.corp.local,13.42,https
2026-08-25 11:16:56.577474,u02,u02-laptop,github.corp.local,7.74,https
2026-08-25 11:16:56.969675,u01,u01-mobile,erp.corp.local,2.05,https
2026-08-25 11:17:44.627821,u13,u13-laptop,workday.corp.local,5.53,https
2026-08-25 11:20:50.414825,u03,u03-laptop,mail.corp.local,8.36,https
2026-08-25 11:21:30.236210,u13,u13-laptop,workday.corp.local,6.57,https
2026-08-25 11:21:47.226833,u13,u13-laptop,mail.corp.local,6.41,https
2026-08-25 11:22:11.548385,u11,u11-laptop,sap.corp.local,14.01,https
2026-08-25 11:22:37.075765,u13,u13-laptop,workday.corp.local,5.9,https
2026-08-25 11:23:05.197096,u12,u12-laptop,mail.corp.local,18.85,https
2026-08-25 11:23:24.441968,u14,u14-laptop,mail.corp.local,8.86,https
2026-08-25 11:23:43.619500,u09,u09-mobile,salesforce.corp.local,10.75,https
2026-08-25 11:23:52.081806,u11,u11-laptop,mail.corp.local,17.06,https
2026-08-25 11:24:07.497621,u14,u14-laptop,mail.corp.local,9.21,https
2026-08-25 11:27:36.687626,u01,u01-mobile,erp.corp.local,1.73,https
2026-08-25 11:29:58.192155,u01,u01-mobile,sap.corp.local,1.66,https
2026-08-25 11:30:06.370229,u14,u14-laptop,salesforce.corp.local,11.27,https
2026-08-25 11:31:29.146988,u01,u01-mobile,erp.corp.local,15.86,https
2026-08-25 11:32:43.466455,u14,u14-laptop,mail.corp.local,4.9,https
2026-08-25 11:33:26.586265,u15,u15-laptop,mail.corp.local,2.45,https
2026-08-25 11:33:36.993486,u11,u11-laptop,sap.corp.local,14.75,https
2026-08-25 11:33:45.116719,u01,u01-mobile,mail.corp.local,11.66,https
2026-08-25 11:34:13.753215,u07,u07-laptop,mail.corp.local,28.21,https
2026-08-25 11:34:51.442981,u01,u01-mobile,erp.corp.local,2.66,https
2026-08-25 11:35:35.060454,u15,u15-laptop,mail.corp.local,0.94,https
2026-08-25 11:38:04.644979,u01,u01-mobile,erp.corp.local,2.0,https
2026-08-25 11:38:37.878458,u07,u07-laptop,mail.corp.local,26.78,https
2026-08-25 11:39:16.191411,u15,u15-laptop,adminportal.corp.local,1.75,https
2026-08-25 11:39:39.149270,u11,u11-laptop,mail.corp.local,13.88,https
2026-08-25 11:40:59.772495,u08,u08-laptop,workday.corp.local,41.65,https
2026-08-25 11:41:59.697556,u03,u03-laptop,workday.corp.local,4.76,https
2026-08-25 11:42:13.477502,u05,u05-mobile,adminportal.corp.local,150.03,https
2026-08-25 11:43:37.339670,u06,u06-laptop,erp.corp.local,13.58,https
2026-08-25 11:44:43.977724,u12,u12-laptop,mail.corp.local,1.84,https
2026-08-25 11:46:03.919117,u02,u02-laptop,jira.corp.local,8.8,https
2026-08-25 11:47:27.326899,u13,u13-laptop,mail.corp.local,4.17,https
2026-08-25 11:48:20.097635,u13,u13-laptop,workday.corp.local,11.79,https
2026-08-25 11:49:37.498295,u06,u06-laptop,mail.corp.local,8.54,https
2026-08-25 11:50:07.538776,u06,u06-laptop,sap.corp.local,10.32,https
2026-08-25 11:50:18.521894,u01,u01-mobile,mail.corp.local,14.69,https
2026-08-25 11:50:32.862973,u14,u14-laptop,salesforce.corp.local,7.54,https
2026-08-25 11:52:26.573154,u06,u06-laptop,erp.corp.local,14.3,https
2026-08-25 11:55:08.781289,u09,u09-mobile,salesforce.corp.local,4.77,https
2026-08-25 11:56:08.806759,u09,u09-mobile,salesforce.corp.local,4.39,https
2026-08-25 11:58:14.048732,u09,u09-mobile,salesforce.corp.local,5.36,https
2026-08-25 11:58:43.538795,u09,u09-mobile,mail.corp.local,5.97,https
2026-08-25 11:59:06.469381,u03,u03-laptop,mail.corp.local,22.1,https
2026-08-25 12:03:12.752271,u06,u06-laptop,sap.corp.local,7.66,https
2026-08-25 12:06:23.701280,u14,u14-laptop,salesforce.corp.local,4.75,https
2026-08-25 12:06:35.334476,u11,u11-laptop,sap.corp.local,8.84,https
2026-08-25 12:07:36.615269,u09,u09-mobile,salesforce.corp.local,9.05,https
2026-08-25 12:10:00.033527,u14,u14-laptop,salesforce.corp.local,6.05,https
2026-08-25 12:10:15.999719,u06,u06-laptop,erp.corp.local,12.22,https
2026-08-25 12:11:21.181014,u14,u14-laptop,mail.corp.local,7.03,https
2026-08-25 12:11:37.701462,u07,u07-laptop,github.corp.local,46.35,https
2026-08-25 12:18:40.523199,u03,u03-laptop,mail.corp.local,14.53,https
2026-08-25 12:19:00.817864,u12,u12-laptop,github.corp.local,2.51,https
2026-08-25 12:21:52.288370,u15,u15-laptop,adminportal.corp.local,3.97,https
2026-08-25 12:23:16.618907,u12,u12-laptop,jira.corp.local,1.61,https
2026-08-25 12:23:40.094635,u09,u09-mobile,mail.corp.local,3.41,https
2026-08-25 12:26:36.418963,u11,u11-laptop,erp.corp.local,15.58,https
2026-08-25 12:26:42.678087,u15,u15-laptop,adminportal.corp.local,2.66,https
2026-08-25 12:27:13.685448,u15,u15-laptop,mail.corp.local,4.64,https
2026-08-25 12:27:27.466886,u06,u06-laptop,erp.corp.local,4.67,https
2026-08-25 12:29:51.185185,u14,u14-laptop,mail.corp.local,4.44,https
2026-08-25 12:33:09.179977,u15,u15-laptop,adminportal.corp.local,2.32,https
2026-08-25 12:34:52.881884,u05,u05-mobile,adminportal.corp.local,182.07,https
2026-08-25 12:35:32.953014,u12,u12-laptop,jira.corp.local,3.94,https
2026-08-25 12:37:04.853283,u14,u14-laptop,salesforce.corp.local,5.68,https
2026-08-25 12:39:25.541233,u13,u13-laptop,mail.corp.local,27.56,https
2026-08-25 12:42:22.082357,u15,u15-laptop,mail.corp.local,3.89,https
2026-08-25 12:46:21.612565,u14,u14-laptop,mail.corp.local,6.91,https
2026-08-25 12:46:21.690062,u14,u14-laptop,mail.corp.local,3.62,https
2026-08-25 12:46:53.523193,u15,u15-laptop,adminportal.corp.local,3.23,https
2026-08-25 12:47:05.706644,u14,u14-laptop,salesforce.corp.local,4.78,https
2026-08-25 12:47:31.786059,u15,u15-laptop,adminportal.corp.local,3.31,https
2026-08-25 12:47:39.671457,u14,u14-laptop,salesforce.corp.local,5.33,https
2026-08-25 12:49:27.560896,u12,u12-laptop,jira.corp.local,10.0,https
2026-08-25 12:50:54.050690,u14,u14-laptop,salesforce.corp.local,4.73,https
2026-08-25 12:51:11.055275,u09,u09-mobile,mail.corp.local,3.81,https
2026-08-25 13:00:49.512096,u07,u07-laptop,mail.corp.local,134.8,https
2026-08-25 13:06:38.190194,u12,u12-laptop,jira.corp.local,8.19,https
2026-08-25 13:06:53.107434,u02,u02-laptop,mail.corp.local,6.31,https
2026-08-25 13:08:53.967777,u14,u14-laptop,salesforce.corp.local,6.25,https
2026-08-25 13:27:16.308559,u14,u14-laptop,salesforce.corp.local,4.31,https
2026-08-25 13:28:39.808941,u04,u04-laptop,mail.corp.local,10.17,https
2026-08-25 13:34:16.117734,u04,u04-laptop,mail.corp.local,5.91,https
2026-08-25 13:38:49.229986,u02,u02-laptop,mail.corp.local,9.18,https
2026-08-25 13:44:49.205179,u02,u02-laptop,jira.corp.local,5.25,https
2026-08-25 13:53:18.338411,u12,u12-laptop,jira.corp.local,2.43,https
2026-08-25 14:00:56.039635,u04,u04-laptop,mail.corp.local,5.68,https
2026-08-25 14:07:10.045580,u04,u04-laptop,mail.corp.local,7.22,https
2026-08-25 20:25:37.250660,u10,u10-laptop,adminportal.corp.local,30.04,https
2026-08-25 20:42:31.238234,u10,u10-laptop,mail.corp.local,10.58,https
2026-08-25 20:48:11.878116,u10,u10-laptop,mail.corp.local,30.7,https
2026-08-25 21:23:21.449787,u10,u10-laptop,adminportal.corp.local,41.58,https
2026-08-25 21:35:10.639127,u10,u10-laptop,mail.corp.local,32.73,https
2026-08-25 22:34:17.419280,u10,u10-laptop,mail.corp.local,22.1,https
2026-08-25 22:55:25.003634,u10,u10-laptop,adminportal.corp.local,25.01,https
2026-08-25 23:05:49.855325,u10,u10-laptop,mail.corp.local,34.25,https
2026-08-26 08:15:03.881503,u08,u08-laptop,workday.corp.local,2.25,https
2026-08-26 08:22:23.956254,u11,u11-laptop,sap.corp.local,8.64,https
2026-08-26 08:25:31.878690,u08,u08-laptop,mail.corp.local,4.18,https
2026-08-26 08:30:41.811019,u08,u08-laptop,mail.corp.local,2.59,https
2026-08-26 08:30:49.379509,u06,u06-laptop,mail.corp.local,21.66,https
2026-08-26 08:49:28.579890,u08,u08-laptop,workday.corp.local,5.28,https
2026-08-26 08:51:10.493970,u15,u15-laptop,mail.corp.local,7.64,https
2026-08-26 08:54:01.984257,u05,u05-mobile,mail.corp.local,27.49,https
2026-08-26 08:59:48.033828,u12,u12-laptop,mail.corp.local,22.89,https
2026-08-26 09:00:09.592898,u06,u06-laptop,sap.corp.local,21.19,https
2026-08-26 09:02:47.134638,u05,u05-mobile,mail.corp.local,39.48,https
2026-08-26 09:05:44.626764,u06,u06-laptop,sap.corp.local,35.38,https
2026-08-26 09:10:59.897390,u01,u01-mobile,mail.corp.local,8.19,https
2026-08-26 09:11:25.297712,u11,u11-laptop,erp.corp.local,6.83,https
2026-08-26 09:13:01.546865,u11,u11-laptop,sap.corp.local,13.89,https
2026-08-26 09:13:19.822463,u08,u08-laptop,workday.corp.local,4.56,https
2026-08-26 09:14:06.532813,u02,u02-laptop,jira.corp.local,6.15,https
2026-08-26 09:21:40.982975,u01,u01-mobile,erp.corp.local,11.5,https
2026-08-26 09:22:48.095769,u05,u05-mobile,mail.corp.local,14.74,https
2026-08-26 09:24:47.964670,u02,u02-laptop,github.corp.local,8.2,https
2026-08-26 09:27:09.671355,u11,u11-laptop,mail.corp.local,10.12,https
2026-08-26 09:27:26.060564,u15,u15-laptop,mail.corp.local,7.14,https
2026-08-26 09:32:21.500329,u08,u08-laptop,workday.corp.local,3.69,https
2026-08-26 09:33:13.077281,u09,u09-laptop,salesforce.corp.local,8.68,https
2026-08-26 09:38:52.672369,u12,u12-laptop,github.corp.local,33.87,https
2026-08-26 09:41:50.621930,u09,u09-laptop,salesforce.corp.local,4.45,https
2026-08-26 09:42:56.655519,u11,u11-laptop,sap.corp.local,23.5,https
2026-08-26 09:43:05.831350,u11,u11-laptop,mail.corp.local,28.22,https
2026-08-26 09:45:16.487974,u15,u15-laptop,mail.corp.local,13.41,https
2026-08-26 09:45:17.928768,u02,u02-laptop,jira.corp.local,7.7,https
2026-08-26 09:50:23.646002,u13,u13-laptop,mail.corp.local,12.49,https
2026-08-26 09:50:23.700722,u11,u11-laptop,mail.corp.local,8.39,https
2026-08-26 09:50:58.342079,u11,u11-laptop,erp.corp.local,17.17,https
2026-08-26 09:53:10.093735,u14,u14-laptop,mail.corp.local,4.14,https
2026-08-26 09:56:56.856883,u05,u05-mobile,mail.corp.local,19.54,https
2026-08-26 09:58:35.576480,u11,u11-laptop,erp.corp.local,11.14,https
2026-08-26 09:58:44.805869,u02,u02-laptop,github.corp.local,7.15,https
2026-08-26 10:00:20.212978,u13,u13-laptop,mail.corp.local,11.11,https
2026-08-26 10:00:29.397104,u03,u03-laptop,workday.corp.local,28.89,https
2026-08-26 10:04:37.067626,u03,u03-laptop,mail.corp.local,66.34,https
2026-08-26 10:04:58.591436,u01,u01-mobile,mail.corp.local,23.03,https
2026-08-26 10:07:34.582030,u15,u15-laptop,adminportal.corp.local,1.67,https
2026-08-26 10:09:25.389065,u12,u12-laptop,mail.corp.local,22.59,https
2026-08-26 10:10:45.919881,u05,u05-mobile,adminportal.corp.local,27.14,https
2026-08-26 10:11:26.491342,u14,u14-laptop,mail.corp.local,3.66,https
2026-08-26 10:13:09.310281,u05,u05-mobile,mail.corp.local,20.19,https
2026-08-26 10:14:33.578617,u14,u14-laptop,salesforce.corp.local,3.07,https
2026-08-26 10:16:09.867077,u06,u06-laptop,erp.corp.local,7.16,https
2026-08-26 10:18:21.914678,u11,u11-laptop,sap.corp.local,13.75,https
2026-08-26 10:23:08.809524,u01,u01-mobile,erp.corp.local,21.4,https
2026-08-26 10:24:36.986916,u08,u08-laptop,mail.corp.local,7.04,https
2026-08-26 10:26:25.814874,u08,u08-laptop,workday.corp.local,3.52,https
2026-08-26 10:28:55.483549,u01,u01-mobile,erp.corp.local,15.7,https
2026-08-26 10:29:20.037987,u14,u14-laptop,salesforce.corp.local,6.27,https
2026-08-26 10:31:01.186286,u03,u03-laptop,mail.corp.local,24.17,https
2026-08-26 10:32:07.371628,u03,u03-laptop,mail.corp.local,28.24,https
2026-08-26 10:35:09.631983,u08,u08-laptop,mail.corp.local,2.89,https
2026-08-26 10:38:50.234350,u08,u08-laptop,mail.corp.local,6.97,https
2026-08-26 10:45:02.701317,u15,u15-laptop,mail.corp.local,6.1,https
2026-08-26 10:50:09.594503,u11,u11-laptop,sap.corp.local,17.35,https
2026-08-26 10:53:17.414737,u11,u11-laptop,erp.corp.local,15.86,https
2026-08-26 10:53:32.785439,u01,u01-mobile,erp.corp.local,66.33,https
2026-08-26 10:54:59.875959,u13,u13-laptop,mail.corp.local,6.51,https
2026-08-26 10:55:51.127218,u13,u13-laptop,mail.corp.local,19.78,https
2026-08-26 10:57:09.720090,u15,u15-laptop,mail.corp.local,3.45,https
2026-08-26 10:58:17.426112,u15,u15-laptop,adminportal.corp.local,3.72,https
2026-08-26 10:58:46.000004,u15,u15-laptop,adminportal.corp.local,5.46,https
2026-08-26 11:02:12.225764,u13,u13-laptop,workday.corp.local,27.9,https
2026-08-26 11:06:17.263142,u08,u08-laptop,workday.corp.local,6.77,https
2026-08-26 11:06:27.219916,u08,u08-laptop,workday.corp.local,3.21,https
2026-08-26 11:11:16.858476,u03,u03-laptop,workday.corp.local,16.02,https
2026-08-26 11:12:15.284296,u06,u06-laptop,mail.corp.local,11.51,https
2026-08-26 11:12:21.702519,u06,u06-laptop,erp.corp.local,6.46,https
2026-08-26 11:13:50.751631,u14,u14-laptop,salesforce.corp.local,33.74,https
2026-08-26 11:14:23.169729,u08,u08-laptop,workday.corp.local,93.45,https
2026-08-26 11:16:41.313750,u13,u13-laptop,workday.corp.local,43.91,https
2026-08-26 11:16:45.261833,u15,u15-laptop,adminportal.corp.local,6.26,https
2026-08-26 11:18:06.435562,u15,u15-laptop,adminportal.corp.local,3.07,https
2026-08-26 11:19:20.349569,u06,u06-laptop,sap.corp.local,6.82,https
2026-08-26 11:19:23.663472,u08,u08-laptop,workday.corp.local,7.52,https
2026-08-26 11:20:24.668321,u05,u05-mobile,mail.corp.local,13.25,https
2026-08-26 11:22:12.877100,u14,u14-laptop,salesforce.corp.local,41.11,https
2026-08-26 11:22:26.175583,u06,u06-laptop,erp.corp.local,66.23,https
2026-08-26 11:23:21.218456,u11,u11-laptop,mail.corp.local,17.57,https
2026-08-26 11:25:05.890550,u05,u05-mobile,adminportal.corp.local,22.92,https
2026-08-26 11:25:41.734329,u08,u08-laptop,mail.corp.local,15.24,https
2026-08-26 11:26:09.414276,u13,u13-laptop,workday.corp.local,8.24,https
2026-08-26 11:26:16.092099,u08,u08-laptop,mail.corp.local,2.59,https
2026-08-26 11:26:16.108191,u03,u03-laptop,mail.corp.local,30.98,https
2026-08-26 11:27:16.484544,u06,u06-laptop,mail.corp.local,9.92,https
2026-08-26 11:27:58.742592,u06,u06-laptop,mail.corp.local,70.62,https
2026-08-26 11:28:18.680338,u15,u15-laptop,mail.corp.local,2.88,https
2026-08-26 11:30:18.646440,u06,u06-laptop,erp.corp.local,10.52,https
2026-08-26 11:32:08.355857,u08,u08-laptop,workday.corp.local,15.09,https
2026-08-26 11:32:15.744853,u11,u11-laptop,sap.corp.local,19.44,https
2026-08-26 11:34:06.075866,u05,u05-mobile,adminportal.corp.local,19.09,https
2026-08-26 11:36:27.868086,u08,u08-laptop,mail.corp.local,6.4,https
2026-08-26 11:39:22.429338,u15,u15-laptop,adminportal.corp.local,9.66,https
2026-08-26 11:43:50.565896,u01,u01-mobile,erp.corp.local,76.04,https
2026-08-26 11:43:52.284743,u08,u08-laptop,workday.corp.local,5.58,https
2026-08-26 11:44:31.188294,u13,u13-laptop,mail.corp.local,4.06,https
2026-08-26 11:44:51.878542,u08,u08-laptop,workday.corp.local,6.69,https
2026-08-26 11:52:38.646146,u15,u15-laptop,adminportal.corp.local,8.67,https
2026-08-26 11:57:35.198442,u15,u15-laptop,mail.corp.local,11.81,https
2026-08-26 12:08:17.878202,u11,u11-laptop,mail.corp.local,24.12,https
2026-08-26 12:09:30.363792,u14,u14-laptop,salesforce.corp.local,2.68,https
2026-08-26 12:12:22.305131,u14,u14-laptop,salesforce.corp.local,7.55,https
2026-08-26 12:12:31.775059,u08,u08-laptop,mail.corp.local,4.31,https
2026-08-26 12:14:03.041863,u05,u05-mobile,adminportal.corp.local,14.26,https
2026-08-26 12:16:15.038892,u02,u02-laptop,mail.corp.local,6.38,https
2026-08-26 12:16:30.060529,u05,u05-mobile,mail.corp.local,14.9,https
2026-08-26 12:17:11.665395,u13,u13-laptop,mail.corp.local,18.06,https
2026-08-26 12:19:46.096694,u14,u14-laptop,mail.corp.local,5.08,https
2026-08-26 12:20:53.769589,u02,u02-laptop,github.corp.local,27.61,https
2026-08-26 12:21:47.510706,u09,u09-laptop,salesforce.corp.local,12.71,https
2026-08-26 12:21:56.265888,u02,u02-laptop,mail.corp.local,4.0,https
2026-08-26 12:22:05.866990,u09,u09-laptop,salesforce.corp.local,15.47,https
2026-08-26 12:22:29.966378,u02,u02-laptop,jira.corp.local,20.29,https
2026-08-26 12:23:06.478342,u08,u08-laptop,mail.corp.local,1.83,https
2026-08-26 12:23:36.247076,u08,u08-laptop,workday.corp.local,4.12,https
2026-08-26 12:23:55.452641,u02,u02-laptop,mail.corp.local,5.58,https
2026-08-26 12:24:40.865621,u14,u14-laptop,mail.corp.local,3.05,https
2026-08-26 12:25:06.347403,u08,u08-laptop,workday.corp.local,4.32,https
2026-08-26 12:29:37.448037,u03,u03-laptop,workday.corp.local,16.04,https
2026-08-26 12:31:33.622811,u02,u02-laptop,github.corp.local,3.37,https
2026-08-26 12:34:20.730598,u09,u09-laptop,salesforce.corp.local,17.43,https
2026-08-26 12:42:17.995060,u02,u02-laptop,github.corp.local,3.74,https
2026-08-26 12:50:01.020261,u14,u14-laptop,mail.corp.local,5.2,https
2026-08-26 12:52:31.500123,u14,u14-laptop,salesforce.corp.local,2.27,https
2026-08-26 12:53:31.330418,u02,u02-laptop,jira.corp.local,23.67,https
2026-08-26 13:04:09.884003,u13,u13-laptop,mail.corp.local,12.95,https
2026-08-26 13:04:49.012385,u14,u14-laptop,salesforce.corp.local,3.38,https
2026-08-26 13:06:53.794591,u14,u14-laptop,salesforce.corp.local,1.17,https
2026-08-26 13:09:30.799055,u13,u13-laptop,workday.corp.local,7.79,https
2026-08-26 13:16:15.047398,u11,u11-laptop,mail.corp.local,23.98,https
2026-08-26 13:17:09.625699,u02,u02-laptop,jira.corp.local,5.34,https
2026-08-26 13:20:38.967216,u13,u13-laptop,mail.corp.local,11.31,https
2026-08-26 13:38:33.982300,u14,u14-laptop,mail.corp.local,1.83,https
2026-08-26 13:46:01.776758,u14,u14-laptop,salesforce.corp.local,1.33,https
2026-08-26 13:47:25.434321,u14,u14-laptop,salesforce.corp.local,1.87,https
2026-08-26 13:53:08.129717,u14,u14-laptop,mail.corp.local,1.73,https
2026-08-26 13:58:26.675201,u11,u11-laptop,mail.corp.local,13.05,https
2026-08-26 14:05:24.452610,u11,u11-laptop,erp.corp.local,14.82,https
2026-08-26 22:47:20.256207,u10,u10-laptop,adminportal.corp.local,27.3,https
2026-08-26 23:00:57.793752,u10,u10-laptop,mail.corp.local,19.99,https
2026-08-26 23:04:06.683874,u10,u10-laptop,mail.corp.local,10.96,https
2026-08-26 23:07:36.538734,u10,u10-laptop,mail.corp.local,17.22,https
2026-08-26 23:09:26.461514,u10,u10-laptop,adminportal.corp.local,11.94,https
2026-08-26 23:11:42.302628,u10,u10-laptop,adminportal.corp.local,36.3,https
2026-08-26 23:19:49.791139,u10,u10-laptop,adminportal.corp.local,12.77,https
2026-08-26 23:43:31.817533,u10,u10-laptop,mail.corp.local,12.3,https
2026-08-27 06:23:44.240501,u03,u03-laptop,mail.corp.local,24.8,https
2026-08-27 06:24:44.517895,u03,u03-laptop,mail.corp.local,72.35,https
2026-08-27 06:56:50.220026,u03,u03-laptop,mail.corp.local,31.57,https
2026-08-27 07:04:35.233871,u03,u03-laptop,workday.corp.local,45.96,https
2026-08-27 07:12:35.010230,u03,u03-laptop,mail.corp.local,38.03,https
2026-08-27 07:19:50.965644,u02,u02-laptop,github.corp.local,11.38,https
2026-08-27 07:31:58.280841,u03,u03-laptop,mail.corp.local,37.12,https
2026-08-27 07:36:14.696303,u03,u03-laptop,mail.corp.local,41.77,https
2026-08-27 07:37:31.522829,u05,u05-mobile,adminportal.corp.local,17.5,https
2026-08-27 07:55:49.976135,u05,u05-mobile,mail.corp.local,19.64,https
2026-08-27 07:59:58.333676,u13,u13-laptop,mail.corp.local,5.66,https
2026-08-27 08:05:52.394592,u13,u13-laptop,mail.corp.local,7.43,https
2026-08-27 08:09:38.867470,u02,u02-laptop,mail.corp.local,8.73,https
2026-08-27 08:22:38.242755,u13,u13-laptop,workday.corp.local,9.85,https
2026-08-27 08:22:41.445318,u05,u05-mobile,mail.corp.local,18.03,https
2026-08-27 08:31:26.820536,u08,u08-laptop,workday.corp.local,4.97,https
2026-08-27 08:48:36.191528,u13,u13-laptop,workday.corp.local,3.35,https
2026-08-27 08:51:02.390875,u05,u05-mobile,mail.corp.local,130.32,https
2026-08-27 09:01:09.948737,u08,u08-laptop,workday.corp.local,5.37,https
2026-08-27 09:03:12.559786,u15,u15-laptop,adminportal.corp.local,10.52,https
2026-08-27 09:04:13.461556,u13,u13-laptop,mail.corp.local,7.98,https
2026-08-27 09:09:53.319079,u15,u15-laptop,adminportal.corp.local,11.96,https
2026-08-27 09:12:54.522917,u08,u08-laptop,mail.corp.local,6.09,https
2026-08-27 09:15:41.405271,u15,u15-laptop,adminportal.corp.local,8.51,https
2026-08-27 09:20:13.862823,u08,u08-laptop,mail.corp.local,2.96,https
2026-08-27 09:20:17.637464,u13,u13-laptop,mail.corp.local,6.16,https
2026-08-27 09:20:52.459722,u02,u02-laptop,github.corp.local,12.39,https
2026-08-27 09:27:58.028327,u06,u06-laptop,sap.corp.local,15.85,https
2026-08-27 09:30:23.154360,u06,u06-laptop,sap.corp.local,13.83,https
2026-08-27 09:33:29.980034,u13,u13-laptop,mail.corp.local,4.8,https
2026-08-27 09:35:33.059611,u07,u07-laptop,jira.corp.local,18.57,https
2026-08-27 09:36:23.946839,u15,u15-laptop,adminportal.corp.local,15.38,https
2026-08-27 09:43:18.840020,u06,u06-laptop,mail.corp.local,5.44,https
2026-08-27 09:47:53.214732,u07,u07-laptop,github.corp.local,9.42,https
2026-08-27 09:47:55.642936,u09,u09-laptop,mail.corp.local,0.75,https
2026-08-27 09:51:35.109139,u08,u08-laptop,mail.corp.local,3.71,https
2026-08-27 09:54:11.858734,u11,u11-laptop,mail.corp.local,16.07,https
2026-08-27 09:55:21.215398,u06,u06-laptop,mail.corp.local,10.39,https
2026-08-27 09:56:17.986866,u07,u07-laptop,github.corp.local,16.87,https
2026-08-27 09:58:34.921215,u07,u07-laptop,mail.corp.local,10.52,https
2026-08-27 10:00:43.775663,u11,u11-laptop,mail.corp.local,6.72,https
2026-08-27 10:01:06.812532,u08,u08-laptop,mail.corp.local,9.72,https
2026-08-27 10:01:19.548343,u15,u15-laptop,adminportal.corp.local,6.97,https
2026-08-27 10:03:15.118949,u15,u15-laptop,mail.corp.local,10.61,https
2026-08-27 10:06:54.486842,u01,u01-laptop,sap.corp.local,42.2,https
2026-08-27 10:11:22.513555,u02,u02-laptop,jira.corp.local,1.51,https
2026-08-27 10:11:55.429822,u04,u04-laptop,mail.corp.local,37.92,https
2026-08-27 10:14:22.953411,u08,u08-laptop,workday.corp.local,11.38,https
2026-08-27 10:15:35.927254,u01,u01-laptop,mail.corp.local,27.48,https
2026-08-27 10:17:18.798590,u09,u09-laptop,salesforce.corp.local,5.78,https
2026-08-27 10:18:50.470248,u04,u04-laptop,salesforce.corp.local,55.72,https
2026-08-27 10:25:11.713925,u06,u06-laptop,erp.corp.local,14.6,https
2026-08-27 10:25:34.738956,u09,u09-laptop,mail.corp.local,33.16,https
2026-08-27 10:25:50.132793,u07,u07-laptop,github.corp.local,9.89,https
2026-08-27 10:27:27.969534,u09,u09-laptop,mail.corp.local,3.84,https
2026-08-27 10:30:11.566892,u09,u09-laptop,mail.corp.local,27.25,https
2026-08-27 10:31:05.048348,u15,u15-laptop,adminportal.corp.local,15.26,https
2026-08-27 10:31:31.329532,u02,u02-laptop,jira.corp.local,12.49,https
2026-08-27 10:31:42.651764,u07,u07-laptop,jira.corp.local,9.9,https
2026-08-27 10:33:01.429165,u08,u08-laptop,workday.corp.local,34.6,https
2026-08-27 10:34:08.886851,u09,u09-laptop,mail.corp.local,4.26,https
2026-08-27 10:35:33.775211,u01,u01-laptop,mail.corp.local,30.49,https
2026-08-27 10:37:12.430008,u09,u09-laptop,salesforce.corp.local,4.2,https
2026-08-27 10:38:56.560017,u11,u11-laptop,mail.corp.local,11.14,https
2026-08-27 10:38:58.006806,u08,u08-laptop,mail.corp.local,13.27,https
2026-08-27 10:39:57.815613,u13,u13-laptop,mail.corp.local,57.38,https
2026-08-27 10:41:02.862433,u01,u01-laptop,mail.corp.local,34.99,https
2026-08-27 10:41:48.234630,u01,u01-laptop,sap.corp.local,67.03,https
2026-08-27 10:43:02.878547,u15,u15-laptop,mail.corp.local,17.88,https
2026-08-27 10:45:58.486975,u15,u15-laptop,mail.corp.local,19.4,https
2026-08-27 10:48:47.559085,u11,u11-laptop,sap.corp.local,10.25,https
2026-08-27 10:49:16.804838,u07,u07-laptop,jira.corp.local,11.56,https
2026-08-27 10:49:47.072382,u13,u13-laptop,mail.corp.local,24.73,https
2026-08-27 10:51:04.155403,u07,u07-laptop,github.corp.local,6.88,https
2026-08-27 10:51:23.708264,u12,u12-laptop,mail.corp.local,63.65,https
2026-08-27 10:55:12.729016,u06,u06-laptop,erp.corp.local,5.8,https
2026-08-27 10:56:38.889809,u11,u11-laptop,mail.corp.local,9.82,https
2026-08-27 10:57:59.507861,u01,u01-laptop,mail.corp.local,64.42,https
2026-08-27 10:59:13.831248,u06,u06-laptop,sap.corp.local,13.77,https
2026-08-27 11:00:08.730402,u11,u11-laptop,erp.corp.local,7.09,https
2026-08-27 11:00:47.782784,u02,u02-laptop,mail.corp.local,2.2,https
2026-08-27 11:03:22.306787,u07,u07-laptop,github.corp.local,10.14,https
2026-08-27 11:04:46.083493,u11,u11-laptop,mail.corp.local,8.25,https
2026-08-27 11:05:33.972116,u02,u02-laptop,mail.corp.local,2.74,https
2026-08-27 11:06:10.754735,u06,u06-laptop,sap.corp.local,7.44,https
2026-08-27 11:06:25.506733,u13,u13-laptop,mail.corp.local,25.17,https
2026-08-27 11:06:51.663240,u12,u12-laptop,mail.corp.local,17.03,https
2026-08-27 11:09:39.524949,u13,u13-laptop,mail.corp.local,42.58,https
2026-08-27 11:13:36.923016,u07,u07-laptop,mail.corp.local,8.97,https
2026-08-27 11:14:06.343050,u11,u11-laptop,sap.corp.local,17.08,https
2026-08-27 11:15:30.657692,u02,u02-laptop,mail.corp.local,1.73,https
2026-08-27 11:15:42.061250,u15,u15-laptop,adminportal.corp.local,36.95,https
2026-08-27 11:17:37.291757,u06,u06-laptop,sap.corp.local,16.0,https
2026-08-27 11:19:01.045022,u15,u15-laptop,adminportal.corp.local,39.69,https
2026-08-27 11:24:34.798791,u02,u02-laptop,mail.corp.local,6.87,https
2026-08-27 11:27:09.159748,u01,u01-laptop,mail.corp.local,25.68,https
2026-08-27 11:28:31.641376,u02,u02-laptop,github.corp.local,3.12,https
2026-08-27 11:34:03.207442,u02,u02-laptop,mail.corp.local,9.95,https
2026-08-27 11:35:41.002924,u04,u04-laptop,mail.corp.local,110.47,https
2026-08-27 11:38:29.361946,u02,u02-laptop,github.corp.local,10.93,https
2026-08-27 11:42:49.682829,u12,u12-laptop,mail.corp.local,7.61,https
2026-08-27 11:42:56.451761,u11,u11-laptop,sap.corp.local,16.33,https
2026-08-27 11:43:32.958201,u13,u13-laptop,workday.corp.local,25.35,https
2026-08-27 11:44:29.111502,u05,u05-mobile,mail.corp.local,16.2,https
2026-08-27 11:48:45.022482,u12,u12-laptop,jira.corp.local,6.53,https
2026-08-27 11:50:23.656920,u05,u05-mobile,mail.corp.local,19.43,https
2026-08-27 11:54:05.271286,u13,u13-laptop,mail.corp.local,43.43,https
2026-08-27 11:57:11.666318,u12,u12-laptop,mail.corp.local,7.95,https
2026-08-27 11:58:25.977127,u08,u08-laptop,mail.corp.local,12.75,https
2026-08-27 11:59:29.257301,u08,u08-laptop,mail.corp.local,20.91,https
2026-08-27 12:02:02.826672,u08,u08-laptop,workday.corp.local,5.65,https
2026-08-27 12:02:30.224835,u13,u13-laptop,workday.corp.local,14.24,https
2026-08-27 12:02:41.902285,u05,u05-mobile,adminportal.corp.local,23.96,https
2026-08-27 12:02:58.501318,u11,u11-laptop,mail.corp.local,25.38,https
2026-08-27 12:03:34.464609,u07,u07-laptop,github.corp.local,14.39,https
2026-08-27 12:12:07.448893,u07,u07-laptop,mail.corp.local,13.37,https
2026-08-27 12:14:46.029091,u05,u05-mobile,mail.corp.local,19.38,https
2026-08-27 12:16:24.000764,u08,u08-laptop,mail.corp.local,11.68,https
2026-08-27 12:20:26.958259,u07,u07-laptop,mail.corp.local,8.43,https
2026-08-27 12:29:39.070255,u08,u08-laptop,mail.corp.local,4.46,https
2026-08-27 12:34:59.655025,u11,u11-laptop,erp.corp.local,19.29,https
2026-08-27 12:35:23.434308,u12,u12-laptop,mail.corp.local,10.09,https
2026-08-27 12:42:11.069763,u08,u08-laptop,mail.corp.local,7.9,https
2026-08-27 12:50:48.384515,u08,u08-laptop,mail.corp.local,19.7,https
2026-08-27 12:55:06.251026,u11,u11-laptop,mail.corp.local,24.99,https
2026-08-27 12:55:30.301838,u08,u08-laptop,mail.corp.local,8.7,https
2026-08-27 12:58:50.113968,u11,u11-laptop,erp.corp.local,20.02,https
2026-08-27 12:59:40.432030,u11,u11-laptop,sap.corp.local,20.58,https
2026-08-27 13:06:01.343988,u05,u05-mobile,mail.corp.local,24.17,https
2026-08-27 13:15:40.329454,u08,u08-laptop,workday.corp.local,18.36,https
2026-08-27 13:22:56.756847,u13,u13-laptop,mail.corp.local,17.53,https
2026-08-27 13:45:09.903569,u13,u13-laptop,mail.corp.local,18.64,https
2026-08-27 13:45:40.140027,u13,u13-laptop,mail.corp.local,26.33,https
2026-08-27 14:50:54.698119,u02,u02-laptop,mail.corp.local,4.5,https
2026-08-27 15:28:39.853748,u02,u02-laptop,github.corp.local,4.65,https
2026-08-27 15:56:03.024250,u02,u02-laptop,github.corp.local,7.22,https
2026-08-27 16:02:12.390852,u02,u02-laptop,mail.corp.local,4.06,https
2026-08-27 23:03:01.876374,u10,u10-laptop,mail.corp.local,141.99,https
2026-08-27 23:32:47.277234,u10,u10-laptop,mail.corp.local,89.29,https
2026-08-27 23:44:56.192267,u10,u10-laptop,mail.corp.local,100.15,https
2026-08-28 07:44:16.981253,u03,u03-laptop,mail.corp.local,33.84,https
2026-08-28 08:29:11.589821,u09,u09-laptop,salesforce.corp.local,19.97,https
2026-08-28 08:38:22.729844,u15,u15-laptop,adminportal.corp.local,7.3,https
2026-08-28 08:40:43.769421,u03,u03-laptop,workday.corp.local,38.36,https
2026-08-28 08:47:24.977827,u15,u15-laptop,mail.corp.local,12.62,https
2026-08-28 08:51:44.520388,u03,u03-laptop,mail.corp.local,11.85,https
2026-08-28 08:56:10.061342,u03,u03-laptop,mail.corp.local,10.7,https
2026-08-28 08:58:56.802561,u02,u02-laptop,jira.corp.local,0.93,https
2026-08-28 09:04:26.209009,u15,u15-laptop,mail.corp.local,8.76,https
2026-08-28 09:06:10.604077,u02,u02-laptop,github.corp.local,3.09,https
2026-08-28 09:10:17.891266,u15,u15-laptop,adminportal.corp.local,7.85,https
2026-08-28 09:10:28.492235,u15,u15-laptop,mail.corp.local,14.82,https
2026-08-28 09:14:19.497193,u11,u11-laptop,sap.corp.local,153.78,https
2026-08-28 09:25:07.764263,u11,u11-laptop,erp.corp.local,146.66,https
2026-08-28 09:30:01.510491,u15,u15-laptop,mail.corp.local,10.48,https
2026-08-28 09:30:25.761871,u15,u15-laptop,mail.corp.local,8.51,https
2026-08-28 09:47:18.683431,u02,u02-laptop,mail.corp.local,1.59,https
2026-08-28 09:51:22.219085,u03,u03-laptop,mail.corp.local,48.04,https
2026-08-28 09:55:29.599419,u03,u03-laptop,workday.corp.local,11.33,https
2026-08-28 09:56:14.677908,u14,u14-laptop,mail.corp.local,71.89,https
2026-08-28 10:06:51.389875,u02,u02-laptop,jira.corp.local,14.46,https
2026-08-28 10:10:43.982239,u02,u02-laptop,mail.corp.local,2.29,https
2026-08-28 10:11:13.267949,u14,u14-laptop,salesforce.corp.local,44.81,https
2026-08-28 10:19:11.348660,u07,u07-laptop,jira.corp.local,3.5,https
2026-08-28 10:22:34.043024,u08,u08-laptop,workday.corp.local,66.58,https
2026-08-28 10:23:08.601688,u03,u03-laptop,mail.corp.local,46.76,https
2026-08-28 10:23:16.360661,u02,u02-laptop,github.corp.local,2.38,https
2026-08-28 10:23:58.548538,u05,u05-laptop,adminportal.corp.local,13.63,https
2026-08-28 10:29:48.540781,u07,u07-laptop,jira.corp.local,40.77,https
2026-08-28 10:32:50.933088,u03,u03-laptop,workday.corp.local,12.33,https
2026-08-28 10:33:42.066793,u02,u02-laptop,mail.corp.local,8.78,https
2026-08-28 10:34:18.668181,u14,u14-laptop,salesforce.corp.local,71.24,https
2026-08-28 10:36:47.990411,u02,u02-laptop,mail.corp.local,5.86,https
2026-08-28 10:38:50.213716,u05,u05-laptop,adminportal.corp.local,30.27,https
2026-08-28 10:39:32.658083,u07,u07-laptop,github.corp.local,20.57,https
2026-08-28 10:43:43.801849,u02,u02-laptop,github.corp.local,8.89,https
2026-08-28 10:43:56.892785,u14,u14-laptop,salesforce.corp.local,23.87,https
2026-08-28 10:44:12.062246,u07,u07-laptop,mail.corp.local,7.07,https
2026-08-28 10:45:50.129147,u15,u15-laptop,mail.corp.local,97.07,https
2026-08-28 10:48:53.995177,u03,u03-laptop,workday.corp.local,36.35,https
2026-08-28 10:53:53.056534,u07,u07-laptop,mail.corp.local,25.56,https
2026-08-28 10:53:59.928792,u05,u05-laptop,adminportal.corp.local,32.66,https
2026-08-28 11:03:34.958817,u04,u04-laptop,mail.corp.local,17.13,https
2026-08-28 11:05:19.668310,u08,u08-laptop,workday.corp.local,0.1,https
2026-08-28 11:06:33.327512,u05,u05-laptop,mail.corp.local,6.7,https
2026-08-28 11:09:07.400332,u07,u07-laptop,mail.corp.local,5.97,https
2026-08-28 11:10:05.985545,u07,u07-laptop,github.corp.local,5.4,https
2026-08-28 11:16:33.077747,u06,u06-laptop,sap.corp.local,240.49,https
2026-08-28 11:16:53.265344,u02,u02-laptop,github.corp.local,5.77,https
2026-08-28 11:21:03.283158,u05,u05-laptop,adminportal.corp.local,7.74,https
2026-08-28 11:23:59.584856,u04,u04-laptop,mail.corp.local,15.46,https
2026-08-28 11:25:56.409021,u03,u03-laptop,workday.corp.local,18.85,https
2026-08-28 11:26:06.213526,u01,u01-laptop,mail.corp.local,11.22,https
2026-08-28 11:27:16.632989,u01,u01-laptop,sap.corp.local,12.4,https
2026-08-28 11:29:56.205666,u03,u03-laptop,mail.corp.local,13.29,https
2026-08-28 11:35:23.898735,u07,u07-laptop,github.corp.local,2.07,https
2026-08-28 11:37:01.440217,u09,u09-laptop,salesforce.corp.local,11.21,https
2026-08-28 11:38:20.413272,u01,u01-laptop,sap.corp.local,11.12,https
2026-08-28 11:40:03.811807,u01,u01-laptop,sap.corp.local,11.04,https
2026-08-28 11:40:13.466348,u02,u02-laptop,mail.corp.local,7.68,https
2026-08-28 11:40:37.073271,u01,u01-laptop,sap.corp.local,4.62,https
2026-08-28 11:42:18.325641,u05,u05-laptop,mail.corp.local,13.78,https
2026-08-28 11:46:30.067818,u01,u01-laptop,mail.corp.local,14.36,https
2026-08-28 11:47:22.753286,u01,u01-laptop,mail.corp.local,28.89,https
2026-08-28 11:48:08.613462,u05,u05-laptop,mail.corp.local,12.66,https
2026-08-28 11:48:11.090493,u07,u07-laptop,mail.corp.local,4.93,https
2026-08-28 11:54:15.960482,u06,u06-laptop,mail.corp.local,260.68,https
2026-08-28 11:54:55.412587,u04,u04-laptop,salesforce.corp.local,11.2,https
2026-08-28 11:55:41.458344,u02,u02-laptop,jira.corp.local,9.69,https
2026-08-28 11:58:27.971878,u05,u05-laptop,mail.corp.local,18.41,https
2026-08-28 12:00:37.525340,u05,u05-laptop,adminportal.corp.local,13.59,https
2026-08-28 12:00:43.894527,u02,u02-laptop,github.corp.local,11.9,https
2026-08-28 12:01:13.115223,u04,u04-laptop,mail.corp.local,78.45,https
2026-08-28 12:01:50.169171,u09,u09-laptop,salesforce.corp.local,9.51,https
2026-08-28 12:02:23.546870,u05,u05-laptop,mail.corp.local,16.79,https
2026-08-28 12:07:06.481211,u05,u05-laptop,mail.corp.local,17.5,https
2026-08-28 12:10:47.443979,u07,u07-laptop,mail.corp.local,6.34,https
2026-08-28 12:13:11.971020,u09,u09-laptop,salesforce.corp.local,4.09,https
2026-08-28 12:16:19.856524,u05,u05-laptop,adminportal.corp.local,7.76,https
2026-08-28 12:22:51.000712,u02,u02-laptop,jira.corp.local,13.36,https
2026-08-28 12:23:50.738247,u05,u05-laptop,adminportal.corp.local,11.7,https
2026-08-28 12:25:56.540616,u05,u05-laptop,mail.corp.local,57.53,https
2026-08-28 12:27:05.429259,u05,u05-laptop,mail.corp.local,9.72,https
2026-08-28 12:43:48.208144,u02,u02-laptop,github.corp.local,11.4,https
2026-08-28 12:56:44.594917,u01,u01-laptop,sap.corp.local,104.68,https
2026-08-28 13:14:42.076278,u05,u05-laptop,mail.corp.local,16.15,https
2026-08-28 13:14:54.814311,u05,u05-laptop,mail.corp.local,6.04,https
2026-08-28 13:17:15.516427,u05,u05-laptop,adminportal.corp.local,13.85,https
2026-08-28 22:58:48.009443,u10,u10-laptop,mail.corp.local,32.54,https
2026-08-28 22:59:18.652502,u10,u10-laptop,adminportal.corp.local,12.07,https
2026-08-28 23:27:25.020027,u10,u10-laptop,adminportal.corp.local,16.9,https
2026-08-28 23:39:39.397155,u10,u10-laptop,mail.corp.local,12.95,https
2026-08-28 23:46:17.821666,u10,u10-laptop,adminportal.corp.local,9.1,https
2026-08-28 23:54:23.611741,u10,u10-laptop,mail.corp.local,13.73,https
2026-08-29 00:01:38.294658,u10,u10-laptop,mail.corp.local,17.63,https
2026-08-29 00:01:42.214746,u10,u10-laptop,adminportal.corp.local,9.89,https
2026-08-29 00:08:56.588870,u10,u10-laptop,adminportal.corp.local,15.88,https
2026-08-29 00:22:34.240674,u10,u10-laptop,adminportal.corp.local,21.96,https
2026-08-29 00:53:06.469722,u10,u10-laptop,adminportal.corp.local,14.64,https
2026-08-29 00:56:43.813349,u10,u10-laptop,mail.corp.local,17.37,https
2026-08-29 00:58:37.679058,u10,u10-laptop,mail.corp.local,19.03,https
2026-08-29 01:02:49.798632,u10,u10-laptop,mail.corp.local,17.43,https
2026-08-29 08:00:33.736610,u06,u06-laptop,erp.corp.local,32.21,https
2026-08-29 08:09:20.562521,u15,u15-laptop,mail.corp.local,56.4,https
2026-08-29 08:29:58.596522,u15,u15-laptop,adminportal.corp.local,65.39,https
2026-08-29 08:52:16.967183,u06,u06-laptop,sap.corp.local,65.87,https
2026-08-29 09:25:24.187102,u07,u07-laptop,jira.corp.local,37.89,https
2026-08-29 09:34:10.084105,u07,u07-laptop,github.corp.local,19.59,https
2026-08-29 09:45:20.550498,u15,u15-laptop,adminportal.corp.local,22.45,https
2026-08-29 09:49:16.554849,u07,u07-laptop,jira.corp.local,8.07,https
2026-08-29 09:53:35.637698,u15,u15-laptop,mail.corp.local,27.8,https
2026-08-29 10:04:24.027654,u07,u07-laptop,jira.corp.local,32.05,https
2026-08-29 10:06:26.793335,u07,u07-laptop,github.corp.local,20.22,https
2026-08-29 10:09:50.956168,u07,u07-laptop,jira.corp.local,16.66,https
2026-08-29 10:11:30.801180,u07,u07-laptop,mail.corp.local,8.42,https
2026-08-29 10:31:42.126907,u07,u07-laptop,jira.corp.local,15.27,https
2026-08-29 10:49:43.345561,u07,u07-laptop,jira.corp.local,13.31,https
2026-08-29 11:13:29.110831,u02,u02-laptop,github.corp.local,12.8,https
2026-08-29 11:15:36.225586,u02,u02-laptop,jira.corp.local,13.99,https
2026-08-29 11:32:31.562862,u02,u02-laptop,mail.corp.local,11.45,https
2026-08-29 11:32:33.781098,u02,u02-laptop,jira.corp.local,13.63,https
2026-08-29 12:19:36.565650,u07,u07-laptop,mail.corp.local,28.74,https
2026-08-29 12:23:26.384964,u02,u02-laptop,jira.corp.local,15.01,https
2026-08-29 12:25:59.297672,u07,u07-laptop,jira.corp.local,29.84,https
2026-08-29 13:54:13.293284,u01,u01-mobile,sap.corp.local,123.87,https
2026-08-29 13:58:39.851137,u08,u08-laptop,workday.corp.local,44.93,https
2026-08-29 14:00:11.693576,u01,u01-mobile,sap.corp.local,52.97,https
2026-08-29 14:09:49.360261,u01,u01-mobile,sap.corp.local,81.02,https
2026-08-30 08:55:13.155908,u04,u04-laptop,salesforce.corp.local,14.87,https
2026-08-30 09:00:02.558354,u04,u04-laptop,salesforce.corp.local,8.8,https
2026-08-30 09:27:14.135651,u02,u02-laptop,jira.corp.local,13.33,https
2026-08-30 09:48:57.937228,u04,u04-laptop,salesforce.corp.local,13.33,https
2026-08-30 09:56:19.659067,u02,u02-laptop,github.corp.local,8.15,https
2026-08-30 10:02:46.966419,u02,u02-laptop,jira.corp.local,3.84,https
2026-08-30 10:19:43.033949,u04,u04-laptop,mail.corp.local,60.24,https
2026-08-30 10:23:56.003341,u02,u02-laptop,github.corp.local,8.74,https
2026-08-30 10:28:27.341711,u02,u02-laptop,github.corp.local,8.07,https
2026-08-30 10:31:03.203589,u02,u02-laptop,github.corp.local,7.77,https
2026-08-31 06:54:09.733370,u13,u13-mobile,workday.corp.local,4.68,https
2026-08-31 07:23:35.531135,u15,u15-laptop,adminportal.corp.local,13.62,https
2026-08-31 07:30:12.354665,u15,u15-laptop,mail.corp.local,10.11,https
2026-08-31 07:32:55.548746,u05,u05-mobile,adminportal.corp.local,4.83,https
2026-08-31 07:33:59.472622,u13,u13-mobile,mail.corp.local,6.67,https
2026-08-31 07:37:08.201867,u15,u15-laptop,mail.corp.local,13.19,https
2026-08-31 07:48:27.108515,u05,u05-mobile,adminportal.corp.local,14.3,https
2026-08-31 07:59:14.708014,u15,u15-laptop,mail.corp.local,9.49,https
2026-08-31 08:17:08.509241,u05,u05-mobile,mail.corp.local,9.98,https
2026-08-31 08:17:34.370846,u15,u15-laptop,mail.corp.local,4.27,https
2026-08-31 08:27:17.165484,u14,u14-laptop,mail.corp.local,4.28,https
2026-08-31 08:31:57.583831,u14,u14-laptop,salesforce.corp.local,2.91,https
2026-08-31 08:35:36.846025,u06,u06-laptop,mail.corp.local,127.61,https
2026-08-31 08:39:50.940357,u13,u13-mobile,mail.corp.local,8.49,https
2026-08-31 08:43:15.441189,u08,u08-laptop,workday.corp.local,49.94,https
2026-08-31 08:45:16.454183,u03,u03-laptop,mail.corp.local,22.15,https
2026-08-31 08:52:59.278327,u14,u14-laptop,salesforce.corp.local,4.51,https
2026-08-31 08:54:48.697496,u14,u14-laptop,salesforce.corp.local,4.52,https
2026-08-31 08:57:57.951484,u13,u13-mobile,workday.corp.local,14.42,https
2026-08-31 09:12:03.422510,u03,u03-laptop,mail.corp.local,20.42,https
2026-08-31 09:13:39.033525,u06,u06-laptop,sap.corp.local,22.36,https
2026-08-31 09:15:36.261433,u06,u06-laptop,sap.corp.local,21.39,https
2026-08-31 09:16:10.388975,u13,u13-mobile,mail.corp.local,16.87,https
2026-08-31 09:18:28.161437,u06,u06-laptop,mail.corp.local,18.55,https
2026-08-31 09:18:33.560622,u13,u13-mobile,workday.corp.local,14.03,https
2026-08-31 09:18:35.831723,u01,u01-mobile,sap.corp.local,47.8,https
2026-08-31 09:19:48.931179,u15,u15-laptop,mail.corp.local,15.47,https
2026-08-31 09:21:33.437874,u01,u01-mobile,erp.corp.local,33.73,https
2026-08-31 09:21:34.896521,u13,u13-mobile,workday.corp.local,11.84,https
2026-08-31 09:29:51.689478,u01,u01-mobile,erp.corp.local,33.95,https
2026-08-31 09:31:03.564159,u13,u13-mobile,mail.corp.local,24.07,https
2026-08-31 09:32:37.850608,u15,u15-laptop,mail.corp.local,19.76,https
2026-08-31 09:33:28.142993,u13,u13-mobile,mail.corp.local,6.03,https
2026-08-31 09:39:52.348842,u01,u01-mobile,erp.corp.local,43.34,https
2026-08-31 09:41:17.355586,u06,u06-laptop,erp.corp.local,21.03,https
2026-08-31 09:49:10.136678,u03,u03-laptop,mail.corp.local,24.43,https
2026-08-31 09:49:39.852622,u03,u03-laptop,workday.corp.local,22.77,https
2026-08-31 09:50:45.451256,u15,u15-laptop,mail.corp.local,21.45,https
2026-08-31 09:54:30.406251,u02,u02-laptop,jira.corp.local,4.92,https
2026-08-31 09:54:33.220068,u13,u13-mobile,workday.corp.local,7.0,https
2026-08-31 09:56:11.255572,u03,u03-laptop,mail.corp.local,12.65,https
2026-08-31 09:56:42.941682,u06,u06-laptop,sap.corp.local,67.95,https
2026-08-31 10:00:43.545528,u06,u06-laptop,mail.corp.local,39.23,https
2026-08-31 10:02:21.755826,u03,u03-laptop,mail.corp.local,25.79,https
2026-08-31 10:05:00.544690,u12,u12-laptop,jira.corp.local,23.29,https
2026-08-31 10:11:00.627214,u15,u15-laptop,mail.corp.local,26.68,https
2026-08-31 10:19:30.016493,u13,u13-mobile,workday.corp.local,5.88,https
2026-08-31 10:25:00.078661,u12,u12-laptop,github.corp.local,35.9,https
2026-08-31 10:28:05.334462,u15,u15-laptop,adminportal.corp.local,6.89,https
2026-08-31 10:28:11.938305,u13,u13-mobile,workday.corp.local,3.0,https
2026-08-31 10:34:02.634150,u12,u12-laptop,mail.corp.local,17.04,https
2026-08-31 10:34:03.494468,u12,u12-laptop,mail.corp.local,26.11,https
2026-08-31 10:37:17.465204,u13,u13-mobile,workday.corp.local,10.49,https
2026-08-31 10:39:27.897425,u14,u14-laptop,mail.corp.local,4.55,https
2026-08-31 10:40:05.873837,u12,u12-laptop,jira.corp.local,6.4,https
2026-08-31 10:43:55.193085,u09,u09-laptop,salesforce.corp.local,14.3,https
2026-08-31 10:45:50.401206,u12,u12-laptop,jira.corp.local,10.16,https
2026-08-31 10:47:30.615736,u15,u15-laptop,adminportal.corp.local,28.21,https
2026-08-31 10:53:11.689736,u03,u03-laptop,workday.corp.local,25.65,https
2026-08-31 10:53:27.881358,u12,u12-laptop,github.corp.local,6.85,https
2026-08-31 10:53:42.550648,u13,u13-mobile,workday.corp.local,5.32,https
2026-08-31 10:55:58.400384,u02,u02-laptop,mail.corp.local,3.18,https
2026-08-31 10:57:57.768914,u07,u07-laptop,github.corp.local,72.92,https
2026-08-31 10:58:30.955724,u14,u14-laptop,salesforce.corp.local,3.64,https
2026-08-31 10:58:37.884116,u15,u15-laptop,mail.corp.local,11.67,https
2026-08-31 10:59:14.420264,u02,u02-laptop,jira.corp.local,6.06,https
2026-08-31 11:08:56.191459,u09,u09-laptop,salesforce.corp.local,10.03,https
2026-08-31 11:09:43.513254,u07,u07-laptop,github.corp.local,82.99,https
2026-08-31 11:09:48.046268,u13,u13-mobile,workday.corp.local,31.06,https
2026-08-31 11:16:10.696841,u04,u04-laptop,mail.corp.local,21.31,https
2026-08-31 11:16:57.075188,u14,u14-laptop,mail.corp.local,4.49,https
2026-08-31 11:20:51.180107,u14,u14-laptop,mail.corp.local,3.21,https
2026-08-31 11:21:07.005806,u09,u09-laptop,mail.corp.local,12.44,https
2026-08-31 11:28:38.927696,u07,u07-laptop,jira.corp.local,45.78,https
2026-08-31 11:35:22.794012,u14,u14-laptop,mail.corp.local,14.15,https
2026-08-31 11:36:42.134912,u14,u14-laptop,mail.corp.local,6.04,https
2026-08-31 11:37:51.345377,u07,u07-laptop,mail.corp.local,61.15,https
2026-08-31 11:40:25.965800,u13,u13-mobile,mail.corp.local,8.56,https
2026-08-31 11:43:59.943261,u13,u13-mobile,workday.corp.local,22.9,https
2026-08-31 11:47:09.101661,u04,u04-laptop,salesforce.corp.local,32.53,https
2026-08-31 11:51:48.210442,u02,u02-laptop,github.corp.local,3.89,https
2026-08-31 11:53:13.295104,u08,u08-laptop,workday.corp.local,27.22,https
2026-08-31 11:53:54.137199,u03,u03-laptop,mail.corp.local,16.28,https
2026-08-31 11:54:36.359266,u14,u14-laptop,mail.corp.local,27.55,https
2026-08-31 11:57:51.656348,u05,u05-mobile,mail.corp.local,7.53,https
2026-08-31 11:58:02.757950,u14,u14-laptop,salesforce.corp.local,11.63,https
2026-08-31 11:59:23.057162,u03,u03-laptop,workday.corp.local,17.31,https
2026-08-31 11:59:52.079845,u08,u08-laptop,mail.corp.local,10.05,https
2026-08-31 12:01:50.879850,u13,u13-mobile,workday.corp.local,17.2,https
2026-08-31 12:04:09.370728,u13,u13-mobile,mail.corp.local,12.08,https
2026-08-31 12:04:24.029155,u11,u11-laptop,sap.corp.local,45.72,https
2026-08-31 12:05:30.494226,u02,u02-laptop,mail.corp.local,3.45,https
2026-08-31 12:06:56.923797,u02,u02-laptop,mail.corp.local,4.66,https
2026-08-31 12:07:14.441504,u02,u02-laptop,jira.corp.local,1.73,https
2026-08-31 12:07:20.013965,u07,u07-laptop,jira.corp.local,32.84,https
2026-08-31 12:09:07.260265,u02,u02-laptop,jira.corp.local,2.13,https
2026-08-31 12:09:29.750477,u13,u13-mobile,workday.corp.local,8.44,https
2026-08-31 12:11:59.498613,u04,u04-laptop,salesforce.corp.local,17.69,https
2026-08-31 12:12:09.516820,u02,u02-laptop,mail.corp.local,4.06,https
2026-08-31 12:15:44.499850,u03,u03-laptop,mail.corp.local,20.37,https
2026-08-31 12:16:49.596064,u05,u05-mobile,mail.corp.local,4.61,https
2026-08-31 12:23:49.770134,u13,u13-mobile,mail.corp.local,15.35,https
2026-08-31 12:25:47.078625,u02,u02-laptop,mail.corp.local,4.1,https
2026-08-31 12:26:04.421784,u11,u11-laptop,mail.corp.local,38.11,https
2026-08-31 12:26:20.229952,u04,u04-laptop,salesforce.corp.local,17.63,https
2026-08-31 12:31:08.778450,u05,u05-mobile,mail.corp.local,6.39,https
2026-08-31 12:35:17.351823,u11,u11-laptop,sap.corp.local,22.46,https
2026-08-31 12:36:35.884796,u02,u02-laptop,mail.corp.local,2.29,https
2026-08-31 12:39:21.110071,u09,u09-laptop,salesforce.corp.local,9.45,https
2026-08-31 12:40:47.846474,u11,u11-laptop,mail.corp.local,36.7,https
2026-08-31 12:44:29.818767,u09,u09-laptop,mail.corp.local,5.1,https
2026-08-31 12:45:00.056248,u11,u11-laptop,mail.corp.local,30.31,https
2026-08-31 12:45:50.870520,u03,u03-laptop,mail.corp.local,9.51,https
2026-08-31 12:47:26.255874,u09,u09-laptop,mail.corp.local,8.47,https
2026-08-31 12:48:27.068799,u02,u02-laptop,mail.corp.local,3.42,https
2026-08-31 12:52:29.132082,u05,u05-mobile,mail.corp.local,3.0,https
2026-08-31 12:57:41.822421,u13,u13-mobile,mail.corp.local,21.37,https
2026-08-31 12:58:13.954084,u08,u08-laptop,mail.corp.local,16.8,https
2026-08-31 12:59:04.873114,u11,u11-laptop,sap.corp.local,41.65,https
2026-08-31 12:59:51.170966,u05,u05-mobile,mail.corp.local,8.29,https
2026-08-31 13:01:38.038814,u09,u09-laptop,mail.corp.local,7.63,https
2026-08-31 13:08:02.378122,u11,u11-laptop,sap.corp.local,44.18,https
2026-08-31 13:08:40.415361,u02,u02-laptop,mail.corp.local,2.02,https
2026-08-31 13:10:35.435002,u05,u05-mobile,adminportal.corp.local,8.72,https
2026-08-31 13:13:40.161515,u05,u05-mobile,adminportal.corp.local,8.74,https
2026-08-31 13:14:18.449327,u03,u03-laptop,workday.corp.local,14.31,https
2026-08-31 13:15:08.796548,u11,u11-laptop,sap.corp.local,45.89,https
2026-08-31 13:18:00.757807,u02,u02-laptop,jira.corp.local,3.49,https
2026-08-31 13:19:10.812919,u02,u02-laptop,mail.corp.local,2.97,https
2026-08-31 13:21:07.027320,u05,u05-mobile,adminportal.corp.local,37.25,https
2026-08-31 13:26:34.713664,u02,u02-laptop,github.corp.local,3.9,https
2026-08-31 13:29:44.183875,u08,u08-laptop,workday.corp.local,15.41,https
2026-08-31 13:31:51.833282,u09,u09-laptop,salesforce.corp.local,12.53,https
2026-08-31 13:34:40.213233,u08,u08-laptop,mail.corp.local,11.7,https
2026-08-31 13:35:04.568536,u02,u02-laptop,github.corp.local,3.55,https
2026-08-31 13:39:18.837081,u08,u08-laptop,mail.corp.local,16.29,https
2026-08-31 13:43:46.549511,u05,u05-mobile,mail.corp.local,23.35,https
2026-08-31 13:58:40.436457,u05,u05-mobile,mail.corp.local,37.44,https
2026-08-31 14:19:06.444918,u14,u14-laptop,mail.corp.local,5.69,https
2026-08-31 14:33:19.379224,u14,u14-laptop,salesforce.corp.local,9.93,https
2026-08-31 15:08:36.630385,u14,u14-laptop,salesforce.corp.local,9.12,https
2026-08-31 15:27:25.850048,u14,u14-laptop,mail.corp.local,7.2,https
2026-08-31 22:13:44.488066,u10,u10-laptop,adminportal.corp.local,38.83,https
2026-08-31 23:27:10.258391,u10,u10-laptop,adminportal.corp.local,6.9,https
2026-08-31 23:37:52.561749,u10,u10-laptop,adminportal.corp.local,14.16,https
2026-08-31 23:47:37.672683,u10,u10-laptop,mail.corp.local,7.89,https
2026-08-31 23:53:03.561546,u10,u10-laptop,adminportal.corp.local,7.25,https
2026-08-31 23:58:41.588427,u10,u10-laptop,adminportal.corp.local,12.65,https
2026-09-01 00:06:35.249493,u10,u10-laptop,mail.corp.local,12.45,https
2026-09-01 00:36:18.562016,u10,u10-laptop,adminportal.corp.local,10.52,https
2026-09-01 00:44:53.428016,u10,u10-laptop,adminportal.corp.local,12.56,https
2026-09-01 00:53:00.344173,u10,u10-laptop,mail.corp.local,11.13,https
2026-09-01 00:58:46.244526,u10,u10-laptop,mail.corp.local,11.75,https
2026-09-01 01:31:42.704028,u09,u09-laptop,salesforce.corp.local,31.91,https
2026-09-01 02:06:46.388994,u09,u09-laptop,salesforce.corp.local,31.91,https
2026-09-01 03:08:19.886154,u09,u09-laptop,mail.corp.local,31.91,https
2026-09-01 03:17:08.004617,u09,u09-laptop,salesforce.corp.local,31.91,https
2026-09-01 07:58:54.298750,u12,u12-laptop,jira.corp.local,6.59,https
2026-09-01 08:09:17.383359,u07,u07-laptop,github.corp.local,7.32,https
2026-09-01 08:11:04.292333,u11,u11-laptop,erp.corp.local,15.2,https
2026-09-01 08:14:23.597474,u07,u07-laptop,mail.corp.local,7.24,https
2026-09-01 08:34:17.309729,u07,u07-laptop,github.corp.local,3.74,https
2026-09-01 08:39:21.717510,u11,u11-laptop,sap.corp.local,8.25,https
2026-09-01 08:58:39.632865,u11,u11-laptop,erp.corp.local,21.18,https
2026-09-01 09:01:15.839898,u03,u03-laptop,mail.corp.local,31.75,https
2026-09-01 09:10:50.942874,u02,u02-laptop,mail.corp.local,25.91,https
2026-09-01 09:13:20.738157,u02,u02-laptop,jira.corp.local,61.18,https
2026-09-01 09:14:42.071706,u03,u03-laptop,mail.corp.local,41.81,https
2026-09-01 09:18:13.029750,u07,u07-laptop,mail.corp.local,7.05,https
2026-09-01 09:21:10.355986,u11,u11-laptop,erp.corp.local,4.7,https
2026-09-01 09:22:10.772422,u07,u07-laptop,mail.corp.local,6.62,https
2026-09-01 09:24:30.554820,u11,u11-laptop,mail.corp.local,4.81,https
2026-09-01 09:26:51.740086,u03,u03-laptop,mail.corp.local,33.95,https
2026-09-01 09:29:38.125883,u11,u11-laptop,mail.corp.local,6.19,https
2026-09-01 09:40:00.624223,u13,u13-laptop,workday.corp.local,47.55,https
2026-09-01 09:51:50.206906,u06,u06-laptop,erp.corp.local,45.57,https
2026-09-01 09:53:45.443310,u08,u08-laptop,workday.corp.local,32.51,https
2026-09-01 09:55:03.180133,u08,u08-laptop,mail.corp.local,21.9,https
2026-09-01 09:57:07.472442,u06,u06-laptop,sap.corp.local,57.02,https
2026-09-01 09:58:48.852337,u05,u05-laptop,mail.corp.local,16.06,https
2026-09-01 10:04:24.494862,u12,u12-laptop,github.corp.local,5.19,https
2026-09-01 10:06:25.842018,u13,u13-laptop,mail.corp.local,12.92,https
2026-09-01 10:11:44.747185,u11,u11-laptop,erp.corp.local,3.7,https
2026-09-01 10:12:02.036804,u12,u12-laptop,github.corp.local,3.44,https
2026-09-01 10:12:37.743394,u12,u12-laptop,github.corp.local,3.61,https
2026-09-01 10:16:29.864290,u06,u06-laptop,sap.corp.local,31.44,https
2026-09-01 10:16:58.004412,u05,u05-laptop,mail.corp.local,19.35,https
2026-09-01 10:19:18.018785,u12,u12-laptop,mail.corp.local,3.21,https
2026-09-01 10:21:15.285902,u12,u12-laptop,github.corp.local,2.96,https
2026-09-01 10:21:50.156211,u11,u11-laptop,sap.corp.local,3.24,https
2026-09-01 10:22:39.929346,u15,u15-laptop,adminportal.corp.local,72.3,https
2026-09-01 10:23:32.409456,u08,u08-laptop,workday.corp.local,14.42,https
2026-09-01 10:23:45.070128,u12,u12-laptop,github.corp.local,3.04,https
2026-09-01 10:26:20.666093,u06,u06-laptop,sap.corp.local,40.51,https
2026-09-01 10:29:20.150389,u12,u12-laptop,github.corp.local,1.78,https
2026-09-01 10:30:22.644520,u11,u11-laptop,mail.corp.local,3.75,https
2026-09-01 10:31:46.611798,u05,u05-laptop,mail.corp.local,66.01,https
2026-09-01 10:32:19.961943,u01,u01-mobile,mail.corp.local,92.52,https
2026-09-01 10:33:41.726480,u04,u04-laptop,salesforce.corp.local,10.94,https
2026-09-01 10:34:16.308694,u08,u08-laptop,workday.corp.local,17.89,https
2026-09-01 10:35:01.773249,u15,u15-laptop,mail.corp.local,89.82,https
2026-09-01 10:35:25.148344,u11,u11-laptop,erp.corp.local,18.22,https
2026-09-01 10:35:35.634786,u12,u12-laptop,jira.corp.local,3.54,https
2026-09-01 10:35:48.966063,u12,u12-laptop,jira.corp.local,4.3,https
2026-09-01 10:36:38.899794,u03,u03-laptop,mail.corp.local,11.79,https
2026-09-01 10:38:20.856003,u05,u05-laptop,mail.corp.local,71.01,https
2026-09-01 10:40:47.292259,u04,u04-laptop,mail.corp.local,11.22,https
2026-09-01 10:42:54.601545,u12,u12-laptop,jira.corp.local,4.24,https
2026-09-01 10:47:00.262541,u13,u13-laptop,workday.corp.local,35.9,https
2026-09-01 10:50:34.176948,u07,u07-laptop,github.corp.local,6.7,https
2026-09-01 10:50:38.651631,u06,u06-laptop,erp.corp.local,37.79,https
2026-09-01 10:51:11.875527,u12,u12-laptop,github.corp.local,1.46,https
2026-09-01 10:52:45.249695,u12,u12-laptop,jira.corp.local,2.06,https
2026-09-01 10:55:08.119211,u01,u01-mobile,sap.corp.local,149.23,https
2026-09-01 10:56:56.803942,u15,u15-laptop,mail.corp.local,74.53,https
2026-09-01 10:59:36.657176,u11,u11-laptop,sap.corp.local,17.27,https
2026-09-01 11:02:18.154168,u11,u11-laptop,sap.corp.local,17.78,https
2026-09-01 11:03:11.880935,u05,u05-laptop,mail.corp.local,7.48,https
2026-09-01 11:03:49.547398,u08,u08-laptop,mail.corp.local,15.85,https
2026-09-01 11:11:22.955416,u03,u03-laptop,workday.corp.local,9.06,https
2026-09-01 11:13:46.466361,u12,u12-laptop,github.corp.local,2.49,https
2026-09-01 11:14:29.315631,u07,u07-laptop,github.corp.local,3.76,https
2026-09-01 11:16:23.442294,u03,u03-laptop,mail.corp.local,13.31,https
2026-09-01 11:18:59.348674,u12,u12-laptop,mail.corp.local,2.31,https
2026-09-01 11:23:39.436968,u03,u03-laptop,mail.corp.local,6.17,https
2026-09-01 11:24:39.748150,u14,u14-laptop,mail.corp.local,10.37,https
2026-09-01 11:27:27.421536,u07,u07-laptop,github.corp.local,4.81,https
2026-09-01 11:28:07.222918,u07,u07-laptop,mail.corp.local,6.08,https
2026-09-01 11:29:39.465588,u14,u14-laptop,mail.corp.local,10.21,https
2026-09-01 11:30:44.290906,u11,u11-laptop,mail.corp.local,15.23,https
2026-09-01 11:32:24.640834,u04,u04-laptop,mail.corp.local,7.47,https
2026-09-01 11:39:20.236188,u04,u04-laptop,mail.corp.local,4.4,https
2026-09-01 11:42:14.208277,u12,u12-laptop,jira.corp.local,3.78,https
2026-09-01 11:45:54.004463,u14,u14-laptop,mail.corp.local,10.74,https
2026-09-01 11:51:53.035512,u01,u01-mobile,mail.corp.local,64.0,https
2026-09-01 11:55:47.860399,u12,u12-laptop,jira.corp.local,2.34,https
2026-09-01 12:04:16.135453,u11,u11-laptop,erp.corp.local,19.33,https
2026-09-01 12:04:41.672738,u07,u07-laptop,github.corp.local,20.05,https
2026-09-01 12:16:33.061499,u14,u14-laptop,salesforce.corp.local,12.63,https
2026-09-01 12:19:05.077694,u14,u14-laptop,salesforce.corp.local,48.29,https
2026-09-01 12:19:51.347365,u04,u04-laptop,salesforce.corp.local,75.08,https
2026-09-01 12:26:47.481906,u07,u07-laptop,jira.corp.local,13.22,https
2026-09-01 12:28:13.915163,u11,u11-laptop,erp.corp.local,22.85,https
2026-09-01 12:29:51.808235,u12,u12-laptop,github.corp.local,5.47,https
2026-09-01 12:30:30.181280,u12,u12-laptop,jira.corp.local,2.27,https
2026-09-01 12:36:40.841229,u12,u12-laptop,jira.corp.local,2.97,https
2026-09-01 12:50:38.299609,u12,u12-laptop,jira.corp.local,3.96,https
2026-09-01 13:27:54.237172,u12,u12-laptop,jira.corp.local,4.81,https
2026-09-01 13:29:53.615637,u08,u08-laptop,mail.corp.local,6.07,https
2026-09-01 13:49:15.917678,u08,u08-laptop,mail.corp.local,4.92,https
2026-09-01 13:52:59.264661,u08,u08-laptop,mail.corp.local,9.82,https
2026-09-01 14:06:36.261634,u08,u08-laptop,mail.corp.local,7.45,https
2026-09-01 14:26:18.477018,u08,u08-laptop,workday.corp.local,6.79,https
2026-09-01 14:46:50.959489,u08,u08-laptop,mail.corp.local,8.89,https
2026-09-01 23:03:08.578349,u10,u10-laptop,mail.corp.local,6.06,https
2026-09-01 23:03:58.865110,u10,u10-laptop,mail.corp.local,11.26,https
2026-09-01 23:34:34.972162,u10,u10-laptop,mail.corp.local,8.69,https
2026-09-01 23:38:32.182376,u10,u10-laptop,adminportal.corp.local,2.59,https
2026-09-01 23:38:54.001890,u10,u10-laptop,mail.corp.local,18.82,https
2026-09-01 23:40:30.725495,u10,u10-laptop,adminportal.corp.local,5.96,https
2026-09-01 23:49:26.662366,u10,u10-laptop,mail.corp.local,64.95,https
2026-09-01 23:49:50.028959,u10,u10-laptop,adminportal.corp.local,21.32,https
2026-09-02 00:01:57.648196,u10,u10-laptop,mail.corp.local,5.35,https
2026-09-02 00:06:34.816974,u10,u10-laptop,mail.corp.local,8.35,https
2026-09-02 00:09:34.945072,u10,u10-laptop,adminportal.corp.local,3.27,https
2026-09-02 00:38:03.952609,u10,u10-laptop,adminportal.corp.local,6.67,https
2026-09-02 00:47:05.535496,u10,u10-laptop,adminportal.corp.local,5.66,https
2026-09-02 03:06:03.656059,u09,u09-laptop,mail.corp.local,43.31,https
2026-09-02 03:22:17.750778,u09,u09-laptop,salesforce.corp.local,43.31,https
2026-09-02 03:46:41.377830,u09,u09-laptop,mail.corp.local,43.31,https
2026-09-02 03:59:39.334112,u09,u09-laptop,mail.corp.local,43.31,https
2026-09-02 05:40:44.711454,u13,u13-mobile,workday.corp.local,5.85,https
2026-09-02 06:11:52.747246,u13,u13-mobile,mail.corp.local,25.69,https
2026-09-02 06:35:55.737569,u13,u13-mobile,mail.corp.local,17.99,https
2026-09-02 06:49:33.537835,u13,u13-mobile,mail.corp.local,13.35,https
2026-09-02 07:46:08.056751,u11,u11-laptop,mail.corp.local,15.56,https
2026-09-02 07:48:23.318962,u08,u08-laptop,mail.corp.local,107.05,https
2026-09-02 08:04:13.643582,u11,u11-laptop,sap.corp.local,18.73,https
2026-09-02 08:08:50.925783,u15,u15-laptop,mail.corp.local,4.06,https
2026-09-02 08:16:55.001431,u15,u15-laptop,mail.corp.local,7.51,https
2026-09-02 08:21:19.767628,u11,u11-laptop,erp.corp.local,4.04,https
2026-09-02 08:26:07.492265,u11,u11-laptop,sap.corp.local,15.29,https
2026-09-02 08:32:25.377438,u15,u15-laptop,mail.corp.local,7.15,https
2026-09-02 08:34:50.821259,u11,u11-laptop,mail.corp.local,8.92,https
2026-09-02 08:37:09.704373,u15,u15-laptop,adminportal.corp.local,6.07,https
2026-09-02 08:39:44.963643,u15,u15-laptop,mail.corp.local,7.83,https
2026-09-02 08:40:40.869111,u15,u15-laptop,adminportal.corp.local,8.22,https
2026-09-02 08:46:13.468268,u15,u15-laptop,adminportal.corp.local,2.43,https
2026-09-02 08:59:09.763210,u15,u15-laptop,mail.corp.local,6.12,https
2026-09-02 09:02:31.070816,u15,u15-laptop,mail.corp.local,6.12,https
2026-09-02 09:03:23.295248,u13,u13-mobile,workday.corp.local,12.86,https
2026-09-02 09:05:21.185504,u05,u05-laptop,adminportal.corp.local,13.16,https
2026-09-02 09:06:57.652964,u06,u06-laptop,mail.corp.local,19.98,https
2026-09-02 09:17:29.612257,u15,u15-laptop,mail.corp.local,6.15,https
2026-09-02 09:19:20.669629,u08,u08-laptop,mail.corp.local,18.08,https
2026-09-02 09:19:35.506019,u03,u03-laptop,mail.corp.local,7.61,https
2026-09-02 09:24:03.532394,u13,u13-mobile,mail.corp.local,25.83,https
2026-09-02 09:27:01.325415,u11,u11-laptop,mail.corp.local,50.24,https
2026-09-02 09:32:41.187821,u05,u05-laptop,adminportal.corp.local,11.73,https
2026-09-02 09:33:35.830464,u04,u04-laptop,mail.corp.local,7.09,https
2026-09-02 09:35:40.430194,u11,u11-laptop,mail.corp.local,24.35,https
2026-09-02 09:41:06.781364,u11,u11-laptop,sap.corp.local,29.83,https
2026-09-02 09:43:55.224252,u11,u11-laptop,erp.corp.local,23.06,https
2026-09-02 09:44:16.636232,u03,u03-laptop,workday.corp.local,7.69,https
2026-09-02 09:47:12.815844,u13,u13-mobile,mail.corp.local,11.95,https
2026-09-02 09:49:51.233983,u03,u03-laptop,workday.corp.local,10.68,https
2026-09-02 09:51:46.562934,u03,u03-laptop,workday.corp.local,9.99,https
2026-09-02 09:52:55.880611,u05,u05-laptop,mail.corp.local,26.88,https
2026-09-02 09:53:47.429573,u05,u05-laptop,mail.corp.local,7.48,https
2026-09-02 09:56:31.803275,u03,u03-laptop,mail.corp.local,21.89,https
2026-09-02 09:56:50.318215,u03,u03-laptop,mail.corp.local,19.21,https
2026-09-02 09:57:43.682097,u11,u11-laptop,mail.corp.local,27.49,https
2026-09-02 10:00:31.894035,u13,u13-mobile,mail.corp.local,17.32,https
2026-09-02 10:01:08.510531,u03,u03-laptop,workday.corp.local,6.05,https
2026-09-02 10:04:47.357912,u06,u06-laptop,erp.corp.local,5.81,https
2026-09-02 10:07:38.615846,u03,u03-laptop,mail.corp.local,9.12,https
2026-09-02 10:12:10.440192,u03,u03-laptop,mail.corp.local,5.58,https
2026-09-02 10:14:40.817481,u04,u04-laptop,mail.corp.local,8.58,https
2026-09-02 10:14:46.583146,u06,u06-laptop,erp.corp.local,6.78,https
2026-09-02 10:15:43.861209,u08,u08-laptop,workday.corp.local,35.69,https
2026-09-02 10:16:04.281512,u13,u13-mobile,mail.corp.local,13.81,https
2026-09-02 10:17:39.912278,u03,u03-laptop,mail.corp.local,9.7,https
2026-09-02 10:17:41.718851,u04,u04-laptop,mail.corp.local,4.24,https
2026-09-02 10:20:11.916956,u13,u13-mobile,workday.corp.local,18.81,https
2026-09-02 10:20:20.729866,u05,u05-laptop,mail.corp.local,6.91,https
2026-09-02 10:22:49.658337,u02,u02-laptop,jira.corp.local,1.97,https
2026-09-02 10:24:09.383361,u11,u11-laptop,erp.corp.local,28.08,https
2026-09-02 10:25:49.217361,u04,u04-laptop,mail.corp.local,4.85,https
2026-09-02 10:28:46.354938,u02,u02-laptop,mail.corp.local,1.43,https
2026-09-02 10:28:46.587483,u03,u03-laptop,workday.corp.local,8.74,https
2026-09-02 10:30:23.140167,u02,u02-laptop,jira.corp.local,35.03,https
2026-09-02 10:30:28.440397,u07,u07-laptop,github.corp.local,14.84,https
2026-09-02 10:30:29.447953,u03,u03-laptop,mail.corp.local,8.92,https
2026-09-02 10:31:50.225394,u06,u06-laptop,erp.corp.local,8.9,https
2026-09-02 10:31:59.812615,u03,u03-laptop,mail.corp.local,9.03,https
2026-09-02 10:33:55.234848,u02,u02-laptop,github.corp.local,2.06,https
2026-09-02 10:37:51.618171,u06,u06-laptop,erp.corp.local,15.21,https
2026-09-02 10:39:39.567851,u14,u14-laptop,mail.corp.local,19.63,https
2026-09-02 10:42:54.954636,u05,u05-laptop,mail.corp.local,24.06,https
2026-09-02 10:44:14.731120,u12,u12-laptop,mail.corp.local,152.64,https
2026-09-02 10:44:16.729265,u03,u03-laptop,workday.corp.local,4.3,https
2026-09-02 10:48:11.951900,u06,u06-laptop,mail.corp.local,8.06,https
2026-09-02 10:48:55.694983,u14,u14-laptop,mail.corp.local,35.16,https
2026-09-02 10:50:30.401152,u13,u13-mobile,mail.corp.local,12.25,https
2026-09-02 10:56:10.826195,u04,u04-laptop,salesforce.corp.local,7.42,https
2026-09-02 10:57:14.084620,u06,u06-laptop,sap.corp.local,20.91,https
2026-09-02 11:01:29.223397,u01,u01-mobile,erp.corp.local,386.61,https
2026-09-02 11:01:30.405040,u07,u07-laptop,github.corp.local,6.44,https
2026-09-02 11:02:03.457036,u07,u07-laptop,github.corp.local,19.59,https
2026-09-02 11:03:02.560857,u07,u07-laptop,github.corp.local,19.45,https
2026-09-02 11:04:19.161678,u02,u02-laptop,jira.corp.local,1.63,https
2026-09-02 11:09:18.145986,u13,u13-mobile,workday.corp.local,15.22,https
2026-09-02 11:09:30.429972,u14,u14-laptop,mail.corp.local,9.75,https
2026-09-02 11:10:58.287046,u14,u14-laptop,mail.corp.local,1.34,https
2026-09-02 11:15:49.109982,u07,u07-laptop,mail.corp.local,13.18,https
2026-09-02 11:16:27.183269,u02,u02-laptop,github.corp.local,2.88,https
2026-09-02 11:17:11.467464,u14,u14-laptop,mail.corp.local,1.41,https
2026-09-02 11:19:31.022676,u05,u05-laptop,adminportal.corp.local,16.34,https
2026-09-02 11:20:10.168485,u05,u05-laptop,mail.corp.local,8.77,https
2026-09-02 11:20:17.868666,u07,u07-laptop,mail.corp.local,5.39,https
2026-09-02 11:22:44.782959,u02,u02-laptop,github.corp.local,3.79,https
2026-09-02 11:22:55.115025,u05,u05-laptop,adminportal.corp.local,13.14,https
2026-09-02 11:25:35.509478,u02,u02-laptop,mail.corp.local,3.69,https
2026-09-02 11:25:52.355179,u14,u14-laptop,mail.corp.local,10.52,https
2026-09-02 11:29:08.304393,u13,u13-mobile,workday.corp.local,14.05,https
2026-09-02 11:29:37.512043,u03,u03-laptop,workday.corp.local,3.68,https
2026-09-02 11:30:29.285149,u15,u15-laptop,mail.corp.local,23.63,https
2026-09-02 11:34:41.371649,u07,u07-laptop,jira.corp.local,7.26,https
2026-09-02 11:35:44.415408,u04,u04-laptop,mail.corp.local,13.39,https
2026-09-02 11:37:53.819893,u14,u14-laptop,mail.corp.local,7.31,https
2026-09-02 11:38:41.159110,u06,u06-laptop,sap.corp.local,20.59,https
2026-09-02 11:39:40.387742,u05,u05-laptop,mail.corp.local,14.11,https
2026-09-02 11:39:51.853848,u14,u14-laptop,mail.corp.local,17.21,https
2026-09-02 11:44:14.531474,u07,u07-laptop,mail.corp.local,13.52,https
2026-09-02 11:47:34.918685,u13,u13-mobile,mail.corp.local,8.66,https
2026-09-02 11:48:29.049983,u02,u02-laptop,jira.corp.local,2.73,https
2026-09-02 11:48:43.011367,u14,u14-laptop,mail.corp.local,13.87,https
2026-09-02 11:53:11.752592,u07,u07-laptop,jira.corp.local,6.18,https
2026-09-02 11:53:28.951699,u04,u04-laptop,mail.corp.local,8.67,https
2026-09-02 11:53:57.796716,u03,u03-laptop,workday.corp.local,2.44,https
2026-09-02 11:55:16.637016,u04,u04-laptop,salesforce.corp.local,12.88,https
2026-09-02 11:56:35.535932,u07,u07-laptop,mail.corp.local,6.56,https
2026-09-02 11:57:30.961565,u02,u02-laptop,jira.corp.local,3.66,https
2026-09-02 11:58:13.713530,u05,u05-laptop,mail.corp.local,22.57,https
2026-09-02 12:04:04.862507,u13,u13-mobile,mail.corp.local,12.14,https
2026-09-02 12:04:34.983669,u05,u05-laptop,adminportal.corp.local,15.26,https
2026-09-02 12:05:38.213778,u02,u02-laptop,jira.corp.local,2.46,https
2026-09-02 12:06:21.264583,u15,u15-laptop,adminportal.corp.local,18.08,https
2026-09-02 12:09:59.585903,u14,u14-laptop,mail.corp.local,3.03,https
2026-09-02 12:10:56.057918,u02,u02-laptop,mail.corp.local,2.62,https
2026-09-02 12:12:30.862279,u08,u08-laptop,workday.corp.local,37.87,https
2026-09-02 12:16:37.757711,u14,u14-laptop,salesforce.corp.local,2.46,https
2026-09-02 12:20:34.148554,u02,u02-laptop,jira.corp.local,3.65,https
2026-09-02 12:29:16.627206,u13,u13-mobile,mail.corp.local,17.56,https
2026-09-02 12:34:44.410433,u03,u03-laptop,workday.corp.local,6.11,https
2026-09-02 12:35:49.059571,u15,u15-laptop,adminportal.corp.local,21.8,https
2026-09-02 12:36:26.215656,u14,u14-laptop,salesforce.corp.local,13.52,https
2026-09-02 12:37:36.707917,u14,u14-laptop,salesforce.corp.local,11.54,https
2026-09-02 12:48:06.269440,u05,u05-laptop,mail.corp.local,13.8,https
2026-09-02 13:01:33.796135,u02,u02-laptop,github.corp.local,2.53,https
2026-09-02 13:02:14.954496,u14,u14-laptop,salesforce.corp.local,9.3,https
2026-09-02 13:02:56.291636,u02,u02-laptop,github.corp.local,4.16,https
2026-09-02 13:02:58.470681,u07,u07-laptop,github.corp.local,5.88,https
2026-09-02 13:20:53.799679,u02,u02-laptop,jira.corp.local,4.5,https
2026-09-02 13:29:27.378570,u13,u13-mobile,workday.corp.local,22.62,https
2026-09-02 13:31:21.622597,u13,u13-mobile,workday.corp.local,14.7,https
2026-09-02 13:40:00.000000,u03,unknown-device-9663,file-drop-ex4.net,812.0,https
2026-09-02 13:40:19.535234,u02,u02-laptop,jira.corp.local,1.3,https
2026-09-02 22:27:19.597915,u10,u10-laptop,mail.corp.local,4.92,https
2026-09-02 22:35:55.388736,u10,u10-laptop,adminportal.corp.local,4.23,https
2026-09-02 22:41:07.627308,u10,u10-laptop,adminportal.corp.local,3.19,https
2026-09-02 23:13:00.510312,u10,u10-laptop,mail.corp.local,3.35,https
2026-09-02 23:23:21.649210,u10,u10-laptop,mail.corp.local,2.84,https
2026-09-02 23:26:15.933797,u10,u10-laptop,adminportal.corp.local,4.67,https
2026-09-02 23:47:18.367438,u10,u10-laptop,mail.corp.local,2.73,https
2026-09-03 00:25:56.379162,u10,u10-laptop,mail.corp.local,19.63,https
2026-09-03 00:44:01.374251,u10,u10-laptop,mail.corp.local,14.16,https
2026-09-03 00:53:41.641528,u10,u10-laptop,adminportal.corp.local,14.28,https
2026-09-03 02:04:57.374989,u10,u10-laptop,mail.corp.local,9.74,https
2026-09-03 03:52:27.180699,u09,u09-laptop,salesforce.corp.local,59.26,https
2026-09-03 04:44:11.519811,u09,u09-laptop,mail.corp.local,59.26,https
2026-09-03 05:40:33.060652,u09,u09-laptop,salesforce.corp.local,59.26,https
2026-09-03 05:42:43.121406,u09,u09-laptop,salesforce.corp.local,59.26,https
2026-09-03 08:30:08.110072,u11,u11-laptop,sap.corp.local,30.64,https
2026-09-03 08:32:19.245592,u02,u02-laptop,jira.corp.local,3.99,https
2026-09-03 08:35:31.695091,u06,u06-laptop,erp.corp.local,59.0,https
2026-09-03 08:40:52.390780,u11,u11-laptop,erp.corp.local,15.02,https
2026-09-03 08:41:21.761969,u03,u03-laptop,workday.corp.local,62.86,https
2026-09-03 08:47:26.443723,u02,u02-laptop,jira.corp.local,1.74,https
2026-09-03 08:48:25.650276,u05,u05-laptop,mail.corp.local,5.73,https
2026-09-03 08:48:56.331483,u02,u02-laptop,jira.corp.local,3.0,https
2026-09-03 08:59:11.964112,u02,u02-laptop,mail.corp.local,0.52,https
2026-09-03 09:03:25.199513,u08,u08-laptop,mail.corp.local,5.4,https
2026-09-03 09:07:35.051136,u15,u15-laptop,adminportal.corp.local,18.12,https
2026-09-03 09:08:11.035658,u05,u05-laptop,adminportal.corp.local,14.32,https
2026-09-03 09:10:14.225034,u11,u11-laptop,mail.corp.local,43.73,https
2026-09-03 09:12:52.675830,u05,u05-laptop,adminportal.corp.local,4.4,https
2026-09-03 09:13:23.900103,u08,u08-laptop,mail.corp.local,7.46,https
2026-09-03 09:14:28.043058,u11,u11-laptop,mail.corp.local,44.54,https
2026-09-03 09:14:37.423927,u04,u04-laptop,mail.corp.local,9.64,https
2026-09-03 09:15:01.062683,u01,u01-laptop,mail.corp.local,4.5,https
2026-09-03 09:19:55.320164,u04,u04-laptop,mail.corp.local,18.73,https
2026-09-03 09:21:22.321090,u05,u05-laptop,adminportal.corp.local,12.71,https
2026-09-03 09:21:47.946505,u08,u08-laptop,workday.corp.local,6.29,https
2026-09-03 09:27:32.808561,u08,u08-laptop,workday.corp.local,4.98,https
2026-09-03 09:29:46.106520,u15,u15-laptop,adminportal.corp.local,13.96,https
2026-09-03 09:30:47.606821,u04,u04-laptop,mail.corp.local,19.11,https
2026-09-03 09:34:20.391909,u15,u15-laptop,adminportal.corp.local,10.38,https
2026-09-03 09:34:31.037683,u01,u01-laptop,mail.corp.local,11.98,https
2026-09-03 09:34:54.704961,u05,u05-laptop,mail.corp.local,11.72,https
2026-09-03 09:35:17.923968,u13,u13-laptop,mail.corp.local,29.5,https
2026-09-03 09:35:23.044748,u08,u08-laptop,mail.corp.local,3.92,https
2026-09-03 09:35:32.409249,u12,u12-laptop,jira.corp.local,14.12,https
2026-09-03 09:36:41.525818,u15,u15-laptop,mail.corp.local,19.5,https
2026-09-03 09:37:21.588328,u11,u11-laptop,sap.corp.local,32.89,https
2026-09-03 09:38:41.685992,u03,u03-laptop,mail.corp.local,51.02,https
2026-09-03 09:40:59.530850,u15,u15-laptop,adminportal.corp.local,8.76,https
2026-09-03 09:41:08.193461,u08,u08-laptop,mail.corp.local,4.41,https
2026-09-03 09:41:14.977275,u07,u07-laptop,github.corp.local,6.77,https
2026-09-03 09:41:27.189759,u04,u04-laptop,mail.corp.local,19.49,https
2026-09-03 09:44:04.359254,u04,u04-laptop,salesforce.corp.local,16.04,https
2026-09-03 09:47:14.468678,u01,u01-laptop,erp.corp.local,6.39,https
2026-09-03 09:47:46.998868,u15,u15-laptop,adminportal.corp.local,9.67,https
2026-09-03 09:47:50.926180,u05,u05-laptop,adminportal.corp.local,7.14,https
2026-09-03 09:48:42.818340,u08,u08-laptop,workday.corp.local,5.32,https
2026-09-03 09:48:56.396486,u05,u05-laptop,mail.corp.local,5.72,https
2026-09-03 09:51:08.989689,u15,u15-laptop,mail.corp.local,20.59,https
2026-09-03 09:51:29.490298,u15,u15-laptop,adminportal.corp.local,6.44,https
2026-09-03 09:51:47.846397,u08,u08-laptop,mail.corp.local,5.3,https
2026-09-03 09:52:15.907406,u01,u01-laptop,sap.corp.local,9.64,https
2026-09-03 09:53:52.310498,u05,u05-laptop,adminportal.corp.local,14.58,https
2026-09-03 09:53:58.770921,u13,u13-laptop,workday.corp.local,3.94,https
2026-09-03 09:59:40.960999,u07,u07-laptop,github.corp.local,3.68,https
2026-09-03 10:00:30.116205,u02,u02-laptop,github.corp.local,25.31,https
2026-09-03 10:02:12.428928,u05,u05-laptop,mail.corp.local,4.68,https
2026-09-03 10:03:10.546645,u08,u08-laptop,workday.corp.local,4.47,https
2026-09-03 10:03:32.273511,u08,u08-laptop,mail.corp.local,6.08,https
2026-09-03 10:04:11.644927,u15,u15-laptop,mail.corp.local,13.6,https
2026-09-03 10:15:25.950280,u08,u08-laptop,workday.corp.local,2.03,https
2026-09-03 10:15:30.353755,u11,u11-laptop,mail.corp.local,32.67,https
2026-09-03 10:15:39.086708,u14,u14-laptop,salesforce.corp.local,35.48,https
2026-09-03 10:17:01.964065,u08,u08-laptop,workday.corp.local,2.58,https
2026-09-03 10:18:35.618583,u14,u14-laptop,mail.corp.local,80.7,https
2026-09-03 10:21:15.899868,u01,u01-laptop,mail.corp.local,7.81,https
2026-09-03 10:22:50.133405,u13,u13-laptop,mail.corp.local,8.67,https
2026-09-03 10:25:07.849925,u11,u11-laptop,sap.corp.local,34.32,https
2026-09-03 10:26:42.581844,u01,u01-laptop,mail.corp.local,16.7,https
2026-09-03 10:27:25.125965,u08,u08-laptop,mail.corp.local,6.62,https
2026-09-03 10:29:15.767291,u05,u05-laptop,mail.corp.local,18.36,https
2026-09-03 10:34:52.583683,u13,u13-laptop,mail.corp.local,6.84,https
2026-09-03 10:36:23.471311,u13,u13-laptop,workday.corp.local,9.59,https
2026-09-03 10:36:45.501333,u02,u02-laptop,jira.corp.local,40.55,https
2026-09-03 10:36:57.081981,u05,u05-laptop,mail.corp.local,7.36,https
2026-09-03 10:37:01.551222,u08,u08-laptop,workday.corp.local,8.42,https
2026-09-03 10:39:04.505318,u13,u13-laptop,workday.corp.local,5.26,https
2026-09-03 10:42:58.785823,u08,u08-laptop,mail.corp.local,5.41,https
2026-09-03 10:43:40.856157,u02,u02-laptop,mail.corp.local,4.32,https
2026-09-03 10:44:22.854008,u05,u05-laptop,mail.corp.local,12.95,https
2026-09-03 10:45:30.818911,u08,u08-laptop,workday.corp.local,5.09,https
2026-09-03 10:45:59.994716,u01,u01-laptop,mail.corp.local,11.09,https
2026-09-03 10:46:03.220544,u08,u08-laptop,workday.corp.local,8.31,https
2026-09-03 10:46:10.119953,u13,u13-laptop,workday.corp.local,39.26,https
2026-09-03 10:46:16.146213,u07,u07-laptop,github.corp.local,90.86,https
2026-09-03 10:47:13.614652,u08,u08-laptop,mail.corp.local,3.01,https
2026-09-03 10:48:11.777073,u13,u13-laptop,workday.corp.local,1.5,https
2026-09-03 10:48:15.052759,u13,u13-laptop,workday.corp.local,5.78,https
2026-09-03 10:50:40.503453,u15,u15-laptop,adminportal.corp.local,4.31,https
2026-09-03 10:52:47.119462,u01,u01-laptop,mail.corp.local,8.23,https
2026-09-03 10:53:42.984693,u13,u13-laptop,mail.corp.local,2.78,https
2026-09-03 10:53:59.728843,u13,u13-laptop,mail.corp.local,9.37,https
2026-09-03 10:55:20.384075,u01,u01-laptop,erp.corp.local,10.88,https
2026-09-03 10:57:06.884299,u02,u02-laptop,github.corp.local,8.99,https
2026-09-03 10:57:20.475959,u14,u14-laptop,salesforce.corp.local,63.97,https
2026-09-03 11:01:34.703320,u03,u03-laptop,workday.corp.local,41.01,https
2026-09-03 11:02:57.698066,u01,u01-laptop,mail.corp.local,9.77,https
2026-09-03 11:03:29.203029,u08,u08-laptop,workday.corp.local,8.33,https
2026-09-03 11:03:37.140067,u01,u01-laptop,sap.corp.local,14.39,https
2026-09-03 11:05:33.541238,u02,u02-laptop,mail.corp.local,9.66,https
2026-09-03 11:06:41.684774,u14,u14-laptop,mail.corp.local,96.99,https
2026-09-03 11:06:51.726711,u05,u05-laptop,adminportal.corp.local,6.06,https
2026-09-03 11:09:55.930818,u05,u05-laptop,adminportal.corp.local,7.46,https
2026-09-03 11:10:24.482855,u05,u05-laptop,mail.corp.local,11.53,https
2026-09-03 11:10:27.222086,u13,u13-laptop,workday.corp.local,5.02,https
2026-09-03 11:14:16.464435,u02,u02-laptop,mail.corp.local,9.68,https
2026-09-03 11:16:46.745674,u01,u01-laptop,mail.corp.local,7.46,https
2026-09-03 11:17:03.357607,u07,u07-laptop,github.corp.local,6.07,https
2026-09-03 11:17:23.060008,u05,u05-laptop,adminportal.corp.local,10.03,https
2026-09-03 11:18:14.766275,u15,u15-laptop,mail.corp.local,8.88,https
2026-09-03 11:18:47.157249,u01,u01-laptop,sap.corp.local,14.75,https
2026-09-03 11:19:39.860925,u15,u15-laptop,mail.corp.local,8.35,https
2026-09-03 11:21:08.099401,u01,u01-laptop,mail.corp.local,16.33,https
2026-09-03 11:23:11.493710,u13,u13-laptop,workday.corp.local,5.51,https
2026-09-03 11:24:44.031785,u08,u08-laptop,workday.corp.local,3.31,https
2026-09-03 11:25:25.281591,u11,u11-laptop,mail.corp.local,11.95,https
2026-09-03 11:26:06.615980,u13,u13-laptop,mail.corp.local,9.29,https
2026-09-03 11:26:38.075631,u08,u08-laptop,workday.corp.local,3.04,https
2026-09-03 11:27:02.362794,u02,u02-laptop,github.corp.local,8.49,https
2026-09-03 11:27:08.478927,u15,u15-laptop,mail.corp.local,8.64,https
2026-09-03 11:27:14.081228,u01,u01-laptop,mail.corp.local,2.5,https
2026-09-03 11:27:16.645222,u01,u01-laptop,erp.corp.local,4.26,https
2026-09-03 11:28:18.839877,u07,u07-laptop,github.corp.local,7.45,https
2026-09-03 11:28:58.173630,u14,u14-laptop,mail.corp.local,70.01,https
2026-09-03 11:29:12.135499,u08,u08-laptop,mail.corp.local,3.01,https
2026-09-03 11:29:27.472441,u08,u08-laptop,workday.corp.local,9.62,https
2026-09-03 11:31:15.668738,u13,u13-laptop,workday.corp.local,3.66,https
2026-09-03 11:31:30.570672,u02,u02-laptop,github.corp.local,3.72,https
2026-09-03 11:31:45.592514,u03,u03-laptop,mail.corp.local,64.73,https
2026-09-03 11:33:36.120116,u11,u11-laptop,erp.corp.local,10.45,https
2026-09-03 11:38:40.312213,u02,u02-laptop,jira.corp.local,1.4,https
2026-09-03 11:44:30.643138,u11,u11-laptop,erp.corp.local,5.48,https
2026-09-03 11:47:54.205595,u02,u02-laptop,github.corp.local,1.75,https
2026-09-03 11:49:20.648385,u02,u02-laptop,jira.corp.local,2.52,https
2026-09-03 11:53:16.108353,u13,u13-laptop,mail.corp.local,2.68,https
2026-09-03 11:54:25.059907,u05,u05-laptop,adminportal.corp.local,9.8,https
2026-09-03 11:58:23.757031,u13,u13-laptop,mail.corp.local,5.15,https
2026-09-03 12:00:18.212822,u07,u07-laptop,github.corp.local,4.51,https
2026-09-03 12:05:52.746475,u13,u13-laptop,workday.corp.local,7.08,https
2026-09-03 12:06:50.315343,u07,u07-laptop,jira.corp.local,30.4,https
2026-09-03 12:16:55.075690,u08,u08-laptop,mail.corp.local,9.56,https
2026-09-03 12:24:13.723536,u11,u11-laptop,erp.corp.local,3.22,https
2026-09-03 12:24:34.320562,u05,u05-laptop,adminportal.corp.local,16.89,https
2026-09-03 12:33:06.068630,u11,u11-laptop,erp.corp.local,6.3,https
2026-09-03 12:36:06.936521,u06,u06-laptop,mail.corp.local,55.59,https
2026-09-03 12:40:49.283597,u12,u12-laptop,jira.corp.local,25.78,https
2026-09-03 12:43:50.958882,u12,u12-laptop,mail.corp.local,7.01,https
2026-09-03 13:11:44.196119,u13,u13-laptop,mail.corp.local,3.04,https
2026-09-03 13:16:43.198141,u05,u05-laptop,adminportal.corp.local,9.86,https
2026-09-03 13:29:47.929083,u12,u12-laptop,github.corp.local,2.9,https
2026-09-03 13:30:03.718212,u13,u13-laptop,workday.corp.local,2.85,https
2026-09-03 13:30:37.300751,u12,u12-laptop,github.corp.local,6.01,https
2026-09-03 13:34:26.987497,u13,u13-laptop,mail.corp.local,2.54,https
2026-09-03 13:35:46.017429,u12,u12-laptop,mail.corp.local,34.17,https
2026-09-03 13:45:33.578964,u12,u12-laptop,mail.corp.local,4.81,https
2026-09-03 13:48:28.427135,u12,u12-laptop,mail.corp.local,5.58,https
2026-09-03 13:55:07.615067,u12,u12-laptop,jira.corp.local,5.59,https
2026-09-03 13:55:46.887720,u13,u13-laptop,workday.corp.local,2.41,https
2026-09-03 14:28:01.783438,u13,u13-laptop,workday.corp.local,2.84,https
2026-09-03 20:45:31.749232,u10,u10-laptop,mail.corp.local,13.12,https
2026-09-03 21:26:47.519102,u10,u10-laptop,adminportal.corp.local,15.11,https
2026-09-03 22:00:55.024439,u10,u10-laptop,adminportal.corp.local,3.63,https
2026-09-03 22:05:37.855973,u10,u10-laptop,mail.corp.local,5.6,https
2026-09-03 22:36:27.585903,u10,u10-laptop,mail.corp.local,8.03,https
2026-09-03 22:42:51.225736,u10,u10-laptop,adminportal.corp.local,21.39,https
2026-09-03 22:57:04.497848,u10,u10-laptop,mail.corp.local,8.63,https
2026-09-03 23:23:43.430852,u10,u10-laptop,mail.corp.local,8.7,https
2026-09-03 23:49:16.902156,u10,u10-laptop,adminportal.corp.local,21.99,https
2026-09-03 23:49:26.812448,u10,u10-laptop,mail.corp.local,20.62,https
2026-09-04 04:00:28.566460,u09,u09-laptop,salesforce.corp.local,77.5,https
2026-09-04 04:21:28.830941,u09,u09-laptop,salesforce.corp.local,77.5,https
2026-09-04 04:27:01.062738,u09,u09-laptop,mail.corp.local,77.5,https
2026-09-04 04:42:39.194042,u09,u09-laptop,mail.corp.local,77.5,https
2026-09-04 07:22:24.947826,u06,u06-laptop,erp.corp.local,21.38,https
2026-09-04 07:45:00.457806,u06,u06-laptop,erp.corp.local,33.96,https
2026-09-04 07:49:32.148968,u06,u06-laptop,erp.corp.local,22.13,https
2026-09-04 08:06:49.542337,u06,u06-laptop,erp.corp.local,47.67,https
2026-09-04 08:15:53.921695,u03,u03-laptop,mail.corp.local,5.6,https
2026-09-04 08:16:09.311031,u03,u03-laptop,workday.corp.local,1.04,https
2026-09-04 08:16:42.540578,u03,u03-laptop,mail.corp.local,2.67,https
2026-09-04 08:24:53.128005,u04,u04-laptop,salesforce.corp.local,2.27,https
2026-09-04 08:27:33.873171,u03,u03-laptop,mail.corp.local,1.6,https
2026-09-04 08:27:48.011382,u04,u04-laptop,salesforce.corp.local,2.79,https
2026-09-04 08:37:07.805130,u03,u03-laptop,mail.corp.local,1.92,https
2026-09-04 08:38:38.993395,u15,u15-laptop,mail.corp.local,15.07,https
2026-09-04 08:40:05.042053,u06,u06-laptop,mail.corp.local,27.06,https
2026-09-04 08:43:59.899275,u03,u03-laptop,workday.corp.local,5.07,https
2026-09-04 08:45:52.582194,u15,u15-laptop,mail.corp.local,7.68,https
2026-09-04 08:52:59.220891,u03,u03-laptop,workday.corp.local,4.7,https
2026-09-04 08:55:03.537670,u04,u04-laptop,mail.corp.local,1.86,https
2026-09-04 08:56:59.565244,u03,u03-laptop,workday.corp.local,4.79,https
2026-09-04 08:58:14.245905,u03,u03-laptop,mail.corp.local,29.49,https
2026-09-04 08:59:03.548283,u12,u12-laptop,mail.corp.local,4.82,https
2026-09-04 09:04:12.754274,u12,u12-laptop,github.corp.local,9.84,https
2026-09-04 09:05:03.355486,u03,u03-laptop,mail.corp.local,1.84,https
2026-09-04 09:06:13.749193,u03,u03-laptop,workday.corp.local,1.69,https
2026-09-04 09:06:23.567052,u13,u13-mobile,mail.corp.local,21.68,https
2026-09-04 09:06:36.150067,u04,u04-laptop,salesforce.corp.local,0.41,https
2026-09-04 09:08:32.843001,u03,u03-laptop,mail.corp.local,6.75,https
2026-09-04 09:09:38.616621,u12,u12-laptop,mail.corp.local,4.57,https
2026-09-04 09:10:35.493900,u06,u06-laptop,mail.corp.local,27.73,https
2026-09-04 09:15:42.938073,u15,u15-laptop,mail.corp.local,20.06,https
2026-09-04 09:18:21.357761,u03,u03-laptop,mail.corp.local,2.2,https
2026-09-04 09:20:49.064787,u03,u03-laptop,mail.corp.local,2.12,https
2026-09-04 09:21:18.082064,u06,u06-laptop,sap.corp.local,33.22,https
2026-09-04 09:22:12.050958,u12,u12-laptop,mail.corp.local,6.07,https
2026-09-04 09:23:38.635449,u15,u15-laptop,mail.corp.local,11.82,https
2026-09-04 09:23:48.846054,u03,u03-laptop,mail.corp.local,7.65,https
2026-09-04 09:24:05.736975,u13,u13-mobile,workday.corp.local,23.17,https
2026-09-04 09:24:57.782796,u04,u04-laptop,salesforce.corp.local,1.29,https
2026-09-04 09:26:11.990059,u04,u04-laptop,mail.corp.local,2.11,https
2026-09-04 09:26:48.730721,u08,u08-laptop,mail.corp.local,15.77,https
2026-09-04 09:27:00.273393,u04,u04-laptop,mail.corp.local,1.42,https
2026-09-04 09:27:15.464146,u03,u03-laptop,workday.corp.local,1.25,https
2026-09-04 09:27:31.069733,u06,u06-laptop,sap.corp.local,29.37,https
2026-09-04 09:28:25.800659,u13,u13-mobile,workday.corp.local,22.91,https
2026-09-04 09:28:51.792083,u13,u13-mobile,workday.corp.local,24.48,https
2026-09-04 09:29:00.667591,u08,u08-laptop,mail.corp.local,20.16,https
2026-09-04 09:29:27.134193,u03,u03-laptop,workday.corp.local,4.28,https
2026-09-04 09:29:48.498016,u15,u15-laptop,mail.corp.local,14.2,https
2026-09-04 09:34:30.407125,u04,u04-laptop,mail.corp.local,1.63,https
2026-09-04 09:35:20.868583,u13,u13-mobile,mail.corp.local,17.44,https
2026-09-04 09:35:28.808797,u01,u01-mobile,mail.corp.local,7.36,https
2026-09-04 09:37:14.515519,u04,u04-laptop,salesforce.corp.local,1.42,https
2026-09-04 09:37:38.263096,u01,u01-mobile,erp.corp.local,2.88,https
2026-09-04 09:38:05.037730,u12,u12-laptop,github.corp.local,8.42,https
2026-09-04 09:40:41.190443,u03,u03-laptop,workday.corp.local,1.72,https
2026-09-04 09:42:03.927440,u03,u03-laptop,mail.corp.local,1.87,https
2026-09-04 09:42:07.761397,u03,u03-laptop,workday.corp.local,1.85,https
2026-09-04 09:42:16.889779,u13,u13-mobile,workday.corp.local,7.81,https
2026-09-04 09:44:56.504517,u01,u01-mobile,sap.corp.local,10.17,https
2026-09-04 09:45:11.755697,u04,u04-laptop,mail.corp.local,7.55,https
2026-09-04 09:45:32.182694,u02,u02-laptop,github.corp.local,28.76,https
2026-09-04 09:46:43.773460,u04,u04-laptop,salesforce.corp.local,3.06,https
2026-09-04 09:50:22.799612,u05,u05-mobile,adminportal.corp.local,9.28,https
2026-09-04 09:50:28.006250,u04,u04-laptop,salesforce.corp.local,1.3,https
2026-09-04 09:54:57.130909,u04,u04-laptop,mail.corp.local,2.99,https
2026-09-04 09:56:09.414740,u13,u13-mobile,workday.corp.local,9.02,https
2026-09-04 09:59:24.288820,u13,u13-mobile,workday.corp.local,12.89,https
2026-09-04 10:03:28.354028,u03,u03-laptop,workday.corp.local,8.12,https
2026-09-04 10:05:28.183320,u03,u03-laptop,mail.corp.local,2.39,https
2026-09-04 10:08:38.336216,u12,u12-laptop,mail.corp.local,7.02,https
2026-09-04 10:08:47.910300,u04,u04-laptop,mail.corp.local,1.87,https
2026-09-04 10:09:29.255273,u05,u05-mobile,adminportal.corp.local,13.28,https
2026-09-04 10:09:41.125464,u04,u04-laptop,salesforce.corp.local,2.63,https
2026-09-04 10:12:43.362218,u05,u05-mobile,adminportal.corp.local,15.22,https
2026-09-04 10:13:22.420689,u04,u04-laptop,mail.corp.local,7.14,https
2026-09-04 10:16:20.614595,u03,u03-laptop,mail.corp.local,6.84,https
2026-09-04 10:18:32.009908,u13,u13-mobile,mail.corp.local,3.53,https
2026-09-04 10:18:52.774594,u03,u03-laptop,mail.corp.local,4.73,https
2026-09-04 10:21:05.836931,u05,u05-mobile,mail.corp.local,7.94,https
2026-09-04 10:22:21.250874,u03,u03-laptop,mail.corp.local,12.12,https
2026-09-04 10:23:53.856902,u01,u01-mobile,sap.corp.local,7.84,https
2026-09-04 10:26:20.471463,u11,u11-laptop,sap.corp.local,78.46,https
2026-09-04 10:26:34.995376,u11,u11-laptop,erp.corp.local,81.09,https
2026-09-04 10:27:23.294433,u02,u02-laptop,github.corp.local,28.9,https
2026-09-04 10:27:37.794716,u03,u03-laptop,workday.corp.local,7.41,https
2026-09-04 10:31:51.409275,u13,u13-mobile,mail.corp.local,5.73,https
2026-09-04 10:33:42.099369,u05,u05-mobile,mail.corp.local,16.05,https
2026-09-04 10:34:14.134536,u05,u05-mobile,adminportal.corp.local,70.96,https
2026-09-04 10:34:31.878463,u04,u04-laptop,mail.corp.local,6.97,https
2026-09-04 10:39:15.585474,u01,u01-mobile,sap.corp.local,13.02,https
2026-09-04 10:41:02.261096,u01,u01-mobile,mail.corp.local,8.83,https
2026-09-04 10:41:19.263005,u01,u01-mobile,mail.corp.local,15.09,https
2026-09-04 10:43:38.109346,u13,u13-mobile,workday.corp.local,7.72,https
2026-09-04 10:44:32.932072,u04,u04-laptop,mail.corp.local,3.51,https
2026-09-04 10:50:53.508662,u13,u13-mobile,mail.corp.local,6.78,https
2026-09-04 10:51:01.912630,u03,u03-laptop,workday.corp.local,24.34,https
2026-09-04 10:51:25.047747,u13,u13-mobile,workday.corp.local,23.82,https
2026-09-04 10:51:57.952660,u15,u15-laptop,mail.corp.local,16.62,https
2026-09-04 10:53:05.782715,u14,u14-laptop,salesforce.corp.local,19.42,https
2026-09-04 10:53:34.535689,u04,u04-laptop,mail.corp.local,2.25,https
2026-09-04 10:59:08.443450,u14,u14-laptop,salesforce.corp.local,9.71,https
2026-09-04 10:59:41.191925,u02,u02-laptop,jira.corp.local,24.18,https
2026-09-04 11:00:31.664242,u05,u05-mobile,mail.corp.local,73.97,https
2026-09-04 11:00:38.483482,u01,u01-mobile,sap.corp.local,6.97,https
2026-09-04 11:03:51.705874,u04,u04-laptop,salesforce.corp.local,3.88,https
2026-09-04 11:04:27.696581,u04,u04-laptop,mail.corp.local,2.34,https
2026-09-04 11:07:45.532984,u04,u04-laptop,salesforce.corp.local,1.92,https
2026-09-04 11:17:06.080052,u15,u15-laptop,adminportal.corp.local,5.8,https
2026-09-04 11:18:12.149529,u03,u03-laptop,mail.corp.local,4.16,https
2026-09-04 11:20:49.686871,u11,u11-laptop,sap.corp.local,76.66,https
2026-09-04 11:20:50.396524,u08,u08-laptop,workday.corp.local,11.69,https
2026-09-04 11:22:38.768493,u15,u15-laptop,mail.corp.local,45.31,https
2026-09-04 11:23:02.898615,u13,u13-mobile,mail.corp.local,2.91,https
2026-09-04 11:25:01.716811,u14,u14-laptop,mail.corp.local,18.95,https
2026-09-04 11:25:17.620218,u03,u03-laptop,workday.corp.local,8.47,https
2026-09-04 11:25:32.197941,u04,u04-laptop,mail.corp.local,6.82,https
2026-09-04 11:33:36.044926,u15,u15-laptop,adminportal.corp.local,7.92,https
2026-09-04 11:33:42.333236,u01,u01-mobile,erp.corp.local,112.87,https
2026-09-04 11:33:44.388391,u13,u13-mobile,mail.corp.local,6.2,https
2026-09-04 11:34:13.526049,u05,u05-mobile,mail.corp.local,28.66,https
2026-09-04 11:40:22.158282,u01,u01-mobile,erp.corp.local,22.92,https
2026-09-04 11:41:16.923036,u08,u08-laptop,mail.corp.local,15.47,https
2026-09-04 11:43:31.448454,u08,u08-laptop,mail.corp.local,38.68,https
2026-09-04 11:43:42.778211,u08,u08-laptop,workday.corp.local,18.36,https
2026-09-04 11:45:36.259675,u15,u15-laptop,adminportal.corp.local,10.55,https
2026-09-04 11:50:25.562716,u14,u14-laptop,mail.corp.local,17.87,https
2026-09-04 11:52:33.115894,u13,u13-mobile,mail.corp.local,5.95,https
2026-09-04 11:56:02.573305,u08,u08-laptop,workday.corp.local,20.0,https
2026-09-04 11:57:55.969591,u13,u13-mobile,mail.corp.local,6.39,https
2026-09-04 11:58:02.165225,u05,u05-mobile,adminportal.corp.local,26.39,https
2026-09-04 12:02:51.589446,u04,u04-laptop,mail.corp.local,8.17,https
2026-09-04 12:11:51.796745,u03,u03-laptop,mail.corp.local,5.54,https
2026-09-04 12:13:48.081905,u04,u04-laptop,salesforce.corp.local,6.95,https
2026-09-04 12:17:55.038433,u15,u15-laptop,adminportal.corp.local,15.92,https
2026-09-04 12:21:29.944350,u08,u08-laptop,mail.corp.local,16.78,https
2026-09-04 12:30:17.891297,u05,u05-mobile,adminportal.corp.local,34.78,https
2026-09-04 12:32:19.706879,u07,u07-laptop,jira.corp.local,98.5,https
2026-09-04 12:32:55.731666,u07,u07-laptop,jira.corp.local,45.83,https
2026-09-04 13:34:19.752141,u07,u07-laptop,github.corp.local,51.93,https
